{
    "train_loss": [
        2.3496601214090984,
        2.0202187146080863,
        1.8534541152954103,
        1.737260085021125,
        1.6562199529859756,
        1.5568744956546359,
        1.519766644499037,
        1.4606728576660157,
        1.4318826244566176,
        1.3747328349431356,
        1.3291397310468887,
        1.2946328027937148,
        1.286658308919271,
        1.247968997806973,
        1.252172910308838,
        1.1677517978456284,
        1.1480949488639831,
        1.1201191593170166,
        1.071432270050049,
        1.0825997539520265,
        1.0683127885394625,
        1.0027181221432155,
        0.9875202617327372,
        0.9763314822302924,
        0.962885868136088,
        0.9291830302768284,
        0.9395913103739421,
        0.9106082446522182,
        0.8719377968258328,
        0.8530469841851128,
        0.8277750070783827,
        0.8289059484587775,
        0.8193116095225016,
        0.78422533331977,
        0.7827499932712979,
        0.7806415702607896
    ],
    "train_acc": [
        0.09192557464614609,
        0.27874057565781113,
        0.36956994085913164,
        0.4331494865457861,
        0.47397567352652575,
        0.5227872952600201,
        0.546208553399902,
        0.5731781083267903,
        0.5885806970556687,
        0.6153684326474721,
        0.6373499805024516,
        0.6551631879625319,
        0.6586785903901644,
        0.6799255627846326,
        0.6810479477286421,
        0.7172922779442896,
        0.725270595730633,
        0.7402021014621819,
        0.7613764536195675,
        0.7625513029985894,
        0.7701258786889084,
        0.7964237021828198,
        0.8055275806879154,
        0.8126637582811377,
        0.8205585302618478,
        0.8319410558166143,
        0.8310565083348451,
        0.8436460428263489,
        0.8609319264141663,
        0.8671349614437349,
        0.8799230129608097,
        0.881131824475645,
        0.886080445644296,
        0.8971041922132598,
        0.8996616871370491,
        0.9025228138748438
    ],
    "val_loss": [
        2.331951821899414,
        1.878069783782959,
        1.7601758121490478,
        1.6122987728118896,
        1.5185244136810303,
        1.457245484161377,
        1.4308797834396363,
        1.3905431335449219,
        1.382129559326172,
        1.3740773147583007,
        1.3153428312301636,
        1.3198166835784912,
        1.2902947914123535,
        1.2664125362396241,
        1.254970188331604,
        1.2608592990875245,
        1.2634295011520387,
        1.2517692792892456,
        1.235469291114807,
        1.2340146991729737,
        1.2469070728302003,
        1.2385756870269775,
        1.2580600975036622,
        1.253785947418213,
        1.2562278816223145,
        1.2491482276916503,
        1.2841099576950072,
        1.2693437335968019,
        1.311388692855835,
        1.328308479309082,
        1.328111197280884,
        1.3625476932525635,
        1.327649617767334,
        1.3723546117782592,
        1.3466521213531495,
        1.358374142074585
    ],
    "val_acc": [
        0.0764,
        0.3466,
        0.416,
        0.4866,
        0.5284,
        0.5616,
        0.5754,
        0.5896,
        0.5942,
        0.6044,
        0.6326,
        0.6248,
        0.6382,
        0.65,
        0.6546,
        0.6534,
        0.6646,
        0.6706,
        0.675,
        0.6736,
        0.6756,
        0.6806,
        0.6788,
        0.6736,
        0.68,
        0.6874,
        0.683,
        0.68,
        0.678,
        0.6774,
        0.671,
        0.6766,
        0.6842,
        0.6796,
        0.6792,
        0.675
    ],
    "lr": [
        6.360400797279298e-05,
        0.00012720801594558596,
        0.00019081202391837894,
        0.0002544160318911719,
        0.0003180200398639649,
        0.0003816240478367579,
        0.00044522805580955087,
        0.0005088320637823439,
        0.0005087371363935749,
        0.0005084524250656431,
        0.0005079781422608113,
        0.0005073146419066826,
        0.0005064624191320868,
        0.0005054221098975965,
        0.0005041944905209491,
        0.0005027804770977301,
        0.0005011811248177476,
        0.0004993976271776104,
        0.0004974313150900965,
        0.0004952836558909753,
        0.0004929562522440274,
        0.0004904508409450764,
        0.0004877692916259265,
        0.00048491360535917415,
        0.00048188591316493173,
        0.00047868847442058085,
        0.0004753236751747404,
        0.0004717940263667074,
        0.00046810216195270035,
        0.00046425083694030166,
        0.00046024292533256863,
        0.00045608141798334417,
        0.00045176942036536977,
        0.000447310150252865,
        0.0004427069353203043,
        0.0004379632106591812
    ],
    "epoch_times": [
        6.3130738735198975,
        5.907346725463867,
        5.856443881988525,
        5.901366233825684,
        5.943697214126587,
        5.856203556060791,
        5.9190003871917725,
        5.928390741348267,
        5.857932090759277,
        5.908926725387573,
        5.859178781509399,
        5.864926815032959,
        5.821481943130493,
        5.8500940799713135,
        5.8680737018585205,
        5.856204032897949,
        5.82643723487854,
        5.846494197845459,
        5.813003778457642,
        5.851752042770386,
        5.9575417041778564,
        5.832906007766724,
        5.898357152938843,
        5.818399429321289,
        5.835739374160767,
        5.857921361923218,
        5.870927333831787,
        5.831916332244873,
        5.866773366928101,
        5.8828794956207275,
        5.854856014251709,
        5.821824789047241,
        5.867990732192993,
        5.869837045669556,
        5.8476362228393555,
        5.825655698776245
    ],
    "detailed_epochs": [
        {
            "epoch": 1,
            "train_loss": 2.3496601214090984,
            "train_acc": 0.09192557464614609,
            "val_loss": 2.331951821899414,
            "val_acc": 0.0764,
            "train_val_gap": 0.015525574646146095,
            "lr": 6.360400797279298e-05,
            "time_seconds": 6.3130738735198975
        },
        {
            "epoch": 2,
            "train_loss": 2.0202187146080863,
            "train_acc": 0.27874057565781113,
            "val_loss": 1.878069783782959,
            "val_acc": 0.3466,
            "train_val_gap": -0.06785942434218889,
            "lr": 0.00012720801594558596,
            "time_seconds": 5.907346725463867
        },
        {
            "epoch": 3,
            "train_loss": 1.8534541152954103,
            "train_acc": 0.36956994085913164,
            "val_loss": 1.7601758121490478,
            "val_acc": 0.416,
            "train_val_gap": -0.04643005914086834,
            "lr": 0.00019081202391837894,
            "time_seconds": 5.856443881988525
        },
        {
            "epoch": 4,
            "train_loss": 1.737260085021125,
            "train_acc": 0.4331494865457861,
            "val_loss": 1.6122987728118896,
            "val_acc": 0.4866,
            "train_val_gap": -0.053450513454213866,
            "lr": 0.0002544160318911719,
            "time_seconds": 5.901366233825684
        },
        {
            "epoch": 5,
            "train_loss": 1.6562199529859756,
            "train_acc": 0.47397567352652575,
            "val_loss": 1.5185244136810303,
            "val_acc": 0.5284,
            "train_val_gap": -0.05442432647347423,
            "lr": 0.0003180200398639649,
            "time_seconds": 5.943697214126587
        },
        {
            "epoch": 6,
            "train_loss": 1.5568744956546359,
            "train_acc": 0.5227872952600201,
            "val_loss": 1.457245484161377,
            "val_acc": 0.5616,
            "train_val_gap": -0.038812704739979886,
            "lr": 0.0003816240478367579,
            "time_seconds": 5.856203556060791
        },
        {
            "epoch": 7,