{
    "train_loss": [
        2.4021060236189102,
        1.8403335436079238,
        1.650340150112576,
        1.5686651486290826,
        1.507780470636156,
        1.480989437230428,
        1.4271254307005141,
        1.3901484306759304,
        1.3663663609822592,
        1.3210227194680109,
        1.3317751786549885,
        1.2876761656019422,
        1.251037549771203,
        1.2328483404159545,
        1.1968959189944797,
        1.2027272428618536,
        1.147776953570048,
        1.16325117181672,
        1.1041678560998704,
        1.0916495309405856,
        1.089356739563412,
        1.0789530937300789,
        1.0501033054775661,
        1.0350238046646119,
        1.015116092660692,
        1.0466382844712998,
        0.9881458631939358,
        1.0020513325585259,
        0.9498671007156372,
        0.9819456678602431,
        0.9813567736784617
    ],
    "train_acc": [
        0.09973333333333333,
        0.3763362531956765,
        0.46870425191493137,
        0.5081163757892475,
        0.5370031042804028,
        0.5543001974346263,
        0.5755744874494608,
        0.5938739971517509,
        0.60489052509658,
        0.6258542653595601,
        0.6217054547942602,
        0.6437526747237149,
        0.6610247991294323,
        0.6700027599278685,
        0.6845852978337048,
        0.6841920530455341,
        0.7068823047233305,
        0.7038191290266906,
        0.7272691723826207,
        0.7339551159644045,
        0.7343949503722607,
        0.7417250013370279,
        0.7527353076111412,
        0.7617024307906167,
        0.7695908905452669,
        0.7558237483696323,
        0.7825167042315975,
        0.7758075387410674,
        0.7949224692963662,
        0.7858680572806077,
        0.7864551856724945
    ],
    "val_loss": [
        2.3953871589660642,
        1.4681884170532227,
        1.3518248966217041,
        1.3512726621627809,
        1.2102057498931884,
        1.2167990703582763,
        1.1602197801589966,
        1.1423122917175292,
        1.143254418182373,
        1.0885669201850892,
        1.0829618206977845,
        1.0660016275405884,
        1.0820746846199036,
        1.076109520149231,
        1.0471263027191162,
        1.0534387712478637,
        1.0453851160049439,
        1.0939997555732728,
        1.0716175275802613,
        1.0661168468475342,
        1.0664716506958007,
        1.0762072374343872,
        1.0666264200210571,
        1.0719990713119507,
        1.094205239677429,
        1.1275743410110473,
        1.1018370616912843,
        1.1491044330596925,
        1.129052735519409,
        1.1423434516906739,
        1.1385091384887696
    ],
    "val_acc": [
        0.1024,
        0.532,
        0.5752,
        0.5862,
        0.645,
        0.6408,
        0.6656,
        0.6704,
        0.6658,
        0.696,
        0.6942,
        0.6952,
        0.696,
        0.6964,
        0.7162,
        0.7098,
        0.7194,
        0.6994,
        0.7062,
        0.712,
        0.718,
        0.712,
        0.7234,
        0.7238,
        0.7188,
        0.7136,
        0.7254,
        0.7088,
        0.7202,
        0.7128,
        0.7242
    ],
    "lr": [
        7.517925908146869e-05,
        0.00015035851816293737,
        0.00022553777724440606,
        0.00022549992677593252,
        0.00022538640077925676,
        0.00022519727546355692,
        0.00022493267778728553,
        0.00022459278537294343,
        0.0002241778263878429,
        0.0002236880793909407,
        0.00022312387314584335,
        0.00022248558640011062,
        0.00022177364763100506,
        0.00022098853475785823,
        0.00022013077482124695,
        0.0002192009436291947,
        0.00021819966537063614,
        0.00021712761219640328,
        0.00021598550376801575,
        0.00021477410677457701,
        0.0002134942344181018,
        0.00021214674586761918,
        0.00021073254568241897,
        0.0002092525832048274,
        0.0002077078519229205,
        0.00020609938880360298,
        0.00020442827359649953,
        0.00020269562810912707,
        0.00020090261545383325,
        0.0001990504392670077,
        0.00019714034290108968
    ],
    "epoch_times": [
        90.31578373908997,
        90.01689553260803,
        90.16322612762451,
        90.09554409980774,
        90.1787805557251,
        90.19504022598267,
        90.0836341381073,
        90.08198833465576,
        90.0846905708313,
        90.09669280052185,
        90.147127866745,
        90.2183198928833,
        90.17287707328796,
        90.09438633918762,
        90.0551962852478,
        90.08373069763184,
        90.05823826789856,
        90.17038559913635,
        90.17108225822449,
        90.10228037834167,
        90.12742018699646,
        90.11349272727966,
        90.04671430587769,
        90.18813443183899,
        90.17301869392395,
        90.26318025588989,
        90.18599915504456,
        90.1670126914978,
        90.08047795295715,
        90.12877154350281,
        90.0689628124237
    ],
    "detailed_epochs": [
        {
            "epoch": 1,
            "train_loss": 2.4021060236189102,
            "train_acc": 0.09973333333333333,
            "val_loss": 2.3953871589660642,
            "val_acc": 0.1024,
            "train_val_gap": -0.0026666666666666783,
            "lr": 7.517925908146869e-05,
            "time_seconds": 90.31578373908997
        },
        {
            "epoch": 2,
            "train_loss": 1.8403335436079238,
            "train_acc": 0.3763362531956765,
            "val_loss": 1.4681884170532227,
            "val_acc": 0.532,
            "train_val_gap": -0.15566374680432354,
            "lr": 0.00015035851816293737,
            "time_seconds": 90.01689553260803
        },
        {
            "epoch": 3,
            "train_loss": 1.650340150112576,
            "train_acc": 0.46870425191493137,
            "val_loss": 1.3518248966217041,
            "val_acc": 0.5752,
            "train_val_gap": -0.10649574808506868,
            "lr": 0.00022553777724440606,
            "time_seconds": 90.16322612762451
        },
        {
            "epoch": 4,
            "train_loss": 1.5686651486290826,
            "train_acc": 0.5081163757892475,
            "val_loss": 1.3512726621627809,
            "val_acc": 0.5862,
            "train_val_gap": -0.07808362421075254,
            "lr": 0.00022549992677593252,
            "time_seconds": 90.09554409980774
        },
        {
            "epoch": 5,
            "train_loss": 1.507780470636156,
            "train_acc": 0.5370031042804028,
            "val_loss": 1.2102057498931884,
            "val_acc": 0.645,
            "train_val_gap": -0.10799689571959725,
            "lr": 0.00022538640077925676,
            "time_seconds": 90.1787805557251
        },
        {
            "epoch": 6,
            "train_loss": 1.480989437230428,
            "train_acc": 0.5543001974346263,
            "val_loss": 1.2167990703582763,
            "val_acc": 0.6408,
            "train_val_gap": -0.0864998025653737,
            "lr": 0.00022519727546355692,
            "time_seconds": 90.19504022598267
        },
        {
            "epoch": 7,
            "train_loss": 1.4271254307005141,
            "train_acc": 0.5755744874494608,
            "val_loss": 1.1602197801589966,
            "val_acc": 0.6656,
            "train_val_gap": -0.09002551255053914,
            "lr": 0.00022493267778728553,
            "time_seconds": 90.0836341381073
        },
        {
            "epoch": 8,
            "train_loss": 1.3901484306759304,
            "train_acc": 0.5938739971517509,
            "val_loss": 1.1423122917175292,
            "val_acc": 0.6704,
            "train_val_gap": -0.07652600284824906,
            "lr": 0.00022459278537294343,
            "time_seconds": 90.08198833465576
        },
        {
            "epoch": 9,
            "train_loss": 1.3663663609822592,
            "train_acc": 0.60489052509658,