{
    "train_loss": [
        2.3368775540245905,
        1.7134884281582303,
        1.4235139394972058,
        1.3166993309444852,
        1.2516753549575805,
        1.204612049929301,
        1.164865546713935,
        1.1417855126063028,
        1.1101274040857951,
        1.045356650797526,
        0.9681650936126709,
        0.8904258509741889,
        0.8073946800867716,
        0.7358904089079963,
        0.6614202866872152,
        0.5972205444441901,
        0.5434204921510485,
        0.49984933245976765,
        0.462680006758372
    ],
    "train_acc": [
        0.09928888888888888,
        0.3917111111111111,
        0.5156888888888889,
        0.5557333333333333,
        0.5824,
        0.6001777777777778,
        0.6167333333333334,
        0.6247333333333334,
        0.6386888888888889,
        0.6652,
        0.6946222222222223,
        0.7252444444444445,
        0.7584222222222222,
        0.7876666666666666,
        0.8161555555555555,
        0.8402444444444445,
        0.8626222222222222,
        0.8786222222222222,
        0.8933333333333333
    ],
    "val_loss": [
        2.334578212738037,
        1.5062630443572997,
        1.3834655982971191,
        1.338132534980774,
        1.312849060153961,
        1.3246210262298583,
        1.3709971599578858,
        1.3114012014389038,
        1.2955590147018432,
        1.2778092960357665,
        1.3025442640304565,
        1.2646537921905519,
        1.2742607919692994,
        1.321703871154785,
        1.3821236827850343,
        1.3906525972366333,
        1.4533927459716798,
        1.516516040802002,
        1.5202230707168578
    ],
    "val_acc": [
        0.1064,
        0.4772,
        0.5236,
        0.5486,
        0.5652,
        0.557,
        0.5462,
        0.557,
        0.5822,
        0.5878,
        0.5802,
        0.5918,
        0.5934,
        0.5866,
        0.5858,
        0.5906,
        0.5902,
        0.5916,
        0.5916
    ],
    "lr": [
        0.00012932066342701112,
        0.00025864132685402225,
        0.00038796199028103337,
        0.0005172826537080445,
        0.0006466033171350556,
        0.0007759239805620667,
        0.0009052446439890779,
        0.001034565307416089,
        0.0010342931431312117,
        0.001033476936670865,
        0.0010321175469165367,
        0.0010302164043331293,
        0.0010277755094637033,
        0.0010247974308243374,
        0.0010212853022013176,
        0.001017242819353504,
        0.0010126742361233375,
        0.0010075843599605904,
        0.0010019785468635587
    ],
    "epoch_times": [
        17.85967445373535,
        17.667548656463623,
        17.380094528198242,
        17.732553720474243,
        17.1448233127594,
        17.61995840072632,
        17.094741821289062,
        17.691081762313843,
        17.237956762313843,
        17.691412925720215,
        17.367014169692993,
        17.849266290664673,
        17.490913152694702,
        17.482064247131348,
        17.45583152770996,
        17.40702772140503,
        17.648159742355347,
        17.398407220840454,
        17.77597951889038
    ],
    "detailed_epochs": [
        {
            "epoch": 1,
            "train_loss": 2.3368775540245905,
            "train_acc": 0.09928888888888888,
            "val_loss": 2.334578212738037,
            "val_acc": 0.1064,
            "train_val_gap": -0.00711111111111111,
            "lr": 0.00012932066342701112,
            "time_seconds": 17.85967445373535
        },
        {
            "epoch": 2,
            "train_loss": 1.7134884281582303,
            "train_acc": 0.3917111111111111,
            "val_loss": 1.5062630443572997,
            "val_acc": 0.4772,
            "train_val_gap": -0.08548888888888889,
            "lr": 0.00025864132685402225,
            "time_seconds": 17.667548656463623
        },
        {
            "epoch": 3,
            "train_loss": 1.4235139394972058,
            "train_acc": 0.5156888888888889,
            "val_loss": 1.3834655982971191,
            "val_acc": 0.5236,
            "train_val_gap": -0.007911111111111091,
            "lr": 0.00038796199028103337,
            "time_seconds": 17.380094528198242
        },
        {
            "epoch": 4,
            "train_loss": 1.3166993309444852,
            "train_acc": 0.5557333333333333,
            "val_loss": 1.338132534980774,
            "val_acc": 0.5486,
            "train_val_gap": 0.007133333333333325,
            "lr": 0.0005172826537080445,
            "time_seconds": 17.732553720474243
        },
        {
            "epoch": 5,
            "train_loss": 1.2516753549575805,
            "train_acc": 0.5824,
            "val_loss": 1.312849060153961,
            "val_acc": 0.5652,
            "train_val_gap": 0.017199999999999993,
            "lr": 0.0006466033171350556,
            "time_seconds": 17.1448233127594
        },
        {
            "epoch": 6,
            "train_loss": 1.204612049929301,
            "train_acc": 0.6001777777777778,
            "val_loss": 1.3246210262298583,
            "val_acc": 0.557,
            "train_val_gap": 0.04317777777777776,
            "lr": 0.0007759239805620667,
            "time_seconds": 17.61995840072632
        },
        {
            "epoch": 7,
            "train_loss": 1.164865546713935,
            "train_acc": 0.6167333333333334,
            "val_loss": 1.3709971599578858,
            "val_acc": 0.5462,
            "train_val_gap": 0.07053333333333334,
            "lr": 0.0009052446439890779,
            "time_seconds": 17.094741821289062
        },
        {
            "epoch": 8,
            "train_loss": 1.1417855126063028,
            "train_acc": 0.6247333333333334,
            "val_loss": 1.3114012014389038,
            "val_acc": 0.557,
            "train_val_gap": 0.06773333333333331,
            "lr": 0.001034565307416089,
            "time_seconds": 17.691081762313843
        },
        {
            "epoch": 9,
            "train_loss": 1.1101274040857951,
            "train_acc": 0.6386888888888889,
            "val_loss": 1.2955590147018432,
            "val_acc": 0.5822,
            "train_val_gap": 0.05648888888888881,
            "lr": 0.0010342931431312117,
            "time_seconds": 17.237956762313843
        },
        {
            "epoch": 10,
            "train_loss": 1.045356650797526,
            "train_acc": 0.6652,
            "val_loss": 1.2778092960357665,
            "val_acc": 0.5878,
            "train_val_gap": 0.07740000000000002,
            "lr": 0.001033476936670865,
            "time_seconds": 17.691412925720215
        },
        {
            "epoch": 11,
            "train_loss": 0.9681650936126709,
            "train_acc": 0.6946222222222223,
            "val_loss": 1.3025442640304565,
            "val_acc": 0.5802,
            "train_val_gap": 0.1144222222222222,
            "lr": 0.0010321175469165367,
            "time_seconds": 17.367014169692993
        },
        {
            "epoch": 12,
            "train_loss": 0.8904258509741889,
            "train_acc": 0.7252444444444445,
            "val_loss": 1.2646537921905519,
            "val_acc": 0.5918,
            "train_val_gap": 0.13344444444444448,
            "lr": 0.0010302164043331293,
            "time_seconds": 17.849266290664673
        },
        {
            "epoch": 13,
            "train_loss": 0.8073946800867716,
            "train_acc": 0.7584222222222222,
            "val_loss": 1.2742607919692994,
            "val_acc": 0.5934,
            "train_val_gap": 0.16502222222222218,
            "lr": 0.0010277755094637033,
            "time_seconds": 17.490913152694702
        },
        {
            "epoch": 14,
            "train_loss": 0.7358904089079963,
            "train_acc": 0.7876666666666666,
            "val_loss": 1.321703871154785,
            "val_acc": 0.5866,
            "train_val_gap": 0.20106666666666662,
            "lr": 0.0010247974308243374,