{
    "train_loss": [
        2.3468988861931694,
        1.9683431511773004,
        1.8228008437262642,
        1.7069787310494318,
        1.6604658274332682,
        1.60648462761773,
        1.5882351275126139,
        1.5349319253497653,
        1.492787404039171,
        1.4421629684448243,
        1.4181631322013006,
        1.3639780044131808,
        1.3485972434573703,
        1.3303123424106174,
        1.2712152147716946,
        1.212443693669637,
        1.172691601117452,
        1.163538436296251,
        1.1264573784722223,
        1.1059965325885348,
        1.0717194385316637,
        1.0258640144772,
        1.0321614631970724,
        1.0261497024642097,
        0.9875495386123657,
        0.960323875257704,
        0.9742508014996847,
        0.8877422873920865,
        0.9133324546496073,
        0.8815668721834818,
        0.9180936206393772,
        0.8427355936792161,
        0.8624265388594733,
        0.8545212927712335,
        0.8888568342579736
    ],
    "train_acc": [
        0.08303195944878405,
        0.3072009891124071,
        0.37806978600515045,
        0.43435423247642974,
        0.45923057559475905,
        0.4876033015604777,
        0.4969814079375534,
        0.5200853285003909,
        0.5416734670722491,
        0.5643045113949997,
        0.5777010471935593,
        0.6021859737698313,
        0.6124264261102711,
        0.6224742979084346,
        0.6489297647438631,
        0.6750514782257708,
        0.6939222098181181,
        0.701838244291009,
        0.7179379236341361,
        0.7278815188203487,
        0.7455959624755888,
        0.7655819945991015,
        0.7650025134772521,
        0.7683479871773582,
        0.7855041074668232,
        0.7954754933390259,
        0.791997444044391,
        0.8252619323510597,
        0.8156559992783579,
        0.8286298079477589,
        0.8167628015337876,
        0.8464964569253786,
        0.837623804869377,
        0.8431593006962941,
        0.8313770570581672
    ],
    "val_loss": [
        2.3408484241485596,
        1.803003247833252,
        1.6320386758804322,
        1.5502485132217407,
        1.4778135158538819,
        1.443429050064087,
        1.4632518699645995,
        1.3950054992675782,
        1.39693693523407,
        1.3711287017822265,
        1.3514633554458617,
        1.2789281648635864,
        1.28749835395813,
        1.2928118091583252,
        1.2753502058982848,
        1.2804413330078126,
        1.2659058944702148,
        1.2585869283676148,
        1.2758585653305055,
        1.2834546904563904,
        1.2895550319671631,
        1.272472911834717,
        1.331492147254944,
        1.3107540417671204,
        1.3597009956359862,
        1.3708922019958496,
        1.2995696131706238,
        1.3934050743103028,
        1.3275351133346558,
        1.3478605072021483,
        1.4270341432571412,
        1.4042072074890137,
        1.4183976694107057,
        1.3793506360054015,
        1.3738298183441162
    ],
    "val_acc": [
        0.0778,
        0.3778,
        0.4582,
        0.4956,
        0.5276,
        0.5438,
        0.5468,
        0.5644,
        0.5664,
        0.5868,
        0.5992,
        0.6172,
        0.609,
        0.6218,
        0.6268,
        0.6282,
        0.633,
        0.6294,
        0.6356,
        0.6318,
        0.6318,
        0.6408,
        0.6252,
        0.6446,
        0.6418,
        0.6394,
        0.6474,
        0.6348,
        0.6438,
        0.6414,
        0.6336,
        0.6368,
        0.64,
        0.6382,
        0.6458
    ],
    "lr": [
        0.00012900449987675793,
        0.00025800899975351587,
        0.0003870134996302738,
        0.0005160179995070317,
        0.0006450224993837897,
        0.0007740269992605476,
        0.0007738519370406563,
        0.0007733269087567538,
        0.0007724523893928758,
        0.0007712291701116109,
        0.0007696583575383511,
        0.0007677413727601454,
        0.000765479950040068,
        0.0007628761352482595,
        0.0007599322840110641,
        0.0007566510595799348,
        0.0007530354304220359,
        0.0007490886675347217,
        0.0007448143414863214,
        0.0007402163191859087,
        0.0007352987603849741,
        0.0007300661139141704,
        0.0007245231136585328,
        0.0007186747742748134,
        0.0007125263866548092,
        0.000706083513138782,
        0.0006993519824833068,
        0.0006923378845880943,
        0.0006850475649865655,
        0.0006774876191051557,
        0.0006696648862965464,
        0.0006615864436522211,
        0.0006532595995999424,
        0.0006446918872919431,
        0.0006358910577898141
    ],
    "epoch_times": [
        6.354369401931763,
        5.718886137008667,
        6.512835264205933,
        6.208331823348999,
        5.921927452087402,
        5.9312591552734375,
        5.967707395553589,
        6.4845287799835205,
        6.458361625671387,
        6.540225267410278,
        6.6906890869140625,
        6.635582208633423,
        6.55594539642334,
        6.604032039642334,
        6.6635661125183105,
        6.710185289382935,
        6.520855665206909,
        6.534586668014526,
        6.640759229660034,
        6.769981622695923,
        6.7074058055877686,
        6.568591356277466,
        6.4436094760894775,
        6.553273677825928,
        6.028371095657349,
        5.885650396347046,
        6.0186607837677,
        6.697971820831299,
        6.502156734466553,
        5.950743675231934,
        5.99235200881958,
        5.8652589321136475,
        5.734345436096191,
        5.830824851989746,
        6.009899139404297
    ],
    "detailed_epochs": [
        {
            "epoch": 1,
            "train_loss": 2.3468988861931694,
            "train_acc": 0.08303195944878405,
            "val_loss": 2.3408484241485596,
            "val_acc": 0.0778,
            "train_val_gap": 0.00523195944878406,
            "lr": 0.00012900449987675793,
            "time_seconds": 6.354369401931763
        },
        {
            "epoch": 2,
            "train_loss": 1.9683431511773004,
            "train_acc": 0.3072009891124071,
            "val_loss": 1.803003247833252,
            "val_acc": 0.3778,
            "train_val_gap": -0.0705990108875929,
            "lr": 0.00025800899975351587,
            "time_seconds": 5.718886137008667
        },
        {
            "epoch": 3,
            "train_loss": 1.8228008437262642,
            "train_acc": 0.37806978600515045,
            "val_loss": 1.6320386758804322,
            "val_acc": 0.4582,
            "train_val_gap": -0.08013021399484954,
            "lr": 0.0003870134996302738,
            "time_seconds": 6.512835264205933
        },
        {
            "epoch": 4,
            "train_loss": 1.7069787310494318,
            "train_acc": 0.43435423247642974,
            "val_loss": 1.5502485132217407,
            "val_acc": 0.4956,
            "train_val_gap": -0.06124576752357025,
            "lr": 0.0005160179995070317,
            "time_seconds": 6.208331823348999
        },
        {
            "epoch": 5,
            "train_loss": 1.6604658274332682,
            "train_acc": 0.45923057559475905,
            "val_loss": 1.4778135158538819,
            "val_acc": 0.5276,
            "train_val_gap": -0.06836942440524091,
            "lr": 0.0006450224993837897,
            "time_seconds": 5.921927452087402
        },
        {
            "epoch": 6,
            "train_loss": 1.60648462761773,
            "train_acc": 0.4876033015604777,
            "val_loss": 1.443429050064087,
            "val_acc": 0.5438,
            "train_val_gap": -0.05619669843952224,
            "lr": 0.0007740269992605476,
            "time_seconds": 5.9312591552734375
        },
        {
            "epoch": 7,
            "train_loss": 1.5882351275126139,
            "train_acc": 0.4969814079375534,
            "val_loss": 1.4632518699645995,
            "val_acc": 0.5468,