{
    "trial_number": 50,
    "parameters": {
        "pe_type": "polynomial_rpe",
        "img_size": 32,
        "embed_dim": 192,
        "depth": 9,
        "num_heads": 12,
        "patch_size": 8,
        "polynomial_degree": 5,
        "mixup_alpha": 0.15000000000000002,
        "label_smoothing": 0.03,
        "drop_rate": 0.30000000000000004,
        "random_erasing_prob": 0.35000000000000003,
        "color_jitter_brightness": 0.0,
        "color_jitter_contrast": 0.15000000000000002,
        "weight_decay": 0.022822195890617927,
        "early_stopping_patience": 11,
        "early_stopping_delta": 0.0005461275676708404,
        "lr": 0.00014058912992315835,
        "warmup_epochs": 8,
        "lr_decay_factor": 0.95,
        "batch_size": 64,
        "device": "cuda",
        "num_workers": 4,
        "random_crop_padding": 4,
        "output_dir": "results/bo_results/polynomial_rpe/trial_50",
        "seed": 42,
        "mlp_ratio": 4.0,
        "epochs": 100,
        "checkpoint_dir": "results/bo_results/polynomial_rpe/trial_50/checkpoints"
    },
    "validation_accuracy": 0.6336,
    "best_epoch": 41,
    "early_stopped": true,
    "training_time": 767.8544888496399,
    "final_train_acc": 0.8683841818241789,
    "final_val_acc": 0.6336,
    "best_val_acc": 0.6394,
    "final_train_loss": 0.6455504433684879,
    "final_val_loss": 1.4846914630889894,
    "avg_train_val_gap": 0.10071835101388425
}