{
    "train_loss": [
        2.3307041653103298,
        2.0280667352252535,
        1.7230078580008612,
        1.5592725936041938,
        1.481866184531318,
        1.388339147928026,
        1.3618350500318739,
        1.3001500198364258,
        1.2687479546017117,
        1.209596368598938,
        1.1617194933573405,
        1.1154412796868218,
        1.1023607548183865,
        1.0581386415905423,
        1.062435478009118,
        0.9532810349782308,
        0.9240088541242811,
        0.9003045692443847,
        0.8394088356018067,
        0.8681953341166179,
        0.8566973537127177,
        0.7787573277049594,
        0.771395188999176,
        0.7771360739390055,
        0.7765300832536486,
        0.7463818934440613
    ],
    "train_acc": [
        0.10064444444444444,
        0.27652887295509254,
        0.4431497358095166,
        0.5180103298381699,
        0.5593891233087299,
        0.601848536005741,
        0.6159409104183835,
        0.646390123905893,
        0.6616785306701668,
        0.6858169576844748,
        0.7119552691384389,
        0.732813844071103,
        0.7431334514777556,
        0.7630578236291903,
        0.767254412495265,
        0.8122766945735167,
        0.8262106896036658,
        0.8388596341905024,
        0.8632174518068704,
        0.8574077520307918,
        0.8640556062145246,
        0.8928879638368205,
        0.9000900959362168,
        0.8987256209597134,
        0.9014732029470657,
        0.9119803110030268
    ],
    "val_loss": [
        2.3304904052734376,
        1.8367224300384521,
        1.5753145992279052,
        1.4585938158035279,
        1.4043756422042846,
        1.3471435203552247,
        1.3329653629302978,
        1.2946412227630615,
        1.3088592965126038,
        1.281762403678894,
        1.2800981798171998,
        1.262933869934082,
        1.264457696723938,
        1.276421452522278,
        1.2556998825073242,
        1.2847889087677002,
        1.3174047026634217,
        1.3068559549331664,
        1.3431842418670654,
        1.338588718318939,
        1.3818748752593994,
        1.3962032440185548,
        1.429945122909546,
        1.388317678451538,
        1.42302034368515,
        1.4796328063964843
    ],
    "val_acc": [
        0.0942,
        0.3772,
        0.507,
        0.5568,
        0.5824,
        0.6142,
        0.616,
        0.6362,
        0.635,
        0.6434,
        0.6528,
        0.6622,
        0.6612,
        0.6552,
        0.6634,
        0.6716,
        0.6584,
        0.6678,
        0.663,
        0.6678,
        0.6648,
        0.6576,
        0.664,
        0.6624,
        0.657,
        0.6544
    ],
    "lr": [
        6.360400797279298e-05,
        0.00012720801594558596,
        0.00019081202391837894,
        0.0002544160318911719,
        0.0003180200398639649,
        0.0003816240478367579,
        0.00044522805580955087,
        0.0005088320637823439,
        0.0005087371363935749,
        0.0005084524250656431,
        0.0005079781422608113,
        0.0005073146419066826,
        0.0005064624191320868,
        0.0005054221098975965,
        0.0005041944905209491,
        0.0005027804770977301,
        0.0005011811248177476,
        0.0004993976271776104,
        0.0004974313150900965,
        0.0004952836558909753,
        0.0004929562522440274,
        0.0004904508409450764,
        0.0004877692916259265,
        0.00048491360535917415,
        0.00048188591316493173,
        0.00047868847442058085
    ],
    "epoch_times": [
        8.066240549087524,
        7.50538969039917,
        7.504084825515747,
        7.339110374450684,
        7.471712112426758,
        7.514950513839722,
        7.510016441345215,
        7.480999708175659,
        7.4523351192474365,
        7.37270450592041,
        7.491005182266235,
        7.514395713806152,
        7.517552375793457,
        7.3641486167907715,
        7.439575910568237,
        7.5575292110443115,
        7.543410778045654,
        7.528676271438599,
        7.464892387390137,
        7.389033555984497,
        7.501283168792725,
        7.552425861358643,
        7.462596893310547,
        7.539283275604248,
        7.443095445632935,
        7.632415056228638
    ],
    "detailed_epochs": [
        {
            "epoch": 1,
            "train_loss": 2.3307041653103298,
            "train_acc": 0.10064444444444444,
            "val_loss": 2.3304904052734376,
            "val_acc": 0.0942,
            "train_val_gap": 0.006444444444444433,
            "lr": 6.360400797279298e-05,
            "time_seconds": 8.066240549087524
        },
        {
            "epoch": 2,
            "train_loss": 2.0280667352252535,
            "train_acc": 0.27652887295509254,
            "val_loss": 1.8367224300384521,
            "val_acc": 0.3772,
            "train_val_gap": -0.10067112704490744,
            "lr": 0.00012720801594558596,
            "time_seconds": 7.50538969039917
        },
        {
            "epoch": 3,
            "train_loss": 1.7230078580008612,
            "train_acc": 0.4431497358095166,
            "val_loss": 1.5753145992279052,
            "val_acc": 0.507,
            "train_val_gap": -0.0638502641904834,
            "lr": 0.00019081202391837894,
            "time_seconds": 7.504084825515747
        },
        {
            "epoch": 4,
            "train_loss": 1.5592725936041938,
            "train_acc": 0.5180103298381699,
            "val_loss": 1.4585938158035279,
            "val_acc": 0.5568,
            "train_val_gap": -0.0387896701618301,
            "lr": 0.0002544160318911719,
            "time_seconds": 7.339110374450684
        },
        {
            "epoch": 5,
            "train_loss": 1.481866184531318,
            "train_acc": 0.5593891233087299,
            "val_loss": 1.4043756422042846,
            "val_acc": 0.5824,
            "train_val_gap": -0.02301087669127011,
            "lr": 0.0003180200398639649,
            "time_seconds": 7.471712112426758
        },
        {
            "epoch": 6,
            "train_loss": 1.388339147928026,
            "train_acc": 0.601848536005741,
            "val_loss": 1.3471435203552247,
            "val_acc": 0.6142,
            "train_val_gap": -0.012351463994259015,
            "lr": 0.0003816240478367579,
            "time_seconds": 7.514950513839722
        },
        {
            "epoch": 7,
            "train_loss": 1.3618350500318739,
            "train_acc": 0.6159409104183835,
            "val_loss": 1.3329653629302978,
            "val_acc": 0.616,
            "train_val_gap": -5.908958161648936e-05,
            "lr": 0.00044522805580955087,
            "time_seconds": 7.510016441345215
        },
        {
            "epoch": 8,
            "train_loss": 1.3001500198364258,
            "train_acc": 0.646390123905893,
            "val_loss": 1.2946412227630615,
            "val_acc": 0.6362,
            "train_val_gap": 0.010190123905893023,
            "lr": 0.0005088320637823439,
            "time_seconds": 7.480999708175659
        },
        {
            "epoch": 9,
            "train_loss": 1.2687479546017117,
            "train_acc": 0.6616785306701668,
            "val_loss": 1.3088592965126038,
            "val_acc": 0.635,
            "train_val_gap": 0.02667853067016679,
            "lr": 0.0005087371363935749,
            "time_seconds": 7.4523351192474365
        },
        {
            "epoch": 10,
            "train_loss": 1.209596368598938,
            "train_acc": 0.6858169576844748,
            "val_loss": 1.281762403678894,
            "val_acc": 0.6434,
            "train_val_gap": 0.04241695768447484,
            "lr": 0.0005084524250656431,
            "time_seconds": 7.37270450592041
        },
        {
            "epoch": 11,
            "train_loss": 1.1617194933573405,
            "train_acc": 0.7119552691384389,
            "val_loss": 1.2800981798171998,
            "val_acc": 0.6528,
            "train_val_gap": 0.059155269138438826,