{
    "train_loss": [
        2.336867421722412,
        2.1775012054019505,
        2.045592842610677,
        1.929861264122857,
        1.8037007212744818,
        1.7008426877339682,
        1.6407684730529786,
        1.5771367903179592,
        1.5236311797671849,
        1.4746792671627469,
        1.4425496191448635,
        1.3989469151708815,
        1.3770907917658488,
        1.3386825630187988,
        1.2926593730290732,
        1.2756999737209744,
        1.2244471837361655,
        1.2175013167063395,
        1.1856384654574923,
        1.1428434495078192,
        1.1346331516159904,
        1.098551039038764,
        1.055567324866189,
        1.05168407052358,
        1.053470262781779,
        1.0007070481512281,
        1.0050962495274014,
        0.9390025801552666,
        0.9313107243008084,
        0.940907954788208
    ],
    "train_acc": [
        0.09928888888888888,
        0.18739785828295158,
        0.26786783477566917,
        0.32566658923157565,
        0.3845780656541772,
        0.43257326282243536,
        0.4642674736123959,
        0.4948229009452665,
        0.5165883491761041,
        0.5416658258423076,
        0.5564277521020068,
        0.5767216404688082,
        0.5879707087596344,
        0.6066775634110414,
        0.626246963428431,
        0.6363763346919475,
        0.6602180307101874,
        0.6627828910065148,
        0.6793766549499585,
        0.6977801788322505,
        0.7064936301400216,
        0.7200079415375366,
        0.7368554242990688,
        0.7430599170014102,
        0.7459895822002403,
        0.7692623182623214,
        0.7683282157161079,
        0.7931202964025946,
        0.7996394131627322,
        0.8013470057772016
    ],
    "val_loss": [
        2.3346634258270265,
        2.0872144590377806,
        1.949962536239624,
        1.8297293533325196,
        1.6853952333450317,
        1.606652653312683,
        1.5463709667205812,
        1.49725667552948,
        1.4733070095062255,
        1.4351925815582276,
        1.4126385633468628,
        1.4168092842102051,
        1.3883785942077638,
        1.3760828414916992,
        1.3612124435424804,
        1.3584140895843506,
        1.3572589628219605,
        1.3560316789627076,
        1.3503870548248291,
        1.3830548295974732,
        1.3875705430984497,
        1.3708707874298096,
        1.3810446329116821,
        1.395846713256836,
        1.3950642889022826,
        1.4101701635360717,
        1.4218460521697998,
        1.4556993577957154,
        1.455038218307495,
        1.4744326889038086
    ],
    "val_acc": [
        0.1064,
        0.2386,
        0.3128,
        0.3722,
        0.44,
        0.4664,
        0.4876,
        0.5086,
        0.5198,
        0.5418,
        0.5528,
        0.5546,
        0.561,
        0.5716,
        0.58,
        0.5802,
        0.5862,
        0.5822,
        0.5932,
        0.5798,
        0.5782,
        0.5868,
        0.5912,
        0.588,
        0.5918,
        0.5924,
        0.587,
        0.591,
        0.584,
        0.5868
    ],
    "lr": [
        6.432257337901647e-06,
        1.2864514675803294e-05,
        1.929677201370494e-05,
        2.5729029351606588e-05,
        3.216128668950823e-05,
        3.215416506749714e-05,
        3.213280650935825e-05,
        3.209722993318764e-05,
        3.204746685052654e-05,
        3.1983561338450374e-05,
        3.190557000052801e-05,
        3.181356191668578e-05,
        3.170761858202073e-05,
        3.158783383461732e-05,
        3.1454313772431385e-05,
        3.130717665931511e-05,
        3.114655282026619e-05,
        3.0972584525993974e-05,
        3.07854258669048e-05,
        3.0585242616618256e-05,
        3.0372212085135054e-05,
        3.014652296178677e-05,
        2.9908375148106453e-05,
        2.9657979580768146e-05,
        2.9395558044752165e-05,
        2.9121342976901607e-05,
        2.883557726004413e-05,
        2.8538514007861258e-05,
        2.823041634069589e-05,
        2.7911557152496483e-05
    ],
    "epoch_times": [
        19.990577220916748,
        19.227253675460815,
        19.868244171142578,
        19.228610038757324,
        19.987133979797363,
        19.17961597442627,
        19.673415422439575,
        19.207025051116943,
        19.721118688583374,
        19.521778345108032,
        19.996913194656372,
        19.295950889587402,
        19.95963454246521,
        19.314624071121216,
        19.727349758148193,
        19.13570809364319,
        19.832253456115723,
        19.374202013015747,
        20.063470602035522,
        19.587740659713745,
        19.83203363418579,
        19.237930059432983,
        19.94661283493042,
        19.1678626537323,
        19.881778717041016,
        19.277710914611816,
        19.605947494506836,
        19.379085302352905,
        19.599464893341064,
        19.30838370323181
    ],
    "detailed_epochs": [
        {
            "epoch": 1,
            "train_loss": 2.336867421722412,
            "train_acc": 0.09928888888888888,
            "val_loss": 2.3346634258270265,
            "val_acc": 0.1064,
            "train_val_gap": -0.00711111111111111,
            "lr": 6.432257337901647e-06,
            "time_seconds": 19.990577220916748
        },
        {
            "epoch": 2,
            "train_loss": 2.1775012054019505,
            "train_acc": 0.18739785828295158,
            "val_loss": 2.0872144590377806,
            "val_acc": 0.2386,
            "train_val_gap": -0.05120214171704843,
            "lr": 1.2864514675803294e-05,
            "time_seconds": 19.227253675460815
        },
        {
            "epoch": 3,
            "train_loss": 2.045592842610677,
            "train_acc": 0.26786783477566917,
            "val_loss": 1.949962536239624,
            "val_acc": 0.3128,
            "train_val_gap": -0.044932165224330856,
            "lr": 1.929677201370494e-05,
            "time_seconds": 19.868244171142578
        },
        {
            "epoch": 4,
            "train_loss": 1.929861264122857,
            "train_acc": 0.32566658923157565,
            "val_loss": 1.8297293533325196,
            "val_acc": 0.3722,
            "train_val_gap": -0.04653341076842432,
            "lr": 2.5729029351606588e-05,
            "time_seconds": 19.228610038757324
        },
        {
            "epoch": 5,
            "train_loss": 1.8037007212744818,
            "train_acc": 0.3845780656541772,
            "val_loss": 1.6853952333450317,
            "val_acc": 0.44,
            "train_val_gap": -0.05542193434582282,
            "lr": 3.216128668950823e-05,
            "time_seconds": 19.987133979797363
        },
        {
            "epoch": 6,
            "train_loss": 1.7008426877339682,
            "train_acc": 0.43257326282243536,
            "val_loss": 1.606652653312683,
            "val_acc": 0.4664,
            "train_val_gap": -0.033826737177564625,
            "lr": 3.215416506749714e-05,
            "time_seconds": 19.17961597442627
        },
        {
            "epoch": 7,
            "train_loss": 1.6407684730529786,
            "train_acc": 0.4642674736123959,
            "val_loss": 1.5463709667205812,
            "val_acc": 0.4876,
            "train_val_gap": -0.02333252638760408,
            "lr": 3.213280650935825e-05,
            "time_seconds": 19.673415422439575
        },
        {
            "epoch": 8,
            "train_loss": 1.5771367903179592,
            "train_acc": 0.4948229009452665,
            "val_loss": 1.49725667552948,
            "val_acc": 0.5086,
            "train_val_gap": -0.013777099054733566,
            "lr": 3.209722993318764e-05,
            "time_seconds": 19.207025051116943
        },
        {
            "epoch": 9,
            "train_loss": 1.5236311797671849,
            "train_acc": 0.5165883491761041,
            "val_loss": 1.4733070095062255,
            "val_acc": 0.5198,
            "train_val_gap": -0.003211650823895962,