{
    "train_loss": [
        2.320589383655124,
        1.8069221853892008,
        1.6502089546627468,
        1.5926113479614257,
        1.5134725905736288,
        1.4616484918594361,
        1.435104309018453,
        1.3708871024873521,
        1.328144224633111,
        1.2975681569417317,
        1.2599526382022435,
        1.2459700714959039,
        1.198296719264984,
        1.161299851269192,
        1.1244437926292419,
        1.0934930184576246,
        1.0603902622010972,
        1.0630973019917807,
        1.009003974337048,
        0.9987455758412679,
        0.971656695175171,
        0.9199844332165188,
        0.9499480954064263,
        0.9480331900490655,
        0.8929724994023641,
        0.9278817036098904,
        0.8689895597775777,
        0.8725011516782972,
        0.8919522616174486,
        0.8619214787271288,
        0.8740390904108684
    ],
    "train_acc": [
        0.09928888888888888,
        0.3702994537545296,
        0.4445098277398372,
        0.468283711232354,
        0.5035587927356249,
        0.5284108590209654,
        0.5424043956694687,
        0.5696358984516291,
        0.5891566242331218,
        0.6032996666956016,
        0.6206952326485174,
        0.6303731552560603,
        0.6508313084348838,
        0.6672198107265674,
        0.6820452471379616,
        0.6976020701644196,
        0.7113692876961076,
        0.7123051694725904,
        0.7316597953195164,
        0.7375697321223739,
        0.7512617917022941,
        0.767385493894419,
        0.7581773901276295,
        0.761230745083535,
        0.7809881878009991,
        0.7707269031035232,
        0.7934848774956953,
        0.7909978397141965,
        0.7854321632783136,
        0.7962798985774489,
        0.7925336245768739
    ],
    "val_loss": [
        2.3220491344451903,
        1.5161369354248047,
        1.4505455810546874,
        1.4562186828613282,
        1.4312376976013184,
        1.324777826499939,
        1.3087109649658204,
        1.2964915947914124,
        1.273414872455597,
        1.2522946427345276,
        1.2544784566879272,
        1.2397285005569458,
        1.2285956596374512,
        1.2748757274627684,
        1.242905968093872,
        1.247367332649231,
        1.2583672317504884,
        1.231158360862732,
        1.2496751777648927,
        1.2718012477874756,
        1.281912526512146,
        1.3073983484268188,
        1.2311673835754395,
        1.3206683406829833,
        1.3571376798629762,
        1.2866835384368895,
        1.3525984066009522,
        1.2976227893829346,
        1.3774013051986693,
        1.397701690864563,
        1.3650427270889283
    ],
    "val_acc": [
        0.1064,
        0.4846,
        0.5164,
        0.512,
        0.5182,
        0.5648,
        0.5784,
        0.5782,
        0.5878,
        0.598,
        0.5934,
        0.606,
        0.6106,
        0.5992,
        0.6108,
        0.6152,
        0.6068,
        0.616,
        0.6152,
        0.6096,
        0.6136,
        0.6004,
        0.6272,
        0.6104,
        0.601,
        0.6126,
        0.6016,
        0.6144,
        0.6124,
        0.6138,
        0.6004
    ],
    "lr": [
        0.0004536398976103607,
        0.0009072797952207214,
        0.0013609196928310821,
        0.0013606306361228044,
        0.001359763711578312,
        0.0013583196557299855,
        0.0013562996954364919,
        0.0013537055468404553,
        0.0013505394139104359,
        0.0013468039865684551,
        0.001342502438404658,
        0.0013376384239810572,
        0.0013322160757266433,
        0.0013262400004265072,
        0.0013197152753079491,
        0.0013126474437269078,
        0.0013050425104583667,
        0.0012969069365947438,
        0.001288247634056598,
        0.0012790719597203146,
        0.0012693877091677606,
        0.001259203110063218,
        0.001248526815163224,
        0.0012373678949652571,
        0.001225735830001511,
        0.0012136405027843087,
        0.001201092189409998,
        0.0011881015508284566,
        0.0011746796237856337,
        0.0011608378114468163,
        0.0011465878737085865
    ],
    "epoch_times": [
        15.270572662353516,
        14.432990789413452,
        14.758312940597534,
        14.718026399612427,
        14.653583765029907,
        14.759490966796875,
        14.35978102684021,
        14.674581289291382,
        14.653417825698853,
        14.255391597747803,
        14.70602560043335,
        14.733700275421143,
        14.721757650375366,
        14.69118332862854,
        14.389520645141602,
        14.82851529121399,
        14.80354619026184,
        14.52278470993042,
        14.957254648208618,
        14.252875566482544,
        15.16091275215149,
        15.066006660461426,
        14.475357294082642,
        14.903100967407227,
        14.323661088943481,
        14.67939567565918,
        14.550026655197144,
        14.727376937866211,
        15.532138347625732,
        14.435350179672241,
        14.894355297088623
    ],
    "detailed_epochs": [
        {
            "epoch": 1,
            "train_loss": 2.320589383655124,
            "train_acc": 0.09928888888888888,
            "val_loss": 2.3220491344451903,
            "val_acc": 0.1064,
            "train_val_gap": -0.00711111111111111,
            "lr": 0.0004536398976103607,
            "time_seconds": 15.270572662353516
        },
        {
            "epoch": 2,
            "train_loss": 1.8069221853892008,
            "train_acc": 0.3702994537545296,
            "val_loss": 1.5161369354248047,
            "val_acc": 0.4846,
            "train_val_gap": -0.11430054624547037,
            "lr": 0.0009072797952207214,
            "time_seconds": 14.432990789413452
        },
        {
            "epoch": 3,
            "train_loss": 1.6502089546627468,
            "train_acc": 0.4445098277398372,
            "val_loss": 1.4505455810546874,
            "val_acc": 0.5164,
            "train_val_gap": -0.07189017226016275,
            "lr": 0.0013609196928310821,
            "time_seconds": 14.758312940597534
        },
        {
            "epoch": 4,
            "train_loss": 1.5926113479614257,
            "train_acc": 0.468283711232354,
            "val_loss": 1.4562186828613282,
            "val_acc": 0.512,
            "train_val_gap": -0.043716288767645994,
            "lr": 0.0013606306361228044,
            "time_seconds": 14.718026399612427
        },
        {
            "epoch": 5,
            "train_loss": 1.5134725905736288,
            "train_acc": 0.5035587927356249,
            "val_loss": 1.4312376976013184,
            "val_acc": 0.5182,
            "train_val_gap": -0.014641207264375122,
            "lr": 0.001359763711578312,
            "time_seconds": 14.653583765029907
        },
        {
            "epoch": 6,
            "train_loss": 1.4616484918594361,
            "train_acc": 0.5284108590209654,
            "val_loss": 1.324777826499939,
            "val_acc": 0.5648,
            "train_val_gap": -0.03638914097903456,
            "lr": 0.0013583196557299855,
            "time_seconds": 14.759490966796875
        },
        {
            "epoch": 7,
            "train_loss": 1.435104309018453,
            "train_acc": 0.5424043956694687,
            "val_loss": 1.3087109649658204,
            "val_acc": 0.5784,
            "train_val_gap": -0.03599560433053128,
            "lr": 0.0013562996954364919,
            "time_seconds": 14.35978102684021
        },
        {
            "epoch": 8,
            "train_loss": 1.3708871024873521,
            "train_acc": 0.5696358984516291,
            "val_loss": 1.2964915947914124,
            "val_acc": 0.5782,
            "train_val_gap": -0.00856410154837095,
            "lr": 0.0013537055468404553,
            "time_seconds": 14.674581289291382
        },
        {
            "epoch": 9,
            "train_loss": 1.328144224633111,
            "train_acc": 0.5891566242331218,