{
    "trial_number": 20,
    "parameters": {
        "pe_type": "rpe",
        "img_size": 32,
        "embed_dim": 128,
        "depth": 11,
        "num_heads": 16,
        "patch_size": 2,
        "mixup_alpha": 0.35000000000000003,
        "label_smoothing": 0.06,
        "drop_rate": 0.30000000000000004,
        "random_erasing_prob": 0.30000000000000004,
        "color_jitter_brightness": 0.25,
        "color_jitter_contrast": 0.1,
        "weight_decay": 0.030432139466641302,
        "early_stopping_patience": 12,
        "early_stopping_delta": 0.0011319038905424688,
        "lr": 0.000131177932671587,
        "warmup_epochs": 9,
        "lr_decay_factor": 0.75,
        "batch_size": 64,
        "device": "cuda",
        "num_workers": 4,
        "random_crop_padding": 4,
        "output_dir": "results/bo_results/rpe/trial_20",
        "seed": 42,
        "mlp_ratio": 4.0,
        "epochs": 100,
        "checkpoint_dir": "results/bo_results/rpe/trial_20/checkpoints"
    },
    "validation_accuracy": 0.7364,
    "best_epoch": 44,
    "early_stopped": true,
    "training_time": 8540.228105783463,
    "final_train_acc": 0.7386661681824306,
    "final_val_acc": 0.7364,
    "best_val_acc": 0.7438,
    "final_train_loss": 1.0800825364112854,
    "final_val_loss": 1.0204044234275818,
    "avg_train_val_gap": -0.05537031054862444
}