{
    "trial_number": 13,
    "parameters": {
        "pe_type": "rpe",
        "img_size": 32,
        "embed_dim": 128,
        "depth": 9,
        "num_heads": 4,
        "patch_size": 2,
        "mixup_alpha": 0.30000000000000004,
        "label_smoothing": 0.13,
        "drop_rate": 0.45000000000000007,
        "random_erasing_prob": 0.15000000000000002,
        "color_jitter_brightness": 0.15000000000000002,
        "color_jitter_contrast": 0.05,
        "weight_decay": 0.04199771761587322,
        "early_stopping_patience": 11,
        "early_stopping_delta": 0.0035851700279569488,
        "lr": 0.0010996333177730909,
        "warmup_epochs": 7,
        "lr_decay_factor": 0.8,
        "batch_size": 512,
        "device": "cuda",
        "num_workers": 4,
        "random_crop_padding": 4,
        "output_dir": "results/bo_results/rpe/trial_13",
        "seed": 42,
        "mlp_ratio": 4.0,
        "epochs": 100,
        "checkpoint_dir": "results/bo_results/rpe/trial_13/checkpoints"
    },
    "validation_accuracy": 0.7228,
    "best_epoch": 48,
    "early_stopped": true,
    "training_time": 2498.46058344841,
    "final_train_acc": 0.7436509354122217,
    "final_val_acc": 0.7228,
    "best_val_acc": 0.7314,
    "final_train_loss": 1.2473218342251249,
    "final_val_loss": 1.2539455032348632,
    "avg_train_val_gap": -0.046541322758161606
}