{
    "train_loss": [
        2.3327883563571508,
        1.6133633864296808,
        1.3814330966949462,
        1.308821154085795,
        1.2998266781806946,
        1.2164185896555582,
        1.1696249745898777,
        1.0853786758422852,
        1.0325939946280585,
        0.9809862416797214,
        0.9557131484137641,
        0.9006456710179647,
        0.9030395451863606,
        0.9071116875542534,
        0.841640638812383,
        0.7744676256497701,
        0.7505888727294074,
        0.7648779654396904,
        0.7424487795511882,
        0.7416685752020942,
        0.7153240395439996,
        0.6843564268959893,
        0.7089244979434544,
        0.7169237113687728,
        0.6896745358758503,
        0.667358394938045,
        0.6982318898836771,
        0.6108525086906221,
        0.6478424038648606,
        0.6183999752627479,
        0.6679807974709405,
        0.5832172967380947,
        0.6187791093799803,
        0.6131380290137397
    ],
    "train_acc": [
        0.10026666666666667,
        0.4422054157583233,
        0.540186646129949,
        0.5701647772569363,
        0.5745804053067215,
        0.6112190461143013,
        0.6293883279963147,
        0.6620941121660667,
        0.6822763177605108,
        0.7037314542714281,
        0.7173572958555868,
        0.734647540635562,
        0.7405916169000495,
        0.7385664693814071,
        0.7655301778361534,
        0.7881711733385068,
        0.7961792511560313,
        0.7955099097235595,
        0.8018086487239752,
        0.8035030174101241,
        0.817001095991465,
        0.8254833971488224,
        0.821786215114357,
        0.8162855785679931,
        0.8272648082948191,
        0.8340567674828375,
        0.8241770170261097,
        0.8526915149569256,
        0.8419389151825959,
        0.8506987645642023,
        0.8351732674660233,
        0.8642354111075369,
        0.8508907314958826,
        0.8551552949947053
    ],
    "val_loss": [
        2.3366834758758546,
        1.1986217531204224,
        1.1003597248077392,
        1.0687652624130248,
        1.0277541681289672,
        0.979626823425293,
        0.9403539445877075,
        0.8812657930374146,
        0.8851346048355102,
        0.8712679098129272,
        0.8872197001457215,
        0.8008984948158264,
        0.8119213325500488,
        0.8371564073562622,
        0.8357461957931519,
        0.824032333946228,
        0.8223423187255859,
        0.7885969757556915,
        0.7997350591659546,
        0.8272276397705078,
        0.8343019172668457,
        0.8399503200531006,
        0.7939392637252808,
        0.8363354982376099,
        0.8621855997085571,
        0.8369511516571045,
        0.8188535140991211,
        0.8453232110977172,
        0.8178138017654419,
        0.8675590647697449,
        0.8376744462966919,
        0.8896316997528076,
        0.8927508897781372,
        0.8511604798316955
    ],
    "val_acc": [
        0.0976,
        0.5896,
        0.628,
        0.6414,
        0.648,
        0.6788,
        0.681,
        0.7138,
        0.7008,
        0.7174,
        0.7206,
        0.7374,
        0.7386,
        0.7328,
        0.742,
        0.7372,
        0.7466,
        0.7522,
        0.7518,
        0.75,
        0.7442,
        0.7466,
        0.7644,
        0.7582,
        0.7506,
        0.762,
        0.75,
        0.756,
        0.7592,
        0.7524,
        0.7582,
        0.7526,
        0.7528,
        0.7538
    ],
    "lr": [
        0.0005369778150647235,
        0.001073955630129447,
        0.0016109334451941705,
        0.002147911260258894,
        0.0021475878049019934,
        0.0021466176336687017,
        0.0021450013309538933,
        0.0021427398703578876,
        0.0021398346140999846,
        0.0021362873121979205,
        0.002132100101413718,
        0.0021272755039665847,
        0.002121816426013619,
        0.0021157261558992506,
        0.0021090083621744683,
        0.002101667091387016,
        0.0020937067656439092,
        0.002085132179947719,
        0.0020759484993082456,
        0.0020661612556313047,
        0.0020557763443865198,
        0.002044800021056108,
        0.0020332388973668116,
        0.0020210999373072433,
        0.0020083904529330375,
        0.0019951180999623437,
        0.001981290873164306,
        0.001966917101543314,
        0.0019520054433219225,
        0.0019365648807254609,
        0.0019206047145714775,
        0.0019041345586672748,
        0.0018871643340189106,
        0.0018697042628551552
    ],
    "epoch_times": [
        95.19929933547974,
        95.17434048652649,
        95.18466329574585,
        95.15793108940125,
        95.20020198822021,
        95.25615334510803,
        95.28958439826965,
        95.43896579742432,
        95.2826943397522,
        95.26762175559998,
        95.22192788124084,
        95.271737575531,
        94.61262202262878,
        95.35869526863098,
        95.55822992324829,
        95.37204360961914,
        95.23057150840759,
        95.09654021263123,
        95.21668028831482,
        95.3583128452301,
        95.11777710914612,
        95.11244487762451,
        95.07885980606079,
        95.28580927848816,
        95.76443791389465,
        95.490558385849,
        95.47379541397095,
        95.4835422039032,
        95.48677778244019,
        95.46076846122742,
        95.37229800224304,
        95.40994715690613,
        95.06855821609497,
        95.05851626396179
    ],
    "detailed_epochs": [
        {
            "epoch": 1,
            "train_loss": 2.3327883563571508,
            "train_acc": 0.10026666666666667,
            "val_loss": 2.3366834758758546,
            "val_acc": 0.0976,
            "train_val_gap": 0.0026666666666666644,
            "lr": 0.0005369778150647235,
            "time_seconds": 95.19929933547974
        },
        {
            "epoch": 2,
            "train_loss": 1.6133633864296808,
            "train_acc": 0.4422054157583233,
            "val_loss": 1.1986217531204224,
            "val_acc": 0.5896,
            "train_val_gap": -0.14739458424167673,
            "lr": 0.001073955630129447,
            "time_seconds": 95.17434048652649
        },
        {
            "epoch": 3,
            "train_loss": 1.3814330966949462,
            "train_acc": 0.540186646129949,
            "val_loss": 1.1003597248077392,
            "val_acc": 0.628,
            "train_val_gap": -0.08781335387005096,
            "lr": 0.0016109334451941705,
            "time_seconds": 95.18466329574585
        },
        {
            "epoch": 4,
            "train_loss": 1.308821154085795,
            "train_acc": 0.5701647772569363,
            "val_loss": 1.0687652624130248,
            "val_acc": 0.6414,
            "train_val_gap": -0.07123522274306371,
            "lr": 0.002147911260258894,
            "time_seconds": 95.15793108940125
        },
        {
            "epoch": 5,
            "train_loss": 1.2998266781806946,
            "train_acc": 0.5745804053067215,
            "val_loss": 1.0277541681289672,
            "val_acc": 0.648,
            "train_val_gap": -0.07341959469327852,
            "lr": 0.0021475878049019934,
            "time_seconds": 95.20020198822021
        },
        {
            "epoch": 6,
            "train_loss": 1.2164185896555582,
            "train_acc": 0.6112190461143013,
            "val_loss": 0.979626823425293,
            "val_acc": 0.6788,
            "train_val_gap": -0.06758095388569862,
            "lr": 0.0021466176336687017,
            "time_seconds": 95.25615334510803
        },
        {
            "epoch": 7,
            "train_loss": 1.1696249745898777,
            "train_acc": 0.6293883279963147,
            "val_loss": 0.9403539445877075,
            "val_acc": 0.681,
            "train_val_gap": -0.05161167200368533,
            "lr": 0.0021450013309538933,
            "time_seconds": 95.28958439826965
        },
        {
            "epoch": 8,