{
    "train_loss": [
        2.3736670087602403,
        1.9935504876878527,
        1.8347226586023966,
        1.7232661278618706,
        1.675198443645901,
        1.6413668865627713,
        1.584392889489068,
        1.5662893427530924,
        1.5360798268212212,
        1.5324883602354262,
        1.4848275093502468,
        1.49372775777181,
        1.4621655224270291,
        1.4519070091671413,
        1.383804808277554,
        1.3678889785342747,
        1.3741113992267184,
        1.3386625345018175,
        1.323119063059489,
        1.3150897065904406,
        1.276594422361586,
        1.2928811856587727,
        1.2797521009233264,
        1.252614184803433,
        1.2220418857998319,
        1.2071719960742526,
        1.182066909397973,
        1.1527450281990899,
        1.1751121331744725,
        1.154795701260037,
        1.1212116687668694,
        1.1289220162073772
    ],
    "train_acc": [
        0.11653241578640229,
        0.32009685893495743,
        0.4059066229393886,
        0.4665256983461701,
        0.4958779741688607,
        0.514494619931192,
        0.5443756382701707,
        0.5527436474439896,
        0.5714156148420264,
        0.574270122970811,
        0.5967623032321021,
        0.5952425806188467,
        0.6106805826567597,
        0.6174037379143946,
        0.6499825554179224,
        0.6606895560383912,
        0.6599402418032623,
        0.676147531293079,
        0.6836590689026084,
        0.6902304251136917,
        0.7064976635212369,
        0.7016637583268239,
        0.7076499976252518,
        0.7218392204827578,
        0.735295472481094,
        0.7440085862512815,
        0.7570831390552765,
        0.7701036251650428,
        0.7604446250540366,
        0.7720315671890293,
        0.7864188492373169,
        0.7820139783888616
    ],
    "val_loss": [
        2.3690398021698,
        1.748272487449646,
        1.5546684471130372,
        1.4937288024902344,
        1.4070703926086425,
        1.4210167331695556,
        1.3436151638031006,
        1.3486191677093506,
        1.3199489715576171,
        1.3494071170806885,
        1.2739901020050048,
        1.2610476514816285,
        1.2514206649780273,
        1.2199445446968078,
        1.204822322845459,
        1.1982669872283935,
        1.1883645977973938,
        1.1595629117965698,
        1.1403757719039918,
        1.1761693143844605,
        1.139910556602478,
        1.1173376811981202,
        1.113928169441223,
        1.118744607925415,
        1.142739761352539,
        1.1148707990646363,
        1.1021721645355225,
        1.1627959842681885,
        1.146011796951294,
        1.1173745510101318,
        1.1369603397369386,
        1.1335998675346375
    ],
    "val_acc": [
        0.114,
        0.443,
        0.536,
        0.5634,
        0.6052,
        0.5996,
        0.6432,
        0.6412,
        0.6458,
        0.6356,
        0.6646,
        0.6868,
        0.681,
        0.7072,
        0.71,
        0.7086,
        0.7182,
        0.733,
        0.7352,
        0.7234,
        0.7406,
        0.7582,
        0.7552,
        0.7532,
        0.7496,
        0.7576,
        0.7672,
        0.746,
        0.7602,
        0.7632,
        0.7592,
        0.7628
    ],
    "lr": [
        7.429602513566088e-05,
        0.00014859205027132176,
        0.00022288807540698266,
        0.0002971841005426435,
        0.0003714801256783045,
        0.0004457761508139653,
        0.0005200721759496263,
        0.000594368201085287,
        0.000668664226220948,
        0.0006684844329886825,
        0.0006679452466661091,
        0.000667047247167917,
        0.0006657914003255418,
        0.0006641790568483779,
        0.0006622119508710411,
        0.0006598921980882435,
        0.0006572222934792856,
        0.0006542051086246151,
        0.0006508438886173358,
        0.0006471422485729917,
        0.0006431041697413771,
        0.000638733995224556,
        0.0006340364253056971,
        0.0006290165123937452,
        0.0006236796555893719,
        0.0006180315948780427,
        0.0006120784049564529,
        0.0006058264886989681,
        0.0005992825702710973,
        0.0005924536878974065,
        0.0005853471862916493,
        0.0005779707087572578
    ],
    "epoch_times": [
        124.2377438545227,
        123.82221007347107,
        123.84821391105652,
        123.9386944770813,
        123.9314489364624,
        123.88652110099792,
        123.89091062545776,
        123.93551278114319,
        123.93700933456421,
        123.92635464668274,
        123.90000057220459,
        123.92483758926392,
        123.98589873313904,
        123.98752307891846,
        124.03486347198486,
        124.0015697479248,
        124.09806108474731,
        124.02276873588562,
        124.02450895309448,
        123.95290660858154,
        123.97703218460083,
        124.02303457260132,
        124.0387020111084,
        123.99982953071594,
        123.99389147758484,
        123.99280881881714,
        124.05991077423096,
        124.06145930290222,
        124.03079223632812,
        124.12646532058716,
        124.07896256446838,
        124.05466604232788
    ],
    "detailed_epochs": [
        {
            "epoch": 1,
            "train_loss": 2.3736670087602403,
            "train_acc": 0.11653241578640229,
            "val_loss": 2.3690398021698,
            "val_acc": 0.114,
            "train_val_gap": 0.0025324157864022867,
            "lr": 7.429602513566088e-05,
            "time_seconds": 124.2377438545227
        },
        {
            "epoch": 2,
            "train_loss": 1.9935504876878527,
            "train_acc": 0.32009685893495743,
            "val_loss": 1.748272487449646,
            "val_acc": 0.443,
            "train_val_gap": -0.12290314106504258,
            "lr": 0.00014859205027132176,
            "time_seconds": 123.82221007347107
        },
        {
            "epoch": 3,
            "train_loss": 1.8347226586023966,
            "train_acc": 0.4059066229393886,
            "val_loss": 1.5546684471130372,
            "val_acc": 0.536,
            "train_val_gap": -0.13009337706061141,
            "lr": 0.00022288807540698266,
            "time_seconds": 123.84821391105652
        },
        {
            "epoch": 4,
            "train_loss": 1.7232661278618706,
            "train_acc": 0.4665256983461701,
            "val_loss": 1.4937288024902344,
            "val_acc": 0.5634,
            "train_val_gap": -0.09687430165382993,
            "lr": 0.0002971841005426435,
            "time_seconds": 123.9386944770813
        },
        {
            "epoch": 5,
            "train_loss": 1.675198443645901,
            "train_acc": 0.4958779741688607,
            "val_loss": 1.4070703926086425,
            "val_acc": 0.6052,
            "train_val_gap": -0.10932202583113926,
            "lr": 0.0003714801256783045,
            "time_seconds": 123.9314489364624
        },
        {
            "epoch": 6,
            "train_loss": 1.6413668865627713,
            "train_acc": 0.514494619931192,
            "val_loss": 1.4210167331695556,
            "val_acc": 0.5996,
            "train_val_gap": -0.08510538006880797,
            "lr": 0.0004457761508139653,
            "time_seconds": 123.88652110099792
        },
        {
            "epoch": 7,
            "train_loss": 1.584392889489068,
            "train_acc": 0.5443756382701707,
            "val_loss": 1.3436151638031006,
            "val_acc": 0.6432,
            "train_val_gap": -0.09882436172982934,
            "lr": 0.0005200721759496263,
            "time_seconds": 123.89091062545776
        },
        {
            "epoch": 8,
            "train_loss": 1.5662893427530924,
            "train_acc": 0.5527436474439896,
            "val_loss": 1.3486191677093506,
            "val_acc": 0.6412,
            "train_val_gap": -0.08845635255601036,
            "lr": 0.000594368201085287,