{
    "train_loss": [
        2.3374148387061227,
        2.082485072241889,
        1.9407240808910793,
        1.8572406379275852,
        1.78646979153951,
        1.7188137933095295,
        1.6833098453097872,
        1.6440227873908149,
        1.5847622636583116,
        1.5420844993167453,
        1.5010504794650608,
        1.4524072119394937,
        1.4149208511988323,
        1.3872463707605998,
        1.337194447877672,
        1.3022511867947049,
        1.2689273443751865,
        1.2421865794499716,
        1.2161007649739584,
        1.1765288171132406,
        1.1524511107762654,
        1.122836046409607,
        1.0885931625154284,
        1.075552269268036,
        1.0595361981391906,
        1.016462979104784,
        1.011448010582394,
        0.9727008203400506,
        0.9265747896830241,
        0.9450795731332567,
        0.9141378641340467,
        0.8884921959029304,
        0.8619513136015998,
        0.849842476187812,
        0.8139845166312324,
        0.8024898000505235
    ],
    "train_acc": [
        0.10957823654802883,
        0.25923446421218854,
        0.324659964683967,
        0.3643353733656052,
        0.40370731277971966,
        0.4384287756275207,
        0.4604310036910107,
        0.4779130379423168,
        0.504912811094224,
        0.5259547720696133,
        0.545700681752168,
        0.5690498722747407,
        0.5884541210779078,
        0.6022817540833664,
        0.6241489098396273,
        0.6422514772850653,
        0.6610296617299004,
        0.6722846297025199,
        0.6849792828881556,
        0.7053084308330296,
        0.7154240722385538,
        0.7284282920800622,
        0.7456667972696547,
        0.7542790824964002,
        0.7644471798450867,
        0.7846989413390132,
        0.7877106602047035,
        0.8054950443294305,
        0.824362681985794,
        0.8218505166897998,
        0.8353837726231949,
        0.8456059710420837,
        0.8580051576587354,
        0.8637946504648859,
        0.8797549947469464,
        0.8855736870627139
    ],
    "val_loss": [
        2.338141092300415,
        1.9738338569641114,
        1.846399777984619,
        1.7719933332443236,
        1.6893275863647461,
        1.6497558591842651,
        1.5993308364868164,
        1.551405542755127,
        1.5249648454666138,
        1.481739342880249,
        1.4624396490097047,
        1.4290995502471924,
        1.3963787467956543,
        1.3868456100463866,
        1.3483131505966186,
        1.3314721691131592,
        1.3234512708663941,
        1.338589457321167,
        1.3188965892791749,
        1.3287832298278808,
        1.3087481758117676,
        1.314383016014099,
        1.3091149787902832,
        1.3178723987579346,
        1.318050599861145,
        1.3217712867736817,
        1.3228772560119628,
        1.327231643295288,
        1.3449360654830933,
        1.3483213859558105,
        1.3573432683944702,
        1.3733577236175538,
        1.3977428489685058,
        1.3981329914093017,
        1.40271188621521,
        1.3906256286621095
    ],
    "val_acc": [
        0.1014,
        0.315,
        0.3546,
        0.4028,
        0.4542,
        0.4764,
        0.4938,
        0.5188,
        0.5254,
        0.5452,
        0.5536,
        0.5752,
        0.5876,
        0.5922,
        0.6104,
        0.6248,
        0.6278,
        0.6208,
        0.6338,
        0.6302,
        0.6436,
        0.6378,
        0.6448,
        0.6418,
        0.6532,
        0.6538,
        0.6626,
        0.6636,
        0.6518,
        0.657,
        0.6544,
        0.651,
        0.6528,
        0.6574,
        0.6584,
        0.6584
    ],
    "lr": [
        3.1543990308330953e-06,
        6.308798061666191e-06,
        9.463197092499286e-06,
        1.2617596123332381e-05,
        1.5771995154165475e-05,
        1.892639418499857e-05,
        2.2080793215831664e-05,
        2.5235192246664763e-05,
        2.8389591277497855e-05,
        3.154399030833095e-05,
        3.15362077808104e-05,
        3.15128678786638e-05,
        3.147399363555671e-05,
        3.1419623415673744e-05,
        3.1349810875857726e-05,
        3.126462491265688e-05,
        3.1164149594332264e-05,
        3.104848407789253e-05,
        3.091774251123793e-05,
        3.0772053920510136e-05,
        3.061156208275901e-05,
        3.043642538405198e-05,
        3.0246816663166174e-05,
        3.004292304101736e-05,
        2.9824945735994236e-05,
        2.9593099865380125e-05,
        2.9347614233058244e-05,
        2.9088731103709846e-05,
        2.8816705963728265e-05,
        2.8531807269084664e-05,
        2.823431618039443e-05,
        2.7924526285445554e-05,
        2.7602743309462966e-05,
        2.726928481339464e-05,
        2.6924479880517253e-05,
        2.6568668791670753e-05
    ],
    "epoch_times": [
        14.001618385314941,
        13.349929094314575,
        13.354777336120605,
        13.426869869232178,
        13.282737970352173,
        13.48182201385498,
        13.341637372970581,
        13.350108861923218,
        13.371755123138428,
        13.28264594078064,
        13.42604947090149,
        13.325233697891235,
        13.39766550064087,
        13.410982847213745,
        13.262551546096802,
        13.342033863067627,
        13.261930227279663,
        13.424517154693604,
        13.393967866897583,
        13.488795518875122,
        13.344550371170044,
        13.346264839172363,
        13.42556881904602,
        13.410933494567871,
        13.252657651901245,
        13.448522329330444,
        13.31222653388977,
        13.377879619598389,
        13.401938676834106,
        13.308211326599121,
        13.35584306716919,
        13.342955350875854,
        13.471132040023804,
        13.409152269363403,
        13.300235748291016,
        13.634967803955078
    ],
    "detailed_epochs": [
        {
            "epoch": 1,
            "train_loss": 2.3374148387061227,
            "train_acc": 0.10957823654802883,
            "val_loss": 2.338141092300415,
            "val_acc": 0.1014,
            "train_val_gap": 0.008178236548028822,
            "lr": 3.1543990308330953e-06,
            "time_seconds": 14.001618385314941
        },
        {
            "epoch": 2,
            "train_loss": 2.082485072241889,
            "train_acc": 0.25923446421218854,
            "val_loss": 1.9738338569641114,
            "val_acc": 0.315,
            "train_val_gap": -0.05576553578781146,
            "lr": 6.308798061666191e-06,
            "time_seconds": 13.349929094314575
        },
        {
            "epoch": 3,
            "train_loss": 1.9407240808910793,
            "train_acc": 0.324659964683967,
            "val_loss": 1.846399777984619,
            "val_acc": 0.3546,
            "train_val_gap": -0.02994003531603301,
            "lr": 9.463197092499286e-06,
            "time_seconds": 13.354777336120605
        },
        {
            "epoch": 4,
            "train_loss": 1.8572406379275852,
            "train_acc": 0.3643353733656052,
            "val_loss": 1.7719933332443236,
            "val_acc": 0.4028,
            "train_val_gap": -0.038464626634394816,
            "lr": 1.2617596123332381e-05,
            "time_seconds": 13.426869869232178
        },
        {
            "epoch": 5,
            "train_loss": 1.78646979153951,
            "train_acc": 0.40370731277971966,
            "val_loss": 1.6893275863647461,
            "val_acc": 0.4542,
            "train_val_gap": -0.05049268722028033,
            "lr": 1.5771995154165475e-05,
            "time_seconds": 13.282737970352173
        },
        {
            "epoch": 6,
            "train_loss": 1.7188137933095295,
            "train_acc": 0.4384287756275207,
            "val_loss": 1.6497558591842651,
            "val_acc": 0.4764,
            "train_val_gap": -0.037971224372479295,
            "lr": 1.892639418499857e-05,