{
    "train_loss": [
        2.3936047470092774,
        2.0873687822977702,
        1.9917176019032796,
        1.9228897289276123,
        1.9113500028610229,
        1.9428103054894341,
        1.998235801018609,
        2.0204582741631403,
        2.0551933482699924,
        2.0674135575612387,
        2.0491792948404948,
        2.0257871295293173,
        2.028731040149265,
        2.014535708872477,
        2.0153650713178846
    ],
    "train_acc": [
        0.10160251055633968,
        0.2663956670353607,
        0.3314964803600701,
        0.37857052964865917,
        0.3868725119448798,
        0.3703874212035747,
        0.3365862283084001,
        0.3206483598701403,
        0.2986349989923446,
        0.2922469430169209,
        0.3034330434051789,
        0.3211360269773302,
        0.31453077571871657,
        0.3247836186008527,
        0.3229541835297548
    ],
    "val_loss": [
        2.3565929248809816,
        1.9271829643249512,
        1.8301232419967652,
        1.7367667692184448,
        1.799414499282837,
        1.8392340536117553,
        1.9020813232421876,
        1.9494870792388916,
        2.003997163391113,
        1.994478905105591,
        1.9451883647918702,
        1.95612724609375,
        1.9639061180114745,
        1.9289184814453124,
        1.9503902715682984
    ],
    "val_acc": [
        0.098,
        0.3578,
        0.4088,
        0.4794,
        0.4536,
        0.4092,
        0.3888,
        0.3616,
        0.312,
        0.3088,
        0.3584,
        0.342,
        0.3358,
        0.366,
        0.3504
    ],
    "lr": [
        0.0003705957373781974,
        0.0007411914747563948,
        0.0011117872121345922,
        0.0014823829495127895,
        0.001852978686890987,
        0.0022235744242691843,
        0.0022231258396678963,
        0.0022217804478544237,
        0.0022195393345078316,
        0.0022164043081197558,
        0.002212377898535021,
        0.0022074633549101536,
        0.0022016646430914385,
        0.0021949864424146348,
        0.0021874341419289333
    ],
    "epoch_times": [
        101.86063718795776,
        101.40715312957764,
        101.46533679962158,
        101.45969033241272,
        101.4942843914032,
        101.61280012130737,
        101.6365396976471,
        101.69964218139648,
        101.72141647338867,
        101.76252055168152,
        101.74331784248352,
        101.7898108959198,
        101.67459917068481,
        101.91451740264893,
        101.86233925819397
    ],
    "detailed_epochs": [
        {
            "epoch": 1,
            "train_loss": 2.3936047470092774,
            "train_acc": 0.10160251055633968,
            "val_loss": 2.3565929248809816,
            "val_acc": 0.098,
            "train_val_gap": 0.003602510556339672,
            "lr": 0.0003705957373781974,
            "time_seconds": 101.86063718795776
        },
        {
            "epoch": 2,
            "train_loss": 2.0873687822977702,
            "train_acc": 0.2663956670353607,
            "val_loss": 1.9271829643249512,
            "val_acc": 0.3578,
            "train_val_gap": -0.09140433296463929,
            "lr": 0.0007411914747563948,
            "time_seconds": 101.40715312957764
        },
        {
            "epoch": 3,
            "train_loss": 1.9917176019032796,
            "train_acc": 0.3314964803600701,
            "val_loss": 1.8301232419967652,
            "val_acc": 0.4088,
            "train_val_gap": -0.07730351963992987,
            "lr": 0.0011117872121345922,
            "time_seconds": 101.46533679962158
        },
        {
            "epoch": 4,
            "train_loss": 1.9228897289276123,
            "train_acc": 0.37857052964865917,
            "val_loss": 1.7367667692184448,
            "val_acc": 0.4794,
            "train_val_gap": -0.10082947035134082,
            "lr": 0.0014823829495127895,
            "time_seconds": 101.45969033241272
        },
        {
            "epoch": 5,
            "train_loss": 1.9113500028610229,
            "train_acc": 0.3868725119448798,
            "val_loss": 1.799414499282837,
            "val_acc": 0.4536,
            "train_val_gap": -0.06672748805512019,
            "lr": 0.001852978686890987,
            "time_seconds": 101.4942843914032
        },
        {
            "epoch": 6,
            "train_loss": 1.9428103054894341,
            "train_acc": 0.3703874212035747,
            "val_loss": 1.8392340536117553,
            "val_acc": 0.4092,
            "train_val_gap": -0.0388125787964253,
            "lr": 0.0022235744242691843,
            "time_seconds": 101.61280012130737
        },
        {
            "epoch": 7,
            "train_loss": 1.998235801018609,
            "train_acc": 0.3365862283084001,
            "val_loss": 1.9020813232421876,
            "val_acc": 0.3888,
            "train_val_gap": -0.05221377169159985,
            "lr": 0.0022231258396678963,
            "time_seconds": 101.6365396976471
        },
        {
            "epoch": 8,
            "train_loss": 2.0204582741631403,
            "train_acc": 0.3206483598701403,
            "val_loss": 1.9494870792388916,
            "val_acc": 0.3616,
            "train_val_gap": -0.04095164012985969,
            "lr": 0.0022217804478544237,
            "time_seconds": 101.69964218139648
        },
        {
            "epoch": 9,
            "train_loss": 2.0551933482699924,
            "train_acc": 0.2986349989923446,
            "val_loss": 2.003997163391113,
            "val_acc": 0.312,
            "train_val_gap": -0.01336500100765542,
            "lr": 0.0022195393345078316,
            "time_seconds": 101.72141647338867
        },
        {
            "epoch": 10,
            "train_loss": 2.0674135575612387,
            "train_acc": 0.2922469430169209,
            "val_loss": 1.994478905105591,
            "val_acc": 0.3088,
            "train_val_gap": -0.01655305698307913,
            "lr": 0.0022164043081197558,
            "time_seconds": 101.76252055168152
        },
        {
            "epoch": 11,
            "train_loss": 2.0491792948404948,
            "train_acc": 0.3034330434051789,
            "val_loss": 1.9451883647918702,
            "val_acc": 0.3584,
            "train_val_gap": -0.05496695659482109,
            "lr": 0.002212377898535021,
            "time_seconds": 101.74331784248352
        },
        {
            "epoch": 12,
            "train_loss": 2.0257871295293173,
            "train_acc": 0.3211360269773302,
            "val_loss": 1.95612724609375,
            "val_acc": 0.342,
            "train_val_gap": -0.020863973022669846,
            "lr": 0.0022074633549101536,
            "time_seconds": 101.7898108959198
        },
        {
            "epoch": 13,
            "train_loss": 2.028731040149265,
            "train_acc": 0.31453077571871657,
            "val_loss": 1.9639061180114745,
            "val_acc": 0.3358,
            "train_val_gap": -0.021269224281283416,
            "lr": 0.0022016646430914385,
            "time_seconds": 101.67459917068481
        },
        {
            "epoch": 14,
            "train_loss": 2.014535708872477,
            "train_acc": 0.3247836186008527,
            "val_loss": 1.9289184814453124,
            "val_acc": 0.366,
            "train_val_gap": -0.041216381399147295,
            "lr": 0.0021949864424146348,
            "time_seconds": 101.91451740264893
        },
        {
            "epoch": 15,
            "train_loss": 2.0153650713178846,
            "train_acc": 0.3229541835297548,
            "val_loss": 1.9503902715682984,
            "val_acc": 0.3504,
            "train_val_gap": -0.027445816470245188,
            "lr": 0.0021874341419289333,
            "time_seconds": 101.86233925819397
        }
    ],