{
    "train_loss": [
        2.3910781506008574,
        2.01755547680325,
        1.8892564540015326,
        1.8737360823313396,
        1.9284789861891005,
        1.9786728167639838,
        2.057437592103746,
        2.0533056071811253,
        2.079119543117947,
        2.0963426879458957,
        2.134040667131212,
        2.096136759016249,
        2.0943768325169883,
        2.0859234369066026,
        2.0572168845706518
    ],
    "train_acc": [
        0.09223433499952642,
        0.2945018714730926,
        0.36550434491209527,
        0.3738892147554202,
        0.3474015555787266,
        0.319108472024846,
        0.27463020585573683,
        0.27773972465854824,
        0.2660633858095042,
        0.2490238572312557,
        0.22960861743197994,
        0.25446922717222387,
        0.2580550447037433,
        0.2584507730806592,
        0.2773622301543418
    ],
    "val_loss": [
        2.3784229358673095,
        1.7777621215820312,
        1.7082627285003662,
        1.7510954492568969,
        1.856262332725525,
        1.8779777399063111,
        1.97436420211792,
        1.9417582761764527,
        2.0501550563812256,
        2.0096807846069336,
        2.0703340349197386,
        2.089122948074341,
        1.9691646087646484,
        1.982247844696045,
        1.9485681596755982
    ],
    "val_acc": [
        0.0884,
        0.4116,
        0.4382,
        0.4176,
        0.3594,
        0.3602,
        0.2984,
        0.3184,
        0.2562,
        0.2966,
        0.2548,
        0.2476,
        0.317,
        0.313,
        0.3218
    ],
    "lr": [
        0.00038656330059158947,
        0.0007731266011831789,
        0.0011596899017747683,
        0.0015462532023663579,
        0.0019328165029579472,
        0.0023193798035495367,
        0.002705943104141126,
        0.0030925064047327157,
        0.003479069705324305,
        0.0038656330059158943,
        0.00386457037421506,
        0.003861383647548492,
        0.003856076329939231,
        0.0038486542571445044,
        0.003839125590238914
    ],
    "epoch_times": [
        120.24111652374268,
        119.67215371131897,
        119.70480990409851,
        119.68793773651123,
        119.67735528945923,
        119.71480917930603,
        119.82284498214722,
        119.75741219520569,
        119.76800179481506,
        119.50829529762268,
        119.49625205993652,
        119.46974515914917,
        119.47325301170349,
        119.50280737876892,
        119.51968836784363
    ],
    "detailed_epochs": [
        {
            "epoch": 1,
            "train_loss": 2.3910781506008574,
            "train_acc": 0.09223433499952642,
            "val_loss": 2.3784229358673095,
            "val_acc": 0.0884,
            "train_val_gap": 0.0038343349995264148,
            "lr": 0.00038656330059158947,
            "time_seconds": 120.24111652374268
        },
        {
            "epoch": 2,
            "train_loss": 2.01755547680325,
            "train_acc": 0.2945018714730926,
            "val_loss": 1.7777621215820312,
            "val_acc": 0.4116,
            "train_val_gap": -0.11709812852690743,
            "lr": 0.0007731266011831789,
            "time_seconds": 119.67215371131897
        },
        {
            "epoch": 3,
            "train_loss": 1.8892564540015326,
            "train_acc": 0.36550434491209527,
            "val_loss": 1.7082627285003662,
            "val_acc": 0.4382,
            "train_val_gap": -0.07269565508790471,
            "lr": 0.0011596899017747683,
            "time_seconds": 119.70480990409851
        },
        {
            "epoch": 4,
            "train_loss": 1.8737360823313396,
            "train_acc": 0.3738892147554202,
            "val_loss": 1.7510954492568969,
            "val_acc": 0.4176,
            "train_val_gap": -0.04371078524457983,
            "lr": 0.0015462532023663579,
            "time_seconds": 119.68793773651123
        },
        {
            "epoch": 5,
            "train_loss": 1.9284789861891005,
            "train_acc": 0.3474015555787266,
            "val_loss": 1.856262332725525,
            "val_acc": 0.3594,
            "train_val_gap": -0.011998444421273402,
            "lr": 0.0019328165029579472,
            "time_seconds": 119.67735528945923
        },
        {
            "epoch": 6,
            "train_loss": 1.9786728167639838,
            "train_acc": 0.319108472024846,
            "val_loss": 1.8779777399063111,
            "val_acc": 0.3602,
            "train_val_gap": -0.04109152797515403,
            "lr": 0.0023193798035495367,
            "time_seconds": 119.71480917930603
        },
        {
            "epoch": 7,
            "train_loss": 2.057437592103746,
            "train_acc": 0.27463020585573683,
            "val_loss": 1.97436420211792,
            "val_acc": 0.2984,
            "train_val_gap": -0.023769794144263168,
            "lr": 0.002705943104141126,
            "time_seconds": 119.82284498214722
        },
        {
            "epoch": 8,
            "train_loss": 2.0533056071811253,
            "train_acc": 0.27773972465854824,
            "val_loss": 1.9417582761764527,
            "val_acc": 0.3184,
            "train_val_gap": -0.04066027534145178,
            "lr": 0.0030925064047327157,
            "time_seconds": 119.75741219520569
        },
        {
            "epoch": 9,
            "train_loss": 2.079119543117947,
            "train_acc": 0.2660633858095042,
            "val_loss": 2.0501550563812256,
            "val_acc": 0.2562,
            "train_val_gap": 0.009863385809504244,
            "lr": 0.003479069705324305,
            "time_seconds": 119.76800179481506
        },
        {
            "epoch": 10,
            "train_loss": 2.0963426879458957,
            "train_acc": 0.2490238572312557,
            "val_loss": 2.0096807846069336,
            "val_acc": 0.2966,
            "train_val_gap": -0.04757614276874428,
            "lr": 0.0038656330059158943,
            "time_seconds": 119.50829529762268
        },
        {
            "epoch": 11,
            "train_loss": 2.134040667131212,
            "train_acc": 0.22960861743197994,
            "val_loss": 2.0703340349197386,
            "val_acc": 0.2548,
            "train_val_gap": -0.025191382568020088,
            "lr": 0.00386457037421506,
            "time_seconds": 119.49625205993652
        },
        {
            "epoch": 12,
            "train_loss": 2.096136759016249,
            "train_acc": 0.25446922717222387,
            "val_loss": 2.089122948074341,
            "val_acc": 0.2476,
            "train_val_gap": 0.00686922717222388,
            "lr": 0.003861383647548492,
            "time_seconds": 119.46974515914917
        },
        {
            "epoch": 13,
            "train_loss": 2.0943768325169883,
            "train_acc": 0.2580550447037433,
            "val_loss": 1.9691646087646484,
            "val_acc": 0.317,
            "train_val_gap": -0.05894495529625671,
            "lr": 0.003856076329939231,
            "time_seconds": 119.47325301170349
        },
        {
            "epoch": 14,
            "train_loss": 2.0859234369066026,
            "train_acc": 0.2584507730806592,
            "val_loss": 1.982247844696045,
            "val_acc": 0.313,
            "train_val_gap": -0.054549226919340776,
            "lr": 0.0038486542571445044,
            "time_seconds": 119.50280737876892
        },
        {
            "epoch": 15,
            "train_loss": 2.0572168845706518,
            "train_acc": 0.2773622301543418,
            "val_loss": 1.9485681596755982,
            "val_acc": 0.3218,
            "train_val_gap": -0.04443776984565817,
            "lr": 0.003839125590238914,
            "time_seconds": 119.51968836784363
        }
    ],