{
    "trial_number": 36,
    "parameters": {
        "pe_type": "rpe",
        "img_size": 32,
        "embed_dim": 128,
        "depth": 12,
        "num_heads": 8,
        "patch_size": 4,
        "mixup_alpha": 0.30000000000000004,
        "label_smoothing": 0.1,
        "drop_rate": 0.45000000000000007,
        "random_erasing_prob": 0.0,
        "color_jitter_brightness": 0.05,
        "color_jitter_contrast": 0.15000000000000002,
        "weight_decay": 0.021750083652475702,
        "early_stopping_patience": 9,
        "early_stopping_delta": 0.0020214744338910694,
        "lr": 0.0002873426157320194,
        "warmup_epochs": 10,
        "lr_decay_factor": 0.65,
        "batch_size": 64,
        "device": "cuda",
        "num_workers": 4,
        "random_crop_padding": 4,
        "output_dir": "results/bo_results/rpe/trial_36",
        "seed": 42,
        "mlp_ratio": 4.0,
        "epochs": 100,
        "checkpoint_dir": "results/bo_results/rpe/trial_36/checkpoints"
    },
    "validation_accuracy": 0.7658,
    "best_epoch": 76,
    "early_stopped": true,
    "training_time": 1663.5593028068542,
    "final_train_acc": 0.8276584474968474,
    "final_val_acc": 0.7658,
    "best_val_acc": 0.768,
    "final_train_loss": 0.9966863124847413,
    "final_val_loss": 1.1968423736572265,
    "avg_train_val_gap": -0.006174796202034459
}