{
    "train_loss": [
        2.336877563518948,
        1.7237318028555977,
        1.430932907485962,
        1.312858604176839,
        1.2420725106133355,
        1.193316965505812,
        1.16334076845381,
        1.1402053486718071,
        1.1207646585676405,
        1.0612238627327812,
        0.9841469982888964,
        0.9150964890480041,
        0.8334839643054538,
        0.7549224345631069,
        0.6848980592515733,
        0.6159604694578382,
        0.558600420167711,
        0.5026798507902357,
        0.4659195170932346,
        0.4266886837535434,
        0.40720512896643746,
        0.3906115753385756,
        0.36945154337882996,
        0.3557644353442722,
        0.34405850433243645,
        0.3343421804534064,
        0.3277140202999115,
        0.3174067954354816,
        0.3119597076389525,
        0.30508397890726724,
        0.29855415901872845
    ],
    "train_acc": [
        0.09928888888888888,
        0.3863111111111111,
        0.5089555555555556,
        0.5563555555555556,
        0.5856888888888889,
        0.6067111111111111,
        0.6161777777777778,
        0.6264444444444445,
        0.6353777777777778,
        0.6607333333333333,
        0.6895111111111111,
        0.7165555555555555,
        0.7467555555555555,
        0.7798666666666667,
        0.8064222222222223,
        0.8344222222222222,
        0.8562222222222222,
        0.8776,
        0.8943777777777778,
        0.9078888888888889,
        0.9149555555555555,
        0.9217111111111111,
        0.9293333333333333,
        0.9357555555555556,
        0.94,
        0.9436888888888889,
        0.9461333333333334,
        0.9500444444444445,
        0.9526888888888889,
        0.9549777777777778,
        0.9576222222222223
    ],
    "val_loss": [
        2.334578192901611,
        1.5210573558807372,
        1.4040541091918946,
        1.328856529521942,
        1.3336855684280395,
        1.3388311142921447,
        1.3131856006622316,
        1.3421558801651001,
        1.3413575038909913,
        1.2915932646751405,
        1.2812489448547364,
        1.2966755109786987,
        1.281447410583496,
        1.3338617450714112,
        1.3450134229660033,
        1.377542004776001,
        1.4024751976013183,
        1.4779791358947754,
        1.4944862041473388,
        1.6122500917434692,
        1.5950913318634032,
        1.578890951538086,
        1.5979966598510742,
        1.6288225318908691,
        1.630716575717926,
        1.6506699407577514,
        1.6333891798019409,
        1.61754559173584,
        1.7011209526062012,
        1.6226874298095704,
        1.7654052318572997
    ],
    "val_acc": [
        0.1064,
        0.469,
        0.5242,
        0.5534,
        0.548,
        0.5548,
        0.5558,
        0.556,
        0.5584,
        0.576,
        0.5892,
        0.5826,
        0.587,
        0.594,
        0.5902,
        0.5982,
        0.5986,
        0.5972,
        0.602,
        0.5904,
        0.5946,
        0.5998,
        0.599,
        0.5898,
        0.604,
        0.5982,
        0.6,
        0.604,
        0.585,
        0.6016,
        0.5824
    ],
    "lr": [
        0.00012932066342701112,
        0.00025864132685402225,
        0.00038796199028103337,
        0.0005172826537080445,
        0.0006466033171350556,
        0.0007759239805620667,
        0.0009052446439890779,
        0.001034565307416089,
        0.0010342931431312117,
        0.001033476936670865,
        0.0010321175469165367,
        0.0010302164043331293,
        0.0010277755094637033,
        0.0010247974308243374,
        0.0010212853022013176,
        0.001017242819353504,
        0.0010126742361233375,
        0.0010075843599605904,
        0.0010019785468635587,
        0.0009958626957430284,
        0.0009892432422149429,
        0.0009821271518283025,
        0.000974521912735425,
        0.0009664355278122788,
        0.0009578765062371787,
        0.0009488538545367096,
        0.0009393770671082967,
        0.0009294561162293979,
        0.0009191014415638285,
        0.0009083239391762659,
        0.0008971349500664866
    ],
    "epoch_times": [
        17.08471393585205,
        16.870267152786255,
        16.512526988983154,
        16.667423248291016,
        16.516534090042114,
        16.303845405578613,
        16.7413489818573,
        16.533804178237915,
        16.713013410568237,
        16.35022783279419,
        16.70816946029663,
        16.372845888137817,
        16.798067331314087,
        16.529363870620728,
        16.429510354995728,
        16.736541986465454,
        16.5134437084198,
        16.66398286819458,
        16.18125319480896,
        16.64518427848816,
        16.436812162399292,
        16.629323482513428,
        16.58235001564026,
        16.5814790725708,
        16.764528274536133,
        16.242305994033813,
        16.57798194885254,
        16.303247213363647,
        16.71460461616516,
        16.434945821762085,
        16.672933340072632
    ],
    "detailed_epochs": [
        {
            "epoch": 1,
            "train_loss": 2.336877563518948,
            "train_acc": 0.09928888888888888,
            "val_loss": 2.334578192901611,
            "val_acc": 0.1064,
            "train_val_gap": -0.00711111111111111,
            "lr": 0.00012932066342701112,
            "time_seconds": 17.08471393585205
        },
        {
            "epoch": 2,
            "train_loss": 1.7237318028555977,
            "train_acc": 0.3863111111111111,
            "val_loss": 1.5210573558807372,
            "val_acc": 0.469,
            "train_val_gap": -0.08268888888888887,
            "lr": 0.00025864132685402225,
            "time_seconds": 16.870267152786255
        },
        {
            "epoch": 3,
            "train_loss": 1.430932907485962,
            "train_acc": 0.5089555555555556,
            "val_loss": 1.4040541091918946,
            "val_acc": 0.5242,
            "train_val_gap": -0.015244444444444394,
            "lr": 0.00038796199028103337,
            "time_seconds": 16.512526988983154
        },
        {
            "epoch": 4,
            "train_loss": 1.312858604176839,
            "train_acc": 0.5563555555555556,
            "val_loss": 1.328856529521942,
            "val_acc": 0.5534,
            "train_val_gap": 0.0029555555555556,
            "lr": 0.0005172826537080445,
            "time_seconds": 16.667423248291016
        },
        {
            "epoch": 5,
            "train_loss": 1.2420725106133355,
            "train_acc": 0.5856888888888889,
            "val_loss": 1.3336855684280395,
            "val_acc": 0.548,
            "train_val_gap": 0.03768888888888888,
            "lr": 0.0006466033171350556,
            "time_seconds": 16.516534090042114
        },
        {
            "epoch": 6,
            "train_loss": 1.193316965505812,
            "train_acc": 0.6067111111111111,
            "val_loss": 1.3388311142921447,
            "val_acc": 0.5548,
            "train_val_gap": 0.05191111111111113,
            "lr": 0.0007759239805620667,
            "time_seconds": 16.303845405578613
        },
        {
            "epoch": 7,
            "train_loss": 1.16334076845381,
            "train_acc": 0.6161777777777778,
            "val_loss": 1.3131856006622316,
            "val_acc": 0.5558,
            "train_val_gap": 0.060377777777777863,
            "lr": 0.0009052446439890779,
            "time_seconds": 16.7413489818573
        },
        {
            "epoch": 8,
            "train_loss": 1.1402053486718071,
            "train_acc": 0.6264444444444445,
            "val_loss": 1.3421558801651001,
            "val_acc": 0.556,
            "train_val_gap": 0.07044444444444442,
            "lr": 0.001034565307416089,
            "time_seconds": 16.533804178237915
        },
        {
            "epoch": 9,
            "train_loss": 1.1207646585676405,
            "train_acc": 0.6353777777777778,
            "val_loss": 1.3413575038909913,