{
    "trial_number": 28,
    "parameters": {
        "pe_type": "rpe",
        "img_size": 32,
        "embed_dim": 320,
        "depth": 6,
        "num_heads": 16,
        "patch_size": 4,
        "mixup_alpha": 0.4,
        "label_smoothing": 0.09,
        "drop_rate": 0.2,
        "random_erasing_prob": 0.15000000000000002,
        "color_jitter_brightness": 0.15000000000000002,
        "color_jitter_contrast": 0.15000000000000002,
        "weight_decay": 0.05074635996665654,
        "early_stopping_patience": 12,
        "early_stopping_delta": 0.0019182816605595788,
        "lr": 7.558780915957664e-05,
        "warmup_epochs": 8,
        "lr_decay_factor": 0.8,
        "batch_size": 128,
        "device": "cuda",
        "num_workers": 4,
        "random_crop_padding": 4,
        "output_dir": "results/bo_results/rpe/trial_28",
        "seed": 42,
        "mlp_ratio": 4.0,
        "epochs": 100,
        "checkpoint_dir": "results/bo_results/rpe/trial_28/checkpoints"
    },
    "validation_accuracy": 0.7278,
    "best_epoch": 98,
    "early_stopped": false,
    "training_time": 1795.7104859352112,
    "final_train_acc": 0.841685135111394,
    "final_val_acc": 0.7278,
    "best_val_acc": 0.7302,
    "final_train_loss": 0.9357832574208578,
    "final_val_loss": 1.2326921154022217,
    "avg_train_val_gap": 0.04260290175348536
}