{
    "train_loss": [
        2.332444372558594,
        2.0481623324924043,
        1.9211470227559408,
        1.838370216263665,
        1.789763956006368,
        1.7261306040022109,
        1.679297068617079,
        1.6098918262905544,
        1.5623400595347086,
        1.5121801143222384,
        1.4818571495056152,
        1.4297697909037272,
        1.396194890001085,
        1.3821555529700384,
        1.3200777178870307,
        1.2541593471103245,
        1.2154251538382637,
        1.2036301105711196,
        1.1608478290981716,
        1.1501531155056424,
        1.111985728348626,
        1.069627309566074,
        1.0712914218902587,
        1.0770839863565234,
        1.0360265360196432,
        1.0070237953186034,
        1.0188231431325276,
        0.9396151977327135,
        0.9576306937959459,
        0.9252224270290799,
        0.9655604724884033,
        0.8822840828047859,
        0.9103612000147502,
        0.8970684688356187,
        0.9329095332781474
    ],
    "train_acc": [
        0.11287213810367543,
        0.27698697703819436,
        0.34002619715549665,
        0.38054148923386244,
        0.4055128076211596,
        0.4361987895791574,
        0.4570522434782207,
        0.4909873749496357,
        0.5128541464039288,
        0.538723837689155,
        0.5558671201351294,
        0.577756062409392,
        0.6001196631741423,
        0.6061369313109775,
        0.6372015657673508,
        0.6667316991495961,
        0.683581119382062,
        0.6946941114764584,
        0.7122503933804977,
        0.7171319540264913,
        0.738182164909839,
        0.7567855933240107,
        0.7582551402363865,
        0.757465292884548,
        0.7754631469683877,
        0.788660756889285,
        0.7840321662469171,
        0.8180028180623153,
        0.8112124150518832,
        0.8234592082450031,
        0.8090765280482504,
        0.843167096651789,
        0.8296878916167787,
        0.8380538820092454,
        0.8248377199383136
    ],
    "val_loss": [
        2.3142556385040285,
        1.8741387283325195,
        1.7467810714721679,
        1.720670548439026,
        1.6026028341293335,
        1.5630755681991577,
        1.509868847465515,
        1.4717368160247803,
        1.4193886903762818,
        1.4120215669631957,
        1.4191133829116822,
        1.3606904386520386,
        1.3685475645065308,
        1.3579827754974365,
        1.3409962730407714,
        1.3360507865905762,
        1.3539736801147462,
        1.367191386795044,
        1.3390914325714112,
        1.3770758893966675,
        1.3821854211807252,
        1.409666751766205,
        1.3901711277008058,
        1.420309223175049,
        1.4327619388580322,
        1.438094248008728,
        1.421158703994751,
        1.4507835926055908,
        1.4603956588745117,
        1.4847689231872558,
        1.5048440326690673,
        1.5351118068695069,
        1.511737798309326,
        1.4914362119674682,
        1.49189906539917
    ],
    "val_acc": [
        0.1284,
        0.3606,
        0.4158,
        0.4372,
        0.4814,
        0.4994,
        0.5254,
        0.5402,
        0.5604,
        0.5636,
        0.5696,
        0.5906,
        0.5888,
        0.5966,
        0.6044,
        0.6108,
        0.6094,
        0.6094,
        0.6164,
        0.6054,
        0.6046,
        0.6098,
        0.6132,
        0.6152,
        0.6118,
        0.6208,
        0.6086,
        0.6226,
        0.6128,
        0.6088,
        0.609,
        0.6062,
        0.6092,
        0.6088,
        0.6058
    ],
    "lr": [
        9.581320979450774e-06,
        1.9162641958901548e-05,
        2.874396293835232e-05,
        3.8325283917803096e-05,
        4.790660489725387e-05,
        5.748792587670464e-05,
        6.706924685615541e-05,
        7.665056783560619e-05,
        8.623188881505696e-05,
        9.581320979450773e-05,
        9.578402638519748e-05,
        9.569651171275557e-05,
        9.555077240032979e-05,
        9.53469860088229e-05,
        9.50854008205621e-05,
        9.476633553680512e-05,
        9.439017888945202e-05,
        9.395738916743509e-05,
        9.346849365836448e-05,
        9.292408800610939e-05,
        9.232483548509783e-05,
        9.167146619221891e-05,
        9.096477615731215e-05,
        9.020562637332785e-05,
        8.939494174733972e-05,
        8.853370997368812e-05,
        8.762298033062669e-05,
        8.666386240193833e-05,
        8.565752472507838e-05,
        8.460519336749162e-05,
        8.350815043283809e-05,
        8.236773249894712e-05,
        8.118532898940327e-05,
        7.99623804807476e-05,
        7.870037694735713e-05
    ],
    "epoch_times": [
        8.960012912750244,
        8.853502750396729,
        8.861729621887207,
        8.663761377334595,
        8.504280090332031,
        8.89760708808899,
        8.686376333236694,
        8.672608613967896,
        8.601362705230713,
        8.944173336029053,
        8.72658634185791,
        8.522419929504395,
        8.723167896270752,
        8.715495586395264,
        8.75635027885437,
        8.669382572174072,
        8.582695245742798,
        8.806171178817749,
        8.702022314071655,
        8.681457281112671,
        8.642182350158691,
        8.820587396621704,
        8.650940179824829,
        8.569254875183105,
        8.718051433563232,
        8.80611801147461,
        8.743672847747803,
        8.403391599655151,
        8.72110652923584,
        8.645795345306396,
        8.593127250671387,
        8.456454277038574,
        8.741065740585327,
        8.725023031234741,
        8.947744131088257
    ],
    "detailed_epochs": [
        {
            "epoch": 1,
            "train_loss": 2.332444372558594,
            "train_acc": 0.11287213810367543,
            "val_loss": 2.3142556385040285,
            "val_acc": 0.1284,
            "train_val_gap": -0.01552786189632456,
            "lr": 9.581320979450774e-06,
            "time_seconds": 8.960012912750244
        },
        {
            "epoch": 2,
            "train_loss": 2.0481623324924043,
            "train_acc": 0.27698697703819436,
            "val_loss": 1.8741387283325195,
            "val_acc": 0.3606,
            "train_val_gap": -0.08361302296180562,
            "lr": 1.9162641958901548e-05,
            "time_seconds": 8.853502750396729
        },
        {
            "epoch": 3,
            "train_loss": 1.9211470227559408,
            "train_acc": 0.34002619715549665,
            "val_loss": 1.7467810714721679,
            "val_acc": 0.4158,
            "train_val_gap": -0.07577380284450336,
            "lr": 2.874396293835232e-05,
            "time_seconds": 8.861729621887207
        },
        {
            "epoch": 4,
            "train_loss": 1.838370216263665,
            "train_acc": 0.38054148923386244,
            "val_loss": 1.720670548439026,
            "val_acc": 0.4372,
            "train_val_gap": -0.05665851076613754,
            "lr": 3.8325283917803096e-05,
            "time_seconds": 8.663761377334595
        },
        {
            "epoch": 5,
            "train_loss": 1.789763956006368,
            "train_acc": 0.4055128076211596,
            "val_loss": 1.6026028341293335,
            "val_acc": 0.4814,
            "train_val_gap": -0.0758871923788404,
            "lr": 4.790660489725387e-05,
            "time_seconds": 8.504280090332031
        },
        {
            "epoch": 6,
            "train_loss": 1.7261306040022109,
            "train_acc": 0.4361987895791574,
            "val_loss": 1.5630755681991577,
            "val_acc": 0.4994,
            "train_val_gap": -0.06320121042084259,
            "lr": 5.748792587670464e-05,
            "time_seconds": 8.89760708808899
        },
        {
            "epoch": 7,
            "train_loss": 1.679297068617079,
            "train_acc": 0.4570522434782207,
            "val_loss": 1.509868847465515,
            "val_acc": 0.5254,