{
    "train_loss": [
        2.3468347152286104,
        2.1072701510535348,
        1.9897836003621419,
        1.902721318435669,
        1.8308820106930204,
        1.7715042950312296,
        1.7192762573666043,
        1.673899691942003,
        1.6555135663774279,
        1.6266211523691814,
        1.6075518720414903,
        1.5940069004906547,
        1.571760307290819,
        1.524528339428372,
        1.5112354653040567,
        1.5134596650441487,
        1.4933083014806112,
        1.490483662033081,
        1.4501992003334894,
        1.449572740427653,
        1.469292739253574,
        1.444680119281345,
        1.418765001826816,
        1.4264006876627604,
        1.411038436041938,
        1.3795984388775295,
        1.3754279138353136,
        1.396197093179491,
        1.3605350736194186,
        1.3530693972905476
    ],
    "train_acc": [
        0.09611969330824653,
        0.23580690924311223,
        0.3024945742260066,
        0.3513815218815235,
        0.3980941676822861,
        0.4261592304810285,
        0.45523978972126966,
        0.4787557397250095,
        0.49020186696620915,
        0.507666442615012,
        0.5158833033840852,
        0.5241061957671537,
        0.535638995800762,
        0.5600557005502812,
        0.5671762520672095,
        0.5670935614276565,
        0.5742887157231807,
        0.5803869057757101,
        0.5951186093748275,
        0.5979979577228628,
        0.592320348898542,
        0.600830526680499,
        0.6130413894288126,
        0.6104651362661572,
        0.6208254173474714,
        0.6330268810836579,
        0.6335223539107914,
        0.6272432584105845,
        0.6437455763547574,
        0.6476229519634331
    ],
    "val_loss": [
        2.329528717803955,
        1.91846880569458,
        1.8203377786636352,
        1.7317126398086549,
        1.5556191104888917,
        1.551053595352173,
        1.4503584772109985,
        1.4019927011489868,
        1.3764226974487304,
        1.335763621711731,
        1.32997129611969,
        1.2626165685653687,
        1.2302934623718262,
        1.2470548709869385,
        1.1906746465682982,
        1.23661348361969,
        1.2200251525878907,
        1.1782118870735168,
        1.1620200933456422,
        1.161117963027954,
        1.1985573093414306,
        1.19719381608963,
        1.130624045085907,
        1.14046258354187,
        1.0827020082473755,
        1.1485648040771483,
        1.0950224556922912,
        1.0948004671096803,
        1.08262223072052,
        1.0984643585205078
    ],
    "val_acc": [
        0.1192,
        0.3186,
        0.3766,
        0.429,
        0.5098,
        0.5058,
        0.574,
        0.5842,
        0.5892,
        0.6124,
        0.6084,
        0.6474,
        0.6566,
        0.6524,
        0.6742,
        0.6586,
        0.67,
        0.6846,
        0.687,
        0.6856,
        0.6766,
        0.6804,
        0.7098,
        0.7034,
        0.733,
        0.6956,
        0.7246,
        0.7282,
        0.7292,
        0.7204
    ],
    "lr": [
        8.312101359007714e-05,
        0.00016624202718015427,
        0.00024936304077023143,
        0.00033248405436030854,
        0.00041560506795038565,
        0.0004987260815404629,
        0.00058184709513054,
        0.0006649681087206171,
        0.0006648731269375916,
        0.0006645882358560143,
        0.0006641135982473779,
        0.0006634494852941693,
        0.0006625962764349306,
        0.0006615544591474683,
        0.0006603246286703342,
        0.0006589074876627388,
        0.0006573038458030888,
        0.0006555146193263806,
        0.0006535408305007123,
        0.0006513836070432153,
        0.0006490441814757367,
        0.000646523890420642,
        0.0006438241738371415,
        0.0006409465741985741,
        0.0006378927356111214,
        0.0006346644028744533,
        0.0006312634204848422,
        0.0006276917315813183,
        0.0006239513768354626,
        0.0006200444932854773
    ],
    "epoch_times": [
        49.77222299575806,
        49.230957984924316,
        49.26498293876648,
        49.24291467666626,
        49.2221953868866,
        49.21571350097656,
        49.22671556472778,
        49.27202033996582,
        49.190823554992676,
        49.24090003967285,
        49.23735499382019,
        49.22780156135559,
        49.25780367851257,
        49.29049110412598,
        49.24867224693298,
        49.28368425369263,
        49.20165801048279,
        49.30267643928528,
        49.22762393951416,
        49.31637096405029,
        49.244314670562744,
        49.2298846244812,
        49.18911099433899,
        49.244117736816406,
        49.22640633583069,
        49.232295513153076,
        49.2477650642395,
        49.24596357345581,
        49.208558320999146,
        49.30190324783325
    ],
    "detailed_epochs": [
        {
            "epoch": 1,
            "train_loss": 2.3468347152286104,
            "train_acc": 0.09611969330824653,
            "val_loss": 2.329528717803955,
            "val_acc": 0.1192,
            "train_val_gap": -0.02308030669175347,
            "lr": 8.312101359007714e-05,
            "time_seconds": 49.77222299575806
        },
        {
            "epoch": 2,
            "train_loss": 2.1072701510535348,
            "train_acc": 0.23580690924311223,
            "val_loss": 1.91846880569458,
            "val_acc": 0.3186,
            "train_val_gap": -0.08279309075688776,
            "lr": 0.00016624202718015427,
            "time_seconds": 49.230957984924316
        },
        {
            "epoch": 3,
            "train_loss": 1.9897836003621419,
            "train_acc": 0.3024945742260066,
            "val_loss": 1.8203377786636352,
            "val_acc": 0.3766,
            "train_val_gap": -0.07410542577399337,
            "lr": 0.00024936304077023143,
            "time_seconds": 49.26498293876648
        },
        {
            "epoch": 4,
            "train_loss": 1.902721318435669,
            "train_acc": 0.3513815218815235,
            "val_loss": 1.7317126398086549,
            "val_acc": 0.429,
            "train_val_gap": -0.0776184781184765,
            "lr": 0.00033248405436030854,
            "time_seconds": 49.24291467666626
        },
        {
            "epoch": 5,
            "train_loss": 1.8308820106930204,
            "train_acc": 0.3980941676822861,
            "val_loss": 1.5556191104888917,
            "val_acc": 0.5098,
            "train_val_gap": -0.11170583231771392,
            "lr": 0.00041560506795038565,
            "time_seconds": 49.2221953868866
        },
        {
            "epoch": 6,
            "train_loss": 1.7715042950312296,
            "train_acc": 0.4261592304810285,
            "val_loss": 1.551053595352173,
            "val_acc": 0.5058,
            "train_val_gap": -0.07964076951897153,
            "lr": 0.0004987260815404629,
            "time_seconds": 49.21571350097656
        },
        {
            "epoch": 7,
            "train_loss": 1.7192762573666043,
            "train_acc": 0.45523978972126966,
            "val_loss": 1.4503584772109985,
            "val_acc": 0.574,
            "train_val_gap": -0.1187602102787303,
            "lr": 0.00058184709513054,
            "time_seconds": 49.22671556472778
        },
        {
            "epoch": 8,
            "train_loss": 1.673899691942003,
            "train_acc": 0.4787557397250095,
            "val_loss": 1.4019927011489868,
            "val_acc": 0.5842,
            "train_val_gap": -0.10544426027499054,
            "lr": 0.0006649681087206171,
            "time_seconds": 49.27202033996582
        },
        {
            "epoch": 9,
            "train_loss": 1.6555135663774279,
            "train_acc": 0.49020186696620915,
            "val_loss": 1.3764226974487304,
            "val_acc": 0.5892,
            "train_val_gap": -0.09899813303379079,
            "lr": 0.0006648731269375916,