{
    "train_loss": [
        2.330296854909261,
        1.5927523039923774,
        1.3486114308039348,
        1.26818336142434,
        1.2612788199742635,
        1.1969397018538581,
        1.170822664811876,
        1.0752738343768649,
        1.0268829061508178,
        0.9583898959689671,
        0.8864586471557617,
        0.8530975891113282,
        0.8300071205033196,
        0.7834590748257108,
        0.7822147492090861,
        0.6403149475945367,
        0.635990188466178,
        0.6328302828788758,
        0.5391368856377072,
        0.6096797416316139,
        0.5694829352908665,
        0.5277969403134452,
        0.5005365696907044,
        0.5859363795386421,
        0.528743727461497,
        0.5484305209265815,
        0.4955254575716125,
        0.4975394479433696,
        0.4498832357035743,
        0.45486312640508014,
        0.468953855058882,
        0.5059957361751133,
        0.3973444874604543,
        0.42569021973080107,
        0.4728172375884321
    ],
    "train_acc": [
        0.09991111111111112,
        0.43667761208293815,
        0.5410265988412044,
        0.5705124490522971,
        0.5765026826370524,
        0.5992981248376048,
        0.6133047887906998,
        0.6457784811400138,
        0.6658109753732773,
        0.6946562750850986,
        0.7209634074358862,
        0.7323740182460051,
        0.7494849950826551,
        0.7652459000784964,
        0.7721453945847374,
        0.8158259312904199,
        0.8242748894433405,
        0.8280941595543333,
        0.8568910022934146,
        0.8370500683613968,
        0.8521431265558522,
        0.8649661279478376,
        0.8758141075269106,
        0.8529405287507325,
        0.869606539333188,
        0.8609424128217585,
        0.878861170104986,
        0.8786407947703354,
        0.8933757314489107,
        0.8917062984100442,
        0.8872339153538092,
        0.8773851258779617,
        0.9110706614657246,
        0.8993513197913573,
        0.8889278617216646
    ],
    "val_loss": [
        2.333446752166748,
        1.1987834400177002,
        1.1390384519577026,
        1.0880362022399903,
        1.0777121373176575,
        1.0515931571960448,
        1.0177983888626099,
        0.9889787975311279,
        0.9512301015853882,
        0.9453210874557495,
        0.96352426071167,
        0.9284335434913635,
        0.9122424243927002,
        0.9603115288734436,
        0.9476975936889649,
        0.9323592491149902,
        0.9821793142318725,
        1.0293179734230042,
        1.1388909282684325,
        1.0732112721443177,
        1.0325178092956544,
        1.086157505607605,
        1.1051720998764039,
        1.0688204048156738,
        1.0934838806152343,
        1.0413819877624513,
        1.0588834523677826,
        1.1283454221725464,
        1.0950075429916382,
        1.1343006248474121,
        1.1148560508728027,
        1.0994283958435058,
        1.076133811187744,
        1.2120823955535889,
        1.0759516174316406
    ],
    "val_acc": [
        0.1008,
        0.5714,
        0.5896,
        0.6214,
        0.6214,
        0.6294,
        0.6372,
        0.6582,
        0.6658,
        0.6712,
        0.6646,
        0.6762,
        0.6866,
        0.6914,
        0.6928,
        0.695,
        0.6894,
        0.6908,
        0.6928,
        0.6926,
        0.691,
        0.7014,
        0.693,
        0.6988,
        0.6872,
        0.7072,
        0.703,
        0.7094,
        0.6994,
        0.6992,
        0.7074,
        0.702,
        0.7028,
        0.7052,
        0.7008
    ],
    "lr": [
        0.00023192761308039276,
        0.0004638552261607855,
        0.0006957828392411782,
        0.000927710452321571,
        0.0011596380654019637,
        0.0011593210536022434,
        0.0011583703648508298,
        0.0011567870387119157,
        0.0011545728065293875,
        0.001151730089533628,
        0.0011482619961939355,
        0.0011441723188194588,
        0.001139465529412363,
        0.0011341467747777603,
        0.0011282218708957546,
        0.0011216972965617522,
        0.0011145801863019947,
        0.0011068783225720584,
        0.0010986001272468547,
        0.0010897546524114322,
        0.0010803515704626559,
        0.0010704011635325817,
        0.0010599143122450975,
        0.0010489024838181197,
        0.0010373777195243588,
        0.0010253526215243658,
        0.0010128403390862527,
        0.0009998545542071618,
        0.0009864094666522034,
        0.00097251977842722,
        0.000958200677702359,
        0.0009434678222040323,
        0.0009283373220934219,
        0.0009128257223502547,
        0.0008969499846811111
    ],
    "epoch_times": [
        24.4017596244812,
        23.87713623046875,
        23.869664669036865,
        23.947879791259766,
        23.898938179016113,
        23.910075902938843,
        23.82691240310669,
        23.814432621002197,
        23.820760011672974,
        23.884654760360718,
        23.822739362716675,
        23.810227155685425,
        23.85312795639038,
        23.83968424797058,
        23.89009952545166,
        23.819180250167847,
        23.839895486831665,
        23.88259983062744,
        23.891796350479126,
        23.85210394859314,
        23.912394046783447,
        23.81169104576111,
        23.890563011169434,
        23.9158775806427,
        23.79015040397644,
        23.8528470993042,
        23.864004373550415,
        23.840967416763306,
        23.899965524673462,
        23.8810977935791,
        23.832906246185303,
        23.832340717315674,
        23.79588007926941,
        23.839308261871338,
        23.797335863113403
    ],
    "detailed_epochs": [
        {
            "epoch": 1,
            "train_loss": 2.330296854909261,
            "train_acc": 0.09991111111111112,
            "val_loss": 2.333446752166748,
            "val_acc": 0.1008,
            "train_val_gap": -0.0008888888888888835,
            "lr": 0.00023192761308039276,
            "time_seconds": 24.4017596244812
        },
        {
            "epoch": 2,
            "train_loss": 1.5927523039923774,
            "train_acc": 0.43667761208293815,
            "val_loss": 1.1987834400177002,
            "val_acc": 0.5714,
            "train_val_gap": -0.13472238791706187,
            "lr": 0.0004638552261607855,
            "time_seconds": 23.87713623046875
        },
        {
            "epoch": 3,
            "train_loss": 1.3486114308039348,
            "train_acc": 0.5410265988412044,
            "val_loss": 1.1390384519577026,
            "val_acc": 0.5896,
            "train_val_gap": -0.048573401158795604,
            "lr": 0.0006957828392411782,
            "time_seconds": 23.869664669036865
        },
        {
            "epoch": 4,
            "train_loss": 1.26818336142434,
            "train_acc": 0.5705124490522971,
            "val_loss": 1.0880362022399903,
            "val_acc": 0.6214,
            "train_val_gap": -0.05088755094770281,
            "lr": 0.000927710452321571,
            "time_seconds": 23.947879791259766
        },
        {
            "epoch": 5,
            "train_loss": 1.2612788199742635,
            "train_acc": 0.5765026826370524,
            "val_loss": 1.0777121373176575,
            "val_acc": 0.6214,
            "train_val_gap": -0.04489731736294755,
            "lr": 0.0011596380654019637,
            "time_seconds": 23.898938179016113
        },
        {
            "epoch": 6,
            "train_loss": 1.1969397018538581,
            "train_acc": 0.5992981248376048,
            "val_loss": 1.0515931571960448,
            "val_acc": 0.6294,
            "train_val_gap": -0.030101875162395153,
            "lr": 0.0011593210536022434,
            "time_seconds": 23.910075902938843
        },
        {
            "epoch": 7,
            "train_loss": 1.170822664811876,
            "train_acc": 0.6133047887906998,
            "val_loss": 1.0177983888626099,
            "val_acc": 0.6372,