{
    "train_loss": [
        2.3307046358744303,
        2.022204477628072,
        1.7065997359805638,
        1.5335454376432631,
        1.4681218405829535,
        1.3792911166932849,
        1.3614169065687391,
        1.3007188047620986,
        1.2712205015818279,
        1.2070928737004598,
        1.1532928699493408,
        1.1056433137257893,
        1.0947001107109917,
        1.0498298849317762,
        1.0565758185916476,
        0.9437772186067369,
        0.9196232532501221,
        0.893681603749593,
        0.8320255337185329,
        0.8604980590608385,
        0.847863343334198,
        0.7796569171375699,
        0.7718153211487664,
        0.7778877131356133,
        0.7730188049740262
    ],
    "train_acc": [
        0.10064444444444444,
        0.27828665456260493,
        0.44939966350355987,
        0.5329502609318884,
        0.5647741942610149,
        0.60793025451699,
        0.6189867622548685,
        0.6450690413141664,
        0.6606429963534082,
        0.6900744380928416,
        0.7170805032561206,
        0.7373023636571476,
        0.7469841886375457,
        0.7691110046338869,
        0.7717092133767415,
        0.8150059186259819,
        0.8291834347677863,
        0.8416128753246765,
        0.8674441783591901,
        0.8625401157092636,
        0.8701044213094907,
        0.8938335765245305,
        0.8989655241342311,
        0.8995531752083272,
        0.9028574885393834
    ],
    "val_loss": [
        2.330490851974487,
        1.8193175601959228,
        1.5666929071426392,
        1.4434297382354737,
        1.3728051994323731,
        1.3535284524917603,
        1.3402073875427245,
        1.31929854221344,
        1.3175957792282105,
        1.2752895095825196,
        1.2916385292053223,
        1.303737850189209,
        1.276063116836548,
        1.3092497249603272,
        1.288213105583191,
        1.318279668045044,
        1.334247435760498,
        1.351401194190979,
        1.3836012676239013,
        1.3887529741287232,
        1.426045694732666,
        1.4344438413619995,
        1.4582971813201904,
        1.4200421184539795,
        1.4400843814849853
    ],
    "val_acc": [
        0.0942,
        0.3858,
        0.5108,
        0.5618,
        0.6018,
        0.614,
        0.617,
        0.6244,
        0.6276,
        0.6466,
        0.6468,
        0.642,
        0.6526,
        0.6534,
        0.6564,
        0.6486,
        0.652,
        0.6494,
        0.6492,
        0.6478,
        0.6428,
        0.6478,
        0.643,
        0.6542,
        0.6524
    ],
    "lr": [
        6.360400797279298e-05,
        0.00012720801594558596,
        0.00019081202391837894,
        0.0002544160318911719,
        0.0003180200398639649,
        0.0003816240478367579,
        0.00044522805580955087,
        0.0005088320637823439,
        0.0005087371363935749,
        0.0005084524250656431,
        0.0005079781422608113,
        0.0005073146419066826,
        0.0005064624191320868,
        0.0005054221098975965,
        0.0005041944905209491,
        0.0005027804770977301,
        0.0005011811248177476,
        0.0004993976271776104,
        0.0004974313150900965,
        0.0004952836558909753,
        0.0004929562522440274,
        0.0004904508409450764,
        0.0004877692916259265,
        0.00048491360535917415,
        0.00048188591316493173
    ],
    "epoch_times": [
        8.174817323684692,
        8.01987886428833,
        8.059694528579712,
        7.77893590927124,
        7.8504250049591064,
        8.215567827224731,
        7.943140983581543,
        8.022895574569702,
        7.798226833343506,
        7.695940017700195,
        7.794652462005615,
        7.154728651046753,
        7.749942302703857,
        8.201231956481934,
        7.8060455322265625,
        7.839627742767334,
        7.7464070320129395,
        7.962605714797974,
        7.653887748718262,
        7.948478698730469,
        7.786348819732666,
        7.822184801101685,
        8.099331855773926,
        7.750613212585449,
        8.074455499649048
    ],
    "detailed_epochs": [
        {
            "epoch": 1,
            "train_loss": 2.3307046358744303,
            "train_acc": 0.10064444444444444,
            "val_loss": 2.330490851974487,
            "val_acc": 0.0942,
            "train_val_gap": 0.006444444444444433,
            "lr": 6.360400797279298e-05,
            "time_seconds": 8.174817323684692
        },
        {
            "epoch": 2,
            "train_loss": 2.022204477628072,
            "train_acc": 0.27828665456260493,
            "val_loss": 1.8193175601959228,
            "val_acc": 0.3858,
            "train_val_gap": -0.10751334543739505,
            "lr": 0.00012720801594558596,
            "time_seconds": 8.01987886428833
        },
        {
            "epoch": 3,
            "train_loss": 1.7065997359805638,
            "train_acc": 0.44939966350355987,
            "val_loss": 1.5666929071426392,
            "val_acc": 0.5108,
            "train_val_gap": -0.06140033649644017,
            "lr": 0.00019081202391837894,
            "time_seconds": 8.059694528579712
        },
        {
            "epoch": 4,
            "train_loss": 1.5335454376432631,
            "train_acc": 0.5329502609318884,
            "val_loss": 1.4434297382354737,
            "val_acc": 0.5618,
            "train_val_gap": -0.028849739068111613,
            "lr": 0.0002544160318911719,
            "time_seconds": 7.77893590927124
        },
        {
            "epoch": 5,
            "train_loss": 1.4681218405829535,
            "train_acc": 0.5647741942610149,
            "val_loss": 1.3728051994323731,
            "val_acc": 0.6018,
            "train_val_gap": -0.03702580573898506,
            "lr": 0.0003180200398639649,
            "time_seconds": 7.8504250049591064
        },
        {
            "epoch": 6,
            "train_loss": 1.3792911166932849,
            "train_acc": 0.60793025451699,
            "val_loss": 1.3535284524917603,
            "val_acc": 0.614,
            "train_val_gap": -0.006069745483009981,
            "lr": 0.0003816240478367579,
            "time_seconds": 8.215567827224731
        },
        {
            "epoch": 7,
            "train_loss": 1.3614169065687391,
            "train_acc": 0.6189867622548685,
            "val_loss": 1.3402073875427245,
            "val_acc": 0.617,
            "train_val_gap": 0.0019867622548684905,
            "lr": 0.00044522805580955087,
            "time_seconds": 7.943140983581543
        },
        {
            "epoch": 8,
            "train_loss": 1.3007188047620986,
            "train_acc": 0.6450690413141664,
            "val_loss": 1.31929854221344,
            "val_acc": 0.6244,
            "train_val_gap": 0.02066904131416647,
            "lr": 0.0005088320637823439,
            "time_seconds": 8.022895574569702
        },
        {
            "epoch": 9,
            "train_loss": 1.2712205015818279,
            "train_acc": 0.6606429963534082,
            "val_loss": 1.3175957792282105,
            "val_acc": 0.6276,
            "train_val_gap": 0.03304299635340813,
            "lr": 0.0005087371363935749,
            "time_seconds": 7.798226833343506
        },
        {
            "epoch": 10,
            "train_loss": 1.2070928737004598,
            "train_acc": 0.6900744380928416,
            "val_loss": 1.2752895095825196,
            "val_acc": 0.6466,
            "train_val_gap": 0.04347443809284168,
            "lr": 0.0005084524250656431,
            "time_seconds": 7.695940017700195
        },
        {
            "epoch": 11,
            "train_loss": 1.1532928699493408,
            "train_acc": 0.7170805032561206,
            "val_loss": 1.2916385292053223,
            "val_acc": 0.6468,
            "train_val_gap": 0.07028050325612056,
            "lr": 0.0005079781422608113,
            "time_seconds": 7.794652462005615
        },
        {
            "epoch": 12,