{
    "train_loss": [
        2.3186917763180204,
        1.7231175639258491,
        1.5403078038957383,
        1.5340570325215657,
        1.502530346277025,
        1.4219330126020644,
        1.350742618836297,
        1.266642639541626,
        1.2933441474490694,
        1.1904430510203043,
        1.176791438600752,
        1.1798483773443433,
        1.0969374560779996,
        1.067078412606981,
        1.0567014048894245,
        0.9950684214380052,
        1.0025021004252963,
        0.9343760118272569,
        0.9333400030242073,
        0.9463408948686388,
        0.8737312299304538,
        0.8713798964606391,
        0.8810904715749952,
        0.9148936034096612,
        0.9060938576592339,
        0.8721487681070964,
        0.8543945781654781,
        0.9174727279239231,
        0.8475158552381727,
        0.845363239924113,
        0.8147519688500299,
        0.7776623949898613,
        0.8082958152929942
    ],
    "train_acc": [
        0.10064444444444444,
        0.42695424979725255,
        0.5175768449266035,
        0.5202315715027379,
        0.5342778613019148,
        0.5750965582674284,
        0.6076688330848332,
        0.6404511417718602,
        0.6340366784857728,
        0.6772334988421882,
        0.6884788945573294,
        0.68942810167936,
        0.7192396823856604,
        0.7355734189734181,
        0.7408417624586703,
        0.7654488860307658,
        0.7635890959276508,
        0.7916615844367519,
        0.7959861720486296,
        0.7928946674146985,
        0.8206792345882794,
        0.8211895258181995,
        0.8207049803129967,
        0.8077649940039446,
        0.8142361458349818,
        0.8256021993395588,
        0.8275410686681465,
        0.8059346657536763,
        0.838745027226149,
        0.8368801817269254,
        0.846281012089254,
        0.8637254656268547,
        0.8501396609351332
    ],
    "val_loss": [
        2.324302659225464,
        1.3409867547988892,
        1.3319848657608033,
        1.3256321229934693,
        1.3084945652008058,
        1.1886761743545533,
        1.1073554515838624,
        1.0464197458267213,
        1.04343829536438,
        1.0218125059127807,
        1.0128718813896178,
        0.98864170627594,
        0.9860142208099365,
        1.0024235038757323,
        1.0070172889709472,
        0.9484143832206726,
        0.9743818797111511,
        0.9853543285369873,
        0.9860347343444824,
        0.9756944033622742,
        0.9830389530181884,
        0.979176824760437,
        0.9854834209442138,
        0.9820315706253052,
        0.9518992353439331,
        0.9614842365264893,
        0.9618968814849853,
        0.9448789552688599,
        0.9854340940475463,
        0.9483603481292725,
        0.965670547580719,
        0.974781348991394,
        0.9606149007797241
    ],
    "val_acc": [
        0.0942,
        0.5836,
        0.5888,
        0.5974,
        0.603,
        0.6538,
        0.6794,
        0.7058,
        0.7064,
        0.7202,
        0.7238,
        0.7308,
        0.7406,
        0.732,
        0.727,
        0.7526,
        0.7482,
        0.749,
        0.745,
        0.7546,
        0.758,
        0.755,
        0.7682,
        0.7526,
        0.7686,
        0.7692,
        0.7624,
        0.7646,
        0.7598,
        0.769,
        0.7602,
        0.7578,
        0.7734
    ],
    "lr": [
        0.0006963955870607588,
        0.0013927911741215175,
        0.0020891867611822763,
        0.002785582348243035,
        0.002785043553762184,
        0.002783427587179672,
        0.002780735698753098,
        0.002776969971170313,
        0.0027721333179380582,
        0.0027662294811278167,
        0.002759263028480609,
        0.0027512393498729747,
        0.0027421646531468795,
        0.0027320459593067675,
        0.002720891097087478,
        0.00270870869689723,
        0.0026955081841403597,
        0.002681299771924977,
        0.0026660944531611834,
        0.0026499039920559637,
        0.0026327409150113334,
        0.0026146185009327857,
        0.0025955507709555297,
        0.0025755524775964754,
        0.002554639093340355,
        0.0025328267986688114,
        0.0025101324695417193,
        0.002486573664340417,
        0.0024621686102829603,
        0.0024369361893218987,
        0.002410895923535495,
        0.0023840679600236826,
        0.002356473055320451
    ],
    "epoch_times": [
        163.85271763801575,
        163.40535879135132,
        163.580952167511,
        164.05631947517395,
        163.97297024726868,
        163.73696041107178,
        163.72017168998718,
        163.6731870174408,
        163.5850431919098,
        163.65096259117126,
        163.6934037208557,
        163.63563704490662,
        163.7351586818695,
        163.73749566078186,
        163.64617347717285,
        163.65288639068604,
        163.70104598999023,
        163.61533617973328,
        163.56674885749817,
        163.57748818397522,
        163.49796104431152,
        163.4361617565155,
        163.4734275341034,
        163.62392687797546,
        163.50803565979004,
        163.52759623527527,
        163.65699338912964,
        163.48709917068481,
        163.53937602043152,
        163.5194296836853,
        163.58167171478271,
        163.5941104888916,
        163.51521635055542
    ],
    "detailed_epochs": [
        {
            "epoch": 1,
            "train_loss": 2.3186917763180204,
            "train_acc": 0.10064444444444444,
            "val_loss": 2.324302659225464,
            "val_acc": 0.0942,
            "train_val_gap": 0.006444444444444433,
            "lr": 0.0006963955870607588,
            "time_seconds": 163.85271763801575
        },
        {
            "epoch": 2,
            "train_loss": 1.7231175639258491,
            "train_acc": 0.42695424979725255,
            "val_loss": 1.3409867547988892,
            "val_acc": 0.5836,
            "train_val_gap": -0.15664575020274746,
            "lr": 0.0013927911741215175,
            "time_seconds": 163.40535879135132
        },
        {
            "epoch": 3,
            "train_loss": 1.5403078038957383,
            "train_acc": 0.5175768449266035,
            "val_loss": 1.3319848657608033,
            "val_acc": 0.5888,
            "train_val_gap": -0.0712231550733965,
            "lr": 0.0020891867611822763,
            "time_seconds": 163.580952167511
        },
        {
            "epoch": 4,
            "train_loss": 1.5340570325215657,
            "train_acc": 0.5202315715027379,
            "val_loss": 1.3256321229934693,
            "val_acc": 0.5974,
            "train_val_gap": -0.07716842849726213,
            "lr": 0.002785582348243035,
            "time_seconds": 164.05631947517395
        },
        {
            "epoch": 5,
            "train_loss": 1.502530346277025,
            "train_acc": 0.5342778613019148,
            "val_loss": 1.3084945652008058,
            "val_acc": 0.603,
            "train_val_gap": -0.06872213869808519,
            "lr": 0.002785043553762184,
            "time_seconds": 163.97297024726868
        },
        {
            "epoch": 6,
            "train_loss": 1.4219330126020644,
            "train_acc": 0.5750965582674284,
            "val_loss": 1.1886761743545533,
            "val_acc": 0.6538,
            "train_val_gap": -0.0787034417325716,
            "lr": 0.002783427587179672,
            "time_seconds": 163.73696041107178
        },
        {
            "epoch": 7,
            "train_loss": 1.350742618836297,
            "train_acc": 0.6076688330848332,
            "val_loss": 1.1073554515838624,
            "val_acc": 0.6794,
            "train_val_gap": -0.07173116691516679,
            "lr": 0.002780735698753098,
            "time_seconds": 163.72017168998718
        },
        {
            "epoch": 8,
            "train_loss": 1.266642639541626,
            "train_acc": 0.6404511417718602,
            "val_loss": 1.0464197458267213,