{
    "train_loss": [
        2.332904997338189,
        1.9858649416605632,
        1.8374679890738592,
        1.7254318824979995,
        1.6651819078445436,
        1.611731629032559,
        1.5372863995022243,
        1.5249067804548475,
        1.4793254430558946,
        1.4437268053690593,
        1.3887377173953586,
        1.4005519283718533,
        1.366199028778076,
        1.3550811370001898,
        1.2823735503514608,
        1.2739280381944444,
        1.2876527849621242,
        1.2512269134097629,
        1.2335795218997532,
        1.2194576383166842,
        1.1909703865051269,
        1.208196984524197,
        1.204922552511427,
        1.1712682110892403
    ],
    "train_acc": [
        0.10530827533209111,
        0.31621418495645964,
        0.3996398535050593,
        0.4549074846289853,
        0.4891096847634457,
        0.5220520009054664,
        0.5574382934284379,
        0.5668469394687378,
        0.5913928685411345,
        0.610504038801971,
        0.6350202872155951,
        0.6351422412294373,
        0.6498773399937238,
        0.6563453674644354,
        0.6904013635523254,
        0.6983758112011971,
        0.6905476776551771,
        0.7094950576961528,
        0.7193523167797282,
        0.7272766346825937,
        0.7401966759029559,
        0.7348695448176275,
        0.7351740913419282,
        0.7517899440783469
    ],
    "val_loss": [
        2.321408648300171,
        1.7510530994415283,
        1.612612412071228,
        1.4842045749664308,
        1.4522964286804199,
        1.4338702981948852,
        1.3716699396133423,
        1.3013845960617065,
        1.2489452732086181,
        1.22481697473526,
        1.1979685904502868,
        1.2259641134262085,
        1.1444930045127868,
        1.2063906341552735,
        1.119637354850769,
        1.1477443365097046,
        1.122096320438385,
        1.1043055295944213,
        1.0880637325286866,
        1.0909770969390868,
        1.1038079684257507,
        1.1235791221618652,
        1.119501413345337,
        1.1112529010772705
    ],
    "val_acc": [
        0.0944,
        0.4258,
        0.4982,
        0.5514,
        0.564,
        0.588,
        0.619,
        0.643,
        0.6674,
        0.6856,
        0.6948,
        0.6942,
        0.726,
        0.7038,
        0.7356,
        0.7222,
        0.7366,
        0.7476,
        0.7578,
        0.7554,
        0.7526,
        0.7524,
        0.7508,
        0.7562
    ],
    "lr": [
        4.236705916163459e-05,
        8.473411832326918e-05,
        0.00012710117748490377,
        0.00016946823664653837,
        0.00021183529580817297,
        0.00025420235496980754,
        0.00029656941413144214,
        0.00033893647329307674,
        0.0003388564469003538,
        0.0003386164433024074,
        0.00033821668916852484,
        0.0003376575620429814,
        0.00033693958998847265,
        0.00033606345108739026,
        0.0003350299728014128,
        0.00033384013119001676,
        0.0003324950499886462,
        0.0003309959995474102,
        0.0003293443956313124,
        0.0003275417980831436,
        0.0003255899093503025,
        0.0003234905728769338,
        0.00032124577136290384,
        0.0003188576248912572
    ],
    "epoch_times": [
        160.71120834350586,
        159.82602667808533,
        159.81150317192078,
        159.8132996559143,
        159.78190159797668,
        159.80075025558472,
        159.81693172454834,
        159.75855946540833,
        159.80389857292175,
        159.75015306472778,
        159.75553250312805,
        159.7868525981903,
        159.761164188385,
        159.72491574287415,
        159.7915472984314,
        159.77268028259277,
        159.7501401901245,
        159.7673773765564,
        159.807026386261,
        159.7656078338623,
        159.72890710830688,
        159.71444845199585,
        159.7526798248291,
        159.7282476425171
    ],
    "detailed_epochs": [
        {
            "epoch": 1,
            "train_loss": 2.332904997338189,
            "train_acc": 0.10530827533209111,
            "val_loss": 2.321408648300171,
            "val_acc": 0.0944,
            "train_val_gap": 0.010908275332091114,
            "lr": 4.236705916163459e-05,
            "time_seconds": 160.71120834350586
        },
        {
            "epoch": 2,
            "train_loss": 1.9858649416605632,
            "train_acc": 0.31621418495645964,
            "val_loss": 1.7510530994415283,
            "val_acc": 0.4258,
            "train_val_gap": -0.10958581504354037,
            "lr": 8.473411832326918e-05,
            "time_seconds": 159.82602667808533
        },
        {
            "epoch": 3,
            "train_loss": 1.8374679890738592,
            "train_acc": 0.3996398535050593,
            "val_loss": 1.612612412071228,
            "val_acc": 0.4982,
            "train_val_gap": -0.09856014649494066,
            "lr": 0.00012710117748490377,
            "time_seconds": 159.81150317192078
        },
        {
            "epoch": 4,
            "train_loss": 1.7254318824979995,
            "train_acc": 0.4549074846289853,
            "val_loss": 1.4842045749664308,
            "val_acc": 0.5514,
            "train_val_gap": -0.09649251537101472,
            "lr": 0.00016946823664653837,
            "time_seconds": 159.8132996559143
        },
        {
            "epoch": 5,
            "train_loss": 1.6651819078445436,
            "train_acc": 0.4891096847634457,
            "val_loss": 1.4522964286804199,
            "val_acc": 0.564,
            "train_val_gap": -0.07489031523655426,
            "lr": 0.00021183529580817297,
            "time_seconds": 159.78190159797668
        },
        {
            "epoch": 6,
            "train_loss": 1.611731629032559,
            "train_acc": 0.5220520009054664,
            "val_loss": 1.4338702981948852,
            "val_acc": 0.588,
            "train_val_gap": -0.06594799909453353,
            "lr": 0.00025420235496980754,
            "time_seconds": 159.80075025558472
        },
        {
            "epoch": 7,
            "train_loss": 1.5372863995022243,
            "train_acc": 0.5574382934284379,
            "val_loss": 1.3716699396133423,
            "val_acc": 0.619,
            "train_val_gap": -0.061561706571562125,
            "lr": 0.00029656941413144214,
            "time_seconds": 159.81693172454834
        },
        {
            "epoch": 8,
            "train_loss": 1.5249067804548475,
            "train_acc": 0.5668469394687378,
            "val_loss": 1.3013845960617065,
            "val_acc": 0.643,
            "train_val_gap": -0.07615306053126225,
            "lr": 0.00033893647329307674,
            "time_seconds": 159.75855946540833
        },
        {
            "epoch": 9,
            "train_loss": 1.4793254430558946,
            "train_acc": 0.5913928685411345,
            "val_loss": 1.2489452732086181,
            "val_acc": 0.6674,
            "train_val_gap": -0.0760071314588655,
            "lr": 0.0003388564469003538,
            "time_seconds": 159.80389857292175
        },
        {
            "epoch": 10,
            "train_loss": 1.4437268053690593,
            "train_acc": 0.610504038801971,
            "val_loss": 1.22481697473526,
            "val_acc": 0.6856,
            "train_val_gap": -0.07509596119802897,
            "lr": 0.0003386164433024074,
            "time_seconds": 159.75015306472778
        },
        {
            "epoch": 11,
            "train_loss": 1.3887377173953586,
            "train_acc": 0.6350202872155951,
            "val_loss": 1.1979685904502868,
            "val_acc": 0.6948,
            "train_val_gap": -0.05977971278440486,
            "lr": 0.00033821668916852484,
            "time_seconds": 159.75553250312805
        },
        {
            "epoch": 12,
            "train_loss": 1.4005519283718533,
            "train_acc": 0.6351422412294373,
            "val_loss": 1.2259641134262085,