{
    "train_loss": [
        2.344065096028646,
        2.0414363500171238,
        1.8387302369011773,
        1.7290928956773546,
        1.6720046591016982,
        1.6364625356462266,
        1.5610923475265504,
        1.5255499276267157,
        1.4683282552083334,
        1.4465806641684638,
        1.4183364722569785,
        1.4160392787085638,
        1.399805401102702,
        1.3576028678470187,
        1.2929967478646172,
        1.2981276071124606,
        1.2586965781529744,
        1.2722644369973077,
        1.2364288877487182,
        1.2033279292636447,
        1.2067240382300484,
        1.2266668503655327,
        1.1826714581913418,
        1.143143986193339,
        1.1542534512837728,
        1.1357732606040107
    ],
    "train_acc": [
        0.10064444444444444,
        0.2779984458325701,
        0.3897090052432166,
        0.44448455562142547,
        0.4751815574603358,
        0.49614730657797596,
        0.5338349000612883,
        0.5499841700897087,
        0.5816730963469186,
        0.5927451063273586,
        0.6081762272441991,
        0.6102615144667558,
        0.6195463545224835,
        0.640836491752064,
        0.6721229999829511,
        0.6717881810370127,
        0.6923211285917061,
        0.6884193360474151,
        0.7036226070686457,
        0.7172009793834793,
        0.7208958938605239,
        0.7102828003211341,
        0.7293892761153027,
        0.7481804112601128,
        0.7444899661303235,
        0.7565125512468428
    ],
    "val_loss": [
        2.3460237270355226,
        1.7983854393005372,
        1.6175584465026855,
        1.5167019416809082,
        1.4867218362808228,
        1.4237575700759888,
        1.4368536495208741,
        1.407766152572632,
        1.3964357275009156,
        1.3707121384620666,
        1.3790080032348633,
        1.4057470251083375,
        1.3779019157409669,
        1.39704115486145,
        1.3868707870483399,
        1.3997617240905762,
        1.410409914970398,
        1.398065934753418,
        1.4177351623535157,
        1.4675897059440612,
        1.4318643558502198,
        1.4355251081466676,
        1.457961519241333,
        1.5011051448822021,
        1.506712233352661,
        1.4705364610671996
    ],
    "val_acc": [
        0.0942,
        0.4014,
        0.485,
        0.5298,
        0.5484,
        0.5694,
        0.5668,
        0.5786,
        0.5882,
        0.5952,
        0.5934,
        0.5872,
        0.5932,
        0.5934,
        0.598,
        0.5964,
        0.6044,
        0.5928,
        0.5998,
        0.588,
        0.5988,
        0.5984,
        0.5996,
        0.5976,
        0.5992,
        0.6052
    ],
    "lr": [
        8.275864028135445e-05,
        0.0001655172805627089,
        0.00024827592084406333,
        0.0003310345611254178,
        0.0003309705315717348,
        0.0003307784924497276,
        0.0003304585923381938,
        0.0003300110787407331,
        0.0003294362978942559,
        0.0003287346945011029,
        0.00032790681138498393,
        0.000326953289071,
        0.0003258748652900753,
        0.00032467237440818243,
        0.00032334674678080106,
        0.00032189900803311096,
        0.0003203302782664763,
        0.0003186417711918336,
        0.00031683479319065573,
        0.0003149107423042171,
        0.00031287110715194297,
        0.0003107174657796788,
        0.00030845148443877165,
        0.0003060749162969081,
        0.00030358960008170497,
        0.0003009974586581039
    ],
    "epoch_times": [
        6.494848012924194,
        6.173988580703735,
        6.237342596054077,
        6.228410005569458,
        6.08812952041626,
        6.077056884765625,
        6.6127824783325195,
        6.224948883056641,
        6.190402984619141,
        6.237955808639526,
        6.460203170776367,
        6.313671588897705,
        6.236534833908081,
        6.426711797714233,
        6.085524559020996,
        6.133355617523193,
        6.359480142593384,
        6.351714849472046,
        6.283702373504639,
        6.3159472942352295,
        6.202559232711792,
        6.028841018676758,
        6.036826848983765,
        6.27410101890564,
        6.115906238555908,
        6.244987487792969
    ],
    "detailed_epochs": [
        {
            "epoch": 1,
            "train_loss": 2.344065096028646,
            "train_acc": 0.10064444444444444,
            "val_loss": 2.3460237270355226,
            "val_acc": 0.0942,
            "train_val_gap": 0.006444444444444433,
            "lr": 8.275864028135445e-05,
            "time_seconds": 6.494848012924194
        },
        {
            "epoch": 2,
            "train_loss": 2.0414363500171238,
            "train_acc": 0.2779984458325701,
            "val_loss": 1.7983854393005372,
            "val_acc": 0.4014,
            "train_val_gap": -0.12340155416742987,
            "lr": 0.0001655172805627089,
            "time_seconds": 6.173988580703735
        },
        {
            "epoch": 3,
            "train_loss": 1.8387302369011773,
            "train_acc": 0.3897090052432166,
            "val_loss": 1.6175584465026855,
            "val_acc": 0.485,
            "train_val_gap": -0.09529099475678338,
            "lr": 0.00024827592084406333,
            "time_seconds": 6.237342596054077
        },
        {
            "epoch": 4,
            "train_loss": 1.7290928956773546,
            "train_acc": 0.44448455562142547,
            "val_loss": 1.5167019416809082,
            "val_acc": 0.5298,
            "train_val_gap": -0.08531544437857458,
            "lr": 0.0003310345611254178,
            "time_seconds": 6.228410005569458
        },
        {
            "epoch": 5,
            "train_loss": 1.6720046591016982,
            "train_acc": 0.4751815574603358,
            "val_loss": 1.4867218362808228,
            "val_acc": 0.5484,
            "train_val_gap": -0.0732184425396642,
            "lr": 0.0003309705315717348,
            "time_seconds": 6.08812952041626
        },
        {
            "epoch": 6,
            "train_loss": 1.6364625356462266,
            "train_acc": 0.49614730657797596,
            "val_loss": 1.4237575700759888,
            "val_acc": 0.5694,
            "train_val_gap": -0.07325269342202406,
            "lr": 0.0003307784924497276,
            "time_seconds": 6.077056884765625
        },
        {
            "epoch": 7,
            "train_loss": 1.5610923475265504,
            "train_acc": 0.5338349000612883,
            "val_loss": 1.4368536495208741,
            "val_acc": 0.5668,
            "train_val_gap": -0.03296509993871166,
            "lr": 0.0003304585923381938,
            "time_seconds": 6.6127824783325195
        },
        {
            "epoch": 8,
            "train_loss": 1.5255499276267157,
            "train_acc": 0.5499841700897087,
            "val_loss": 1.407766152572632,
            "val_acc": 0.5786,
            "train_val_gap": -0.028615829910291324,
            "lr": 0.0003300110787407331,
            "time_seconds": 6.224948883056641
        },
        {
            "epoch": 9,
            "train_loss": 1.4683282552083334,
            "train_acc": 0.5816730963469186,
            "val_loss": 1.3964357275009156,
            "val_acc": 0.5882,
            "train_val_gap": -0.006526903653081395,
            "lr": 0.0003294362978942559,
            "time_seconds": 6.190402984619141
        },
        {
            "epoch": 10,
            "train_loss": 1.4465806641684638,
            "train_acc": 0.5927451063273586,
            "val_loss": 1.3707121384620666,
            "val_acc": 0.5952,
            "train_val_gap": -0.0024548936726414006,
            "lr": 0.0003287346945011029,
            "time_seconds": 6.237955808639526
        },
        {
            "epoch": 11,
            "train_loss": 1.4183364722569785,
            "train_acc": 0.6081762272441991,
            "val_loss": 1.3790080032348633,
            "val_acc": 0.5934,