{
    "trial_number": 42,
    "parameters": {
        "pe_type": "ape",
        "img_size": 32,
        "embed_dim": 320,
        "depth": 11,
        "num_heads": 4,
        "patch_size": 2,
        "mixup_alpha": 0.15000000000000002,
        "label_smoothing": 0.07,
        "drop_rate": 0.30000000000000004,
        "random_erasing_prob": 0.15000000000000002,
        "color_jitter_brightness": 0.1,
        "color_jitter_contrast": 0.1,
        "weight_decay": 0.08842650138000137,
        "early_stopping_patience": 11,
        "early_stopping_delta": 0.0007583770827126729,
        "lr": 0.0008703038056078679,
        "warmup_epochs": 8,
        "lr_decay_factor": 0.9,
        "batch_size": 128,
        "device": "cuda",
        "num_workers": 4,
        "random_crop_padding": 4,
        "output_dir": "results/bo_results/ape/trial_42",
        "seed": 42,
        "mlp_ratio": 4.0,
        "epochs": 100,
        "checkpoint_dir": "results/bo_results/ape/trial_42/checkpoints"
    },
    "validation_accuracy": 0.7422,
    "best_epoch": 32,
    "early_stopped": true,
    "training_time": 3890.5586230754852,
    "final_train_acc": 0.8582488521943153,
    "final_val_acc": 0.7422,
    "best_val_acc": 0.752,
    "final_train_loss": 0.7785559939596388,
    "final_val_loss": 1.0751374574661254,
    "avg_train_val_gap": 0.0030416997799196086
}