{
    "train_loss": [
        2.354768498950534,
        1.61317611196306,
        1.3711069430457221,
        1.2875818328857422,
        1.226501051372952,
        1.1743166355344985,
        1.1057479511684842,
        1.0401141644159952,
        0.9880569929334853,
        0.9395722586313884,
        0.8901101455476549,
        0.8455878055148655,
        0.8029860101275974,
        0.7598026763704088,
        0.725465112511317,
        0.695246624024709,
        0.6668781414243911,
        0.643295505979326,
        0.6291195476161109,
        0.6083392021232181,
        0.5940034877989028,
        0.5821616287019518,
        0.570029910129971,
        0.5650869597752889,
        0.5585197360992432,
        0.5464912655936347,
        0.5391829538716211,
        0.5368942135334015
    ],
    "train_acc": [
        0.09997777777777778,
        0.48046666666666665,
        0.5933777777777778,
        0.6332,
        0.6625111111111112,
        0.6845555555555556,
        0.7144666666666667,
        0.7464444444444445,
        0.7675555555555555,
        0.7902888888888889,
        0.8125111111111111,
        0.8322,
        0.8494444444444444,
        0.8702888888888889,
        0.8862888888888889,
        0.9003555555555556,
        0.9122888888888889,
        0.9220444444444444,
        0.9278888888888889,
        0.9368666666666666,
        0.9421555555555555,
        0.9488444444444445,
        0.9539111111111112,
        0.9563777777777778,
        0.958,
        0.9640222222222222,
        0.9663555555555555,
        0.9670666666666666
    ],
    "val_loss": [
        2.358889318084717,
        1.415848041534424,
        1.3110375692367553,
        1.2952018585205078,
        1.281711620903015,
        1.2149388806343078,
        1.195194786453247,
        1.1580547189712525,
        1.155800228691101,
        1.1396139785766601,
        1.1650584513664246,
        1.1401289388656617,
        1.1317270362854004,
        1.164461243915558,
        1.1935734439849854,
        1.1966720909118653,
        1.1835852495193482,
        1.2266324207305908,
        1.2520385692596436,
        1.2589437767028808,
        1.2237097415924072,
        1.2448629594802856,
        1.2521025199890137,
        1.2755068843841553,
        1.282918494987488,
        1.3021609062194823,
        1.3021876655578613,
        1.3087223021507264
    ],
    "val_acc": [
        0.1002,
        0.5666,
        0.6158,
        0.6288,
        0.633,
        0.669,
        0.6758,
        0.686,
        0.6878,
        0.7016,
        0.6996,
        0.7114,
        0.7182,
        0.7128,
        0.7102,
        0.718,
        0.7288,
        0.717,
        0.71,
        0.713,
        0.7206,
        0.7258,
        0.7232,
        0.7274,
        0.7172,
        0.7172,
        0.7206,
        0.7246
    ],
    "lr": [
        0.00015089081582592105,
        0.0003017816316518421,
        0.0004526724474777631,
        0.0006035632633036842,
        0.0007544540791296052,
        0.000754287016883988,
        0.0007537859781205897,
        0.0007529514066287053,
        0.0007517840416203899,
        0.00075028491707571,
        0.000748455360826908,
        0.0007462969933822896,
        0.0007438117264908778,
        0.0007410017614491031,
        0.0007378695871510307,
        0.0007344179778838512,
        0.0007306499908705875,
        0.0007265689635621959,
        0.0007221785106814561,
        0.0007174825210212732,
        0.0007124851540002243,
        0.0007071908359784006,
        0.0007016042563368117,
        0.0006957303633238189,
        0.0006895743596722828,
        0.0006831416979913015,
        0.0006764380759366263,
        0.0006694694311640281
    ],
    "epoch_times": [
        82.07074809074402,
        82.16884136199951,
        82.41039633750916,
        82.47443008422852,
        82.46876168251038,
        82.44269442558289,
        82.44722652435303,
        82.47444200515747,
        82.48574924468994,
        82.57424449920654,
        82.57377076148987,
        82.51890873908997,
        82.49313402175903,
        82.48585891723633,
        82.6012806892395,
        82.6047875881195,
        82.63500761985779,
        82.66647481918335,
        82.6934757232666,
        82.60862493515015,
        82.45772862434387,
        82.47198987007141,
        82.6153564453125,
        82.66390895843506,
        82.5419328212738,
        82.42445588111877,
        82.541827917099,
        82.58114004135132
    ],
    "detailed_epochs": [
        {
            "epoch": 1,
            "train_loss": 2.354768498950534,
            "train_acc": 0.09997777777777778,
            "val_loss": 2.358889318084717,
            "val_acc": 0.1002,
            "train_val_gap": -0.00022222222222222088,
            "lr": 0.00015089081582592105,
            "time_seconds": 82.07074809074402
        },
        {
            "epoch": 2,
            "train_loss": 1.61317611196306,
            "train_acc": 0.48046666666666665,
            "val_loss": 1.415848041534424,
            "val_acc": 0.5666,
            "train_val_gap": -0.08613333333333334,
            "lr": 0.0003017816316518421,
            "time_seconds": 82.16884136199951
        },
        {
            "epoch": 3,
            "train_loss": 1.3711069430457221,
            "train_acc": 0.5933777777777778,
            "val_loss": 1.3110375692367553,
            "val_acc": 0.6158,
            "train_val_gap": -0.022422222222222232,
            "lr": 0.0004526724474777631,
            "time_seconds": 82.41039633750916
        },
        {
            "epoch": 4,
            "train_loss": 1.2875818328857422,
            "train_acc": 0.6332,
            "val_loss": 1.2952018585205078,
            "val_acc": 0.6288,
            "train_val_gap": 0.0043999999999999595,
            "lr": 0.0006035632633036842,
            "time_seconds": 82.47443008422852
        },
        {
            "epoch": 5,
            "train_loss": 1.226501051372952,
            "train_acc": 0.6625111111111112,
            "val_loss": 1.281711620903015,
            "val_acc": 0.633,
            "train_val_gap": 0.029511111111111155,
            "lr": 0.0007544540791296052,
            "time_seconds": 82.46876168251038
        },
        {
            "epoch": 6,
            "train_loss": 1.1743166355344985,
            "train_acc": 0.6845555555555556,
            "val_loss": 1.2149388806343078,
            "val_acc": 0.669,
            "train_val_gap": 0.015555555555555545,
            "lr": 0.000754287016883988,
            "time_seconds": 82.44269442558289
        },
        {
            "epoch": 7,
            "train_loss": 1.1057479511684842,
            "train_acc": 0.7144666666666667,
            "val_loss": 1.195194786453247,
            "val_acc": 0.6758,
            "train_val_gap": 0.03866666666666674,
            "lr": 0.0007537859781205897,
            "time_seconds": 82.44722652435303
        },
        {
            "epoch": 8,
            "train_loss": 1.0401141644159952,
            "train_acc": 0.7464444444444445,
            "val_loss": 1.1580547189712525,
            "val_acc": 0.686,
            "train_val_gap": 0.06044444444444441,
            "lr": 0.0007529514066287053,
            "time_seconds": 82.47444200515747
        },
        {
            "epoch": 9,
            "train_loss": 0.9880569929334853,
            "train_acc": 0.7675555555555555,
            "val_loss": 1.155800228691101,
            "val_acc": 0.6878,
            "train_val_gap": 0.07975555555555558,
            "lr": 0.0007517840416203899,
            "time_seconds": 82.48574924468994
        },
        {
            "epoch": 10,
            "train_loss": 0.9395722586313884,
            "train_acc": 0.7902888888888889,
            "val_loss": 1.1396139785766601,
            "val_acc": 0.7016,
            "train_val_gap": 0.08868888888888893,
            "lr": 0.00075028491707571,