{
    "train_loss": [
        2.3235727226681178,
        1.744523198975457,
        1.5772376935746935,
        1.5363036092970106,
        1.5142233345667522,
        1.4793673074086506,
        1.4502620526631673,
        1.3775800429556104,
        1.3162390912585789,
        1.259954969215393,
        1.233770647345649,
        1.1866856135898167,
        1.169387739223904,
        1.129701011106703,
        1.087338872888353,
        1.0690741575029161,
        1.014390627082189,
        1.0123448240704007,
        0.98237431418101,
        0.9407730129347908,
        0.936844092517429,
        0.9010990218904283,
        0.8614130258772108,
        0.8714481334686279,
        0.8734414538171557,
        0.8279041281700135,
        0.837878669558631,
        0.774124595091078,
        0.7702676217979855
    ],
    "train_acc": [
        0.09968888888888888,
        0.36965899334844393,
        0.44274050262198716,
        0.45555772619960866,
        0.46516988031323553,
        0.47370748700455445,
        0.4885574025578899,
        0.5186039898974256,
        0.5422082687391233,
        0.5654085487885682,
        0.5773530877798851,
        0.5956022913596021,
        0.6049802031727204,
        0.6185733075361399,
        0.6366502096537633,
        0.6434744631499928,
        0.6630312093965341,
        0.6668621591904329,
        0.6755470954166359,
        0.6912664500221254,
        0.6997555086440582,
        0.706633058778941,
        0.7204413177524054,
        0.7189803747906633,
        0.7219972246679387,
        0.737808963660035,
        0.7375666895597521,
        0.7568541507498117,
        0.7599521844205787
    ],
    "val_loss": [
        2.3182513904571533,
        1.4846345043182374,
        1.4283912773132323,
        1.4364226009368897,
        1.3988249975204468,
        1.383875057220459,
        1.3737359484672547,
        1.2724584856033325,
        1.211128074836731,
        1.2684120171546935,
        1.122454334640503,
        1.0936071897506714,
        1.1427374006271362,
        1.1293614586830139,
        1.0591781386375427,
        1.0477959787368774,
        1.0578446168899536,
        1.055805466556549,
        1.042091316318512,
        1.0482291010856628,
        1.0177526337623597,
        1.0210346121788025,
        1.0491573975563049,
        1.0360271661758422,
        1.0667850286483764,
        1.0037915038108827,
        1.0713594790458678,
        1.1602790133476257,
        1.0289394023895264
    ],
    "val_acc": [
        0.1028,
        0.4684,
        0.4922,
        0.4824,
        0.5018,
        0.4984,
        0.518,
        0.5376,
        0.5664,
        0.5568,
        0.6056,
        0.6198,
        0.6,
        0.6034,
        0.6248,
        0.6344,
        0.6294,
        0.6324,
        0.6286,
        0.6334,
        0.64,
        0.6502,
        0.6392,
        0.6466,
        0.6416,
        0.65,
        0.6378,
        0.6118,
        0.6456
    ],
    "lr": [
        0.0005337682098304962,
        0.0010675364196609924,
        0.0016013046294914887,
        0.0021350728393219848,
        0.002668841049152481,
        0.0032026092589829773,
        0.0032017150323989585,
        0.003199033351384016,
        0.0031945672110340363,
        0.0031883215994585336,
        0.0031803034922095693,
        0.0031705218444909476,
        0.0031589875811563976,
        0.0031457135845078987,
        0.0031307146799077995,
        0.003114007619220768,
        0.003095611062104103,
        0.0030755455551672683,
        0.003053833509023953,
        0.0030304991732622707,
        0.00300556860936106,
        0.002979069661582538,
        0.0029510319258738023,
        0.002921486716811936,
        0.002890467032629614,
        0.002858007518360283,
        0.002824144427144076,
        0.002788915579737674,
        0.0027523603222733436
    ],
    "epoch_times": [
        20.80454730987549,
        20.280195474624634,
        20.202075958251953,
        20.057486057281494,
        20.067451238632202,
        20.2400324344635,
        19.91690707206726,
        20.331105709075928,
        20.072372913360596,
        20.219056367874146,
        20.044461250305176,
        20.196472644805908,
        20.066505193710327,
        20.844533443450928,
        20.424124479293823,
        19.951968669891357,
        20.598413705825806,
        20.194562435150146,
        20.240060806274414,
        20.315589427947998,
        20.050498485565186,
        20.74756360054016,
        20.564362049102783,
        20.453072786331177,
        20.119733333587646,
        20.27701759338379,
        20.264201879501343,
        20.68155002593994,
        20.3991060256958
    ],
    "detailed_epochs": [
        {
            "epoch": 1,
            "train_loss": 2.3235727226681178,
            "train_acc": 0.09968888888888888,
            "val_loss": 2.3182513904571533,
            "val_acc": 0.1028,
            "train_val_gap": -0.00311111111111112,
            "lr": 0.0005337682098304962,
            "time_seconds": 20.80454730987549
        },
        {
            "epoch": 2,
            "train_loss": 1.744523198975457,
            "train_acc": 0.36965899334844393,
            "val_loss": 1.4846345043182374,
            "val_acc": 0.4684,
            "train_val_gap": -0.09874100665155605,
            "lr": 0.0010675364196609924,
            "time_seconds": 20.280195474624634
        },
        {
            "epoch": 3,
            "train_loss": 1.5772376935746935,
            "train_acc": 0.44274050262198716,
            "val_loss": 1.4283912773132323,
            "val_acc": 0.4922,
            "train_val_gap": -0.04945949737801286,
            "lr": 0.0016013046294914887,
            "time_seconds": 20.202075958251953
        },
        {
            "epoch": 4,
            "train_loss": 1.5363036092970106,
            "train_acc": 0.45555772619960866,
            "val_loss": 1.4364226009368897,
            "val_acc": 0.4824,
            "train_val_gap": -0.026842273800391336,
            "lr": 0.0021350728393219848,
            "time_seconds": 20.057486057281494
        },
        {
            "epoch": 5,
            "train_loss": 1.5142233345667522,
            "train_acc": 0.46516988031323553,
            "val_loss": 1.3988249975204468,
            "val_acc": 0.5018,
            "train_val_gap": -0.036630119686764495,
            "lr": 0.002668841049152481,
            "time_seconds": 20.067451238632202
        },
        {
            "epoch": 6,
            "train_loss": 1.4793673074086506,
            "train_acc": 0.47370748700455445,
            "val_loss": 1.383875057220459,
            "val_acc": 0.4984,
            "train_val_gap": -0.02469251299544556,
            "lr": 0.0032026092589829773,
            "time_seconds": 20.2400324344635
        },
        {
            "epoch": 7,
            "train_loss": 1.4502620526631673,
            "train_acc": 0.4885574025578899,
            "val_loss": 1.3737359484672547,
            "val_acc": 0.518,
            "train_val_gap": -0.02944259744211014,
            "lr": 0.0032017150323989585,
            "time_seconds": 19.91690707206726
        },
        {
            "epoch": 8,
            "train_loss": 1.3775800429556104,
            "train_acc": 0.5186039898974256,
            "val_loss": 1.2724584856033325,
            "val_acc": 0.5376,
            "train_val_gap": -0.018996010102574346,
            "lr": 0.003199033351384016,
            "time_seconds": 20.331105709075928
        },
        {
            "epoch": 9,
            "train_loss": 1.3162390912585789,
            "train_acc": 0.5422082687391233,
            "val_loss": 1.211128074836731,
            "val_acc": 0.5664,
            "train_val_gap": -0.024191731260876703,
            "lr": 0.0031945672110340363,
            "time_seconds": 20.072372913360596
        },
        {
            "epoch": 10,
            "train_loss": 1.259954969215393,