{
    "train_loss": [
        2.3617542006174723,
        2.0084995531717937,
        1.7516135553148058,
        1.6622551838344999,
        1.6019471704906887,
        1.5671235648261177,
        1.5420416443718805,
        1.4985943990919326,
        1.5424388780381943,
        1.471546624798245,
        1.4579255547417536,
        1.459851687473721,
        1.3924991169399685,
        1.3583844105826484,
        1.3577742752499051,
        1.3039320259518095,
        1.3064837950176662,
        1.2534041651619805,
        1.2449960573832195,
        1.2541163001166449,
        1.1943556361940173,
        1.1869091285917495,
        1.1966556122991774,
        1.2171803600523208,
        1.204688479338752,
        1.1854485564761692,
        1.167580029741923,
        1.221539914194743,
        1.1611537945747374
    ],
    "train_acc": [
        0.10064444444444444,
        0.32848898618590305,
        0.491878438824126,
        0.5458615860582686,
        0.5802208263273695,
        0.5986946788835873,
        0.6149133070883932,
        0.6362675655164782,
        0.6154437770586688,
        0.6529630420591911,
        0.6657337420859848,
        0.6662116981222362,
        0.6997595375594472,
        0.7198978094466897,
        0.7219928025707774,
        0.7515546357560626,
        0.7502248842143311,
        0.7787362566538627,
        0.7869759736512792,
        0.7806871475749977,
        0.813194463159963,
        0.8154216185110055,
        0.811909051667064,
        0.8030539947289804,
        0.8137436960179559,
        0.8195211821952728,
        0.8266992413433815,
        0.8001431312860158,
        0.8365183358413861
    ],
    "val_loss": [
        2.36545422744751,
        1.7217326328277587,
        1.5130523998260499,
        1.4691907941818236,
        1.445849850845337,
        1.4180448240280152,
        1.3895551988601684,
        1.384545683670044,
        1.3707939388275145,
        1.366852963256836,
        1.3414153835296632,
        1.321833728981018,
        1.310380480003357,
        1.3120965690612794,
        1.3053462455749512,
        1.2989779220581055,
        1.3067545909881593,
        1.3102470783233642,
        1.2991907188415528,
        1.2914419841766358,
        1.3223642854690552,
        1.2991640266418456,
        1.3456587759017944,
        1.2955403186798096,
        1.3399788051605224,
        1.325922247695923,
        1.3232945713043214,
        1.2983608364105224,
        1.331098442840576
    ],
    "val_acc": [
        0.0942,
        0.4936,
        0.6048,
        0.6308,
        0.6422,
        0.6702,
        0.6738,
        0.673,
        0.685,
        0.6868,
        0.7034,
        0.7128,
        0.7164,
        0.7172,
        0.7268,
        0.73,
        0.7172,
        0.7252,
        0.7324,
        0.7364,
        0.7298,
        0.7336,
        0.7256,
        0.7438,
        0.7308,
        0.7366,
        0.7382,
        0.7404,
        0.734
    ],
    "lr": [
        0.00019528753528869977,
        0.00039057507057739955,
        0.0005858626058660993,
        0.0007811501411547991,
        0.0009764376764434989,
        0.0011717252117321986,
        0.0013670127470208984,
        0.0015623002823095982,
        0.001757587817598298,
        0.0017572932586185843,
        0.0017564097791432434,
        0.0017549379714313022,
        0.0017528788221399824,
        0.0017502337116632725,
        0.0017470044132065514,
        0.0017431930915978845,
        0.0017388023018367845,
        0.0017338349873814141,
        0.0017282944781753773,
        0.0017221844884154217,
        0.0017155091140615478,
        0.0017082728300911976,
        0.0017004804874993582,
        0.0016921373100465965,
        0.0016832488907572002,
        0.0016738211881697778,
        0.001663860522342826,
        0.0016533735706179466,
        0.00164236736314355
    ],
    "epoch_times": [
        85.52605056762695,
        85.2351701259613,
        85.26782989501953,
        85.24379181861877,
        85.22349977493286,
        85.24443626403809,
        85.28112125396729,
        85.23472237586975,
        85.25916981697083,
        85.32916259765625,
        85.31810140609741,
        85.28242373466492,
        85.26501178741455,
        85.26519727706909,
        85.2497947216034,
        85.35160732269287,
        85.28868865966797,
        85.34345316886902,
        85.31477069854736,
        85.27213215827942,
        85.25647234916687,
        85.21151566505432,
        85.2407455444336,
        85.25714373588562,
        85.30731177330017,
        85.37351083755493,
        85.24660468101501,
        85.22217750549316,
        85.20285725593567
    ],
    "detailed_epochs": [
        {
            "epoch": 1,
            "train_loss": 2.3617542006174723,
            "train_acc": 0.10064444444444444,
            "val_loss": 2.36545422744751,
            "val_acc": 0.0942,
            "train_val_gap": 0.006444444444444433,
            "lr": 0.00019528753528869977,
            "time_seconds": 85.52605056762695
        },
        {
            "epoch": 2,
            "train_loss": 2.0084995531717937,
            "train_acc": 0.32848898618590305,
            "val_loss": 1.7217326328277587,
            "val_acc": 0.4936,
            "train_val_gap": -0.16511101381409693,
            "lr": 0.00039057507057739955,
            "time_seconds": 85.2351701259613
        },
        {
            "epoch": 3,
            "train_loss": 1.7516135553148058,
            "train_acc": 0.491878438824126,
            "val_loss": 1.5130523998260499,
            "val_acc": 0.6048,
            "train_val_gap": -0.11292156117587399,
            "lr": 0.0005858626058660993,
            "time_seconds": 85.26782989501953
        },
        {
            "epoch": 4,
            "train_loss": 1.6622551838344999,
            "train_acc": 0.5458615860582686,
            "val_loss": 1.4691907941818236,
            "val_acc": 0.6308,
            "train_val_gap": -0.0849384139417314,
            "lr": 0.0007811501411547991,
            "time_seconds": 85.24379181861877
        },
        {
            "epoch": 5,
            "train_loss": 1.6019471704906887,
            "train_acc": 0.5802208263273695,
            "val_loss": 1.445849850845337,
            "val_acc": 0.6422,
            "train_val_gap": -0.061979173672630505,
            "lr": 0.0009764376764434989,
            "time_seconds": 85.22349977493286
        },
        {
            "epoch": 6,
            "train_loss": 1.5671235648261177,
            "train_acc": 0.5986946788835873,
            "val_loss": 1.4180448240280152,
            "val_acc": 0.6702,
            "train_val_gap": -0.07150532111641272,
            "lr": 0.0011717252117321986,
            "time_seconds": 85.24443626403809
        },
        {
            "epoch": 7,
            "train_loss": 1.5420416443718805,
            "train_acc": 0.6149133070883932,
            "val_loss": 1.3895551988601684,
            "val_acc": 0.6738,
            "train_val_gap": -0.05888669291160675,
            "lr": 0.0013670127470208984,
            "time_seconds": 85.28112125396729
        },
        {
            "epoch": 8,
            "train_loss": 1.4985943990919326,
            "train_acc": 0.6362675655164782,
            "val_loss": 1.384545683670044,
            "val_acc": 0.673,
            "train_val_gap": -0.036732434483521814,
            "lr": 0.0015623002823095982,
            "time_seconds": 85.23472237586975
        },
        {
            "epoch": 9,
            "train_loss": 1.5424388780381943,
            "train_acc": 0.6154437770586688,
            "val_loss": 1.3707939388275145,
            "val_acc": 0.685,
            "train_val_gap": -0.06955622294133124,
            "lr": 0.001757587817598298,
            "time_seconds": 85.25916981697083
        },
        {
            "epoch": 10,
            "train_loss": 1.471546624798245,
            "train_acc": 0.6529630420591911,