{
    "train_loss": [
        2.344785544374254,
        1.8272078345192804,
        1.657473992284139,
        1.5469378923628065,
        1.4680889696333144,
        1.4229074443605212,
        1.394619283273485,
        1.3643776276482475,
        1.3413179387516445,
        1.2877698994318645,
        1.2329017319361368,
        1.1773610489209494,
        1.1210516327328153,
        1.0713516104168361,
        1.0274195673412747,
        0.9760597492853801,
        0.9316034282896254,
        0.8869612638685438,
        0.8448250152164035,
        0.8026640734142727,
        0.7693706399917603,
        0.7302830243322584,
        0.6904585692299737,
        0.6607990995407105,
        0.629733247979482,
        0.6011374895201789,
        0.5769453144391378
    ],
    "train_acc": [
        0.09817777777777778,
        0.33913333333333334,
        0.41175555555555554,
        0.46073333333333333,
        0.4937111111111111,
        0.5129111111111111,
        0.5239111111111111,
        0.5358444444444445,
        0.5454,
        0.5661333333333334,
        0.5888666666666666,
        0.6120222222222222,
        0.6364222222222222,
        0.6564,
        0.6749333333333334,
        0.6938444444444445,
        0.7124222222222222,
        0.7312,
        0.7472444444444445,
        0.7628888888888888,
        0.7768444444444444,
        0.791,
        0.8050888888888889,
        0.8203555555555555,
        0.8303777777777778,
        0.8412222222222222,
        0.8520666666666666
    ],
    "val_loss": [
        2.3276422286987306,
        1.6914682250976563,
        1.624296438407898,
        1.4630510864257813,
        1.429114514541626,
        1.4235093927383422,
        1.3894419620513916,
        1.3808439484596253,
        1.367101953315735,
        1.3046538968086243,
        1.302828415107727,
        1.2399706899642944,
        1.21939732837677,
        1.1480905563354493,
        1.179634595489502,
        1.1263830520629883,
        1.126459386253357,
        1.1568583261489869,
        1.1657938486099244,
        1.1372676445007324,
        1.1142146276473999,
        1.1230706726074218,
        1.203522106742859,
        1.1864467235565186,
        1.1790738681793214,
        1.1996082836151123,
        1.21451217212677
    ],
    "val_acc": [
        0.0936,
        0.4022,
        0.4164,
        0.5032,
        0.5122,
        0.5042,
        0.5242,
        0.533,
        0.542,
        0.5622,
        0.565,
        0.5896,
        0.6064,
        0.6272,
        0.615,
        0.6394,
        0.645,
        0.6418,
        0.6438,
        0.6486,
        0.67,
        0.6636,
        0.6596,
        0.6582,
        0.66,
        0.6598,
        0.668
    ],
    "lr": [
        0.00012932066342701112,
        0.00025864132685402225,
        0.00038796199028103337,
        0.0005172826537080445,
        0.0006466033171350556,
        0.0007759239805620667,
        0.0009052446439890779,
        0.001034565307416089,
        0.0010342931431312117,
        0.001033476936670865,
        0.0010321175469165367,
        0.0010302164043331293,
        0.0010277755094637033,
        0.0010247974308243374,
        0.0010212853022013176,
        0.001017242819353504,
        0.0010126742361233375,
        0.0010075843599605904,
        0.0010019785468635587,
        0.0009958626957430284,
        0.0009892432422149429,
        0.0009821271518283025,
        0.000974521912735425,
        0.0009664355278122788,
        0.0009578765062371787,
        0.0009488538545367096,
        0.0009393770671082967
    ],
    "epoch_times": [
        16.605275630950928,
        15.7233145236969,
        16.052242040634155,
        15.833699464797974,
        16.060988187789917,
        15.771157026290894,
        15.87375259399414,
        15.743385314941406,
        15.890232801437378,
        15.641751766204834,
        15.70277214050293,
        15.62997555732727,
        15.75348949432373,
        15.76356315612793,
        15.675208568572998,
        15.695128202438354,
        15.647517204284668,
        15.693014860153198,
        15.76782488822937,
        15.855137586593628,
        15.59087610244751,
        15.671276569366455,
        16.464826345443726,
        15.958762884140015,
        15.786803483963013,
        16.01880145072937,
        15.396985292434692
    ],
    "detailed_epochs": [
        {
            "epoch": 1,
            "train_loss": 2.344785544374254,
            "train_acc": 0.09817777777777778,
            "val_loss": 2.3276422286987306,
            "val_acc": 0.0936,
            "train_val_gap": 0.004577777777777778,
            "lr": 0.00012932066342701112,
            "time_seconds": 16.605275630950928
        },
        {
            "epoch": 2,
            "train_loss": 1.8272078345192804,
            "train_acc": 0.33913333333333334,
            "val_loss": 1.6914682250976563,
            "val_acc": 0.4022,
            "train_val_gap": -0.06306666666666666,
            "lr": 0.00025864132685402225,
            "time_seconds": 15.7233145236969
        },
        {
            "epoch": 3,
            "train_loss": 1.657473992284139,
            "train_acc": 0.41175555555555554,
            "val_loss": 1.624296438407898,
            "val_acc": 0.4164,
            "train_val_gap": -0.004644444444444451,
            "lr": 0.00038796199028103337,
            "time_seconds": 16.052242040634155
        },
        {
            "epoch": 4,
            "train_loss": 1.5469378923628065,
            "train_acc": 0.46073333333333333,
            "val_loss": 1.4630510864257813,
            "val_acc": 0.5032,
            "train_val_gap": -0.04246666666666665,
            "lr": 0.0005172826537080445,
            "time_seconds": 15.833699464797974
        },
        {
            "epoch": 5,
            "train_loss": 1.4680889696333144,
            "train_acc": 0.4937111111111111,
            "val_loss": 1.429114514541626,
            "val_acc": 0.5122,
            "train_val_gap": -0.018488888888888888,
            "lr": 0.0006466033171350556,
            "time_seconds": 16.060988187789917
        },
        {
            "epoch": 6,
            "train_loss": 1.4229074443605212,
            "train_acc": 0.5129111111111111,
            "val_loss": 1.4235093927383422,
            "val_acc": 0.5042,
            "train_val_gap": 0.008711111111111114,
            "lr": 0.0007759239805620667,
            "time_seconds": 15.771157026290894
        },
        {
            "epoch": 7,
            "train_loss": 1.394619283273485,
            "train_acc": 0.5239111111111111,
            "val_loss": 1.3894419620513916,
            "val_acc": 0.5242,
            "train_val_gap": -0.0002888888888888941,
            "lr": 0.0009052446439890779,
            "time_seconds": 15.87375259399414
        },
        {
            "epoch": 8,
            "train_loss": 1.3643776276482475,
            "train_acc": 0.5358444444444445,
            "val_loss": 1.3808439484596253,
            "val_acc": 0.533,
            "train_val_gap": 0.0028444444444444272,
            "lr": 0.001034565307416089,
            "time_seconds": 15.743385314941406
        },
        {
            "epoch": 9,
            "train_loss": 1.3413179387516445,
            "train_acc": 0.5454,
            "val_loss": 1.367101953315735,
            "val_acc": 0.542,
            "train_val_gap": 0.0033999999999999586,
            "lr": 0.0010342931431312117,
            "time_seconds": 15.890232801437378
        },
        {
            "epoch": 10,
            "train_loss": 1.2877698994318645,
            "train_acc": 0.5661333333333334,
            "val_loss": 1.3046538968086243,
            "val_acc": 0.5622,
            "train_val_gap": 0.003933333333333344,
            "lr": 0.001033476936670865,
            "time_seconds": 15.641751766204834
        },
        {
            "epoch": 11,
            "train_loss": 1.2329017319361368,
            "train_acc": 0.5888666666666666,