{
    "pe_type": "ape",
    "total_parameters": 7140362,
    "pe_parameters": 16384,
    "pe_percentage": 0.2294561536235838,
    "img_size": 32,
    "patch_size": 4,
    "embed_dim": 256,
    "depth": 9,
    "num_heads": 16,
    "timestamp": "2025-04-20_14-56-11",
    "test_accuracy": 0.676,
    "test_loss": 1.3854411556243897
}