{
    "train_loss": [
        2.338269181611803,
        1.9393814896477592,
        1.7454639617496066,
        1.6451012454986573,
        1.5780552864074706,
        1.536061577351888,
        1.4961453772862752,
        1.4732155824025472,
        1.4475555322435167,
        1.43399132715861,
        1.4127636571672229,
        1.3899509141286215,
        1.3535369828542074,
        1.3253971606784396,
        1.3003008476257325,
        1.280384760623508,
        1.2614438373565673,
        1.2330988291422527,
        1.2182637534035576,
        1.1922154351976182,
        1.1727832253350152,
        1.1531364765591092,
        1.1396752129448784,
        1.1183814052793715,
        1.101348519092136,
        1.0867887434217665,
        1.072042246225145,
        1.0623204109191895,
        1.0429311253441704,
        1.0244558620240953,
        1.0177601233588325
    ],
    "train_acc": [
        0.1020888888888889,
        0.37024444444444443,
        0.48775555555555555,
        0.5457777777777778,
        0.5832444444444445,
        0.6099111111111111,
        0.6349777777777778,
        0.6499555555555555,
        0.6652444444444444,
        0.6708,
        0.6830666666666667,
        0.6950222222222222,
        0.7185555555555555,
        0.7342,
        0.7494444444444445,
        0.7590222222222223,
        0.7701111111111111,
        0.7844888888888889,
        0.7958666666666666,
        0.8086,
        0.8181777777777778,
        0.8292444444444445,
        0.8375111111111111,
        0.8480222222222222,
        0.8589555555555556,
        0.8671555555555556,
        0.8736,
        0.8791555555555556,
        0.8910888888888889,
        0.9006666666666666,
        0.9039555555555555
    ],
    "val_loss": [
        2.323305502700806,
        1.7963470058441162,
        1.6334535049438477,
        1.5747732135772705,
        1.5563188480377197,
        1.5814974346160888,
        1.46773751373291,
        1.5128429660797118,
        1.4750884765625,
        1.426093083190918,
        1.4262284576416016,
        1.431999916267395,
        1.3955940210342408,
        1.3705353141784669,
        1.403781498336792,
        1.3507887676239014,
        1.326008226585388,
        1.3517714037895203,
        1.3395273189544679,
        1.3261618896484375,
        1.3493566089630127,
        1.3591588020324707,
        1.3626781414031983,
        1.359255046081543,
        1.3230529722213744,
        1.319898920440674,
        1.3312717352867127,
        1.3191501653671265,
        1.3223351888656616,
        1.3476602966308593,
        1.3546151456832887
    ],
    "val_acc": [
        0.1094,
        0.4508,
        0.5408,
        0.5802,
        0.597,
        0.5856,
        0.651,
        0.634,
        0.6508,
        0.6734,
        0.6754,
        0.6726,
        0.6884,
        0.706,
        0.6906,
        0.7212,
        0.7264,
        0.7238,
        0.7288,
        0.733,
        0.7218,
        0.7226,
        0.7286,
        0.7266,
        0.7484,
        0.7508,
        0.7448,
        0.7566,
        0.7544,
        0.7486,
        0.7424
    ],
    "lr": [
        0.00012361188797337344,
        0.0002472237759467469,
        0.00037083566392012035,
        0.0004944475518934938,
        0.0006180594398668672,
        0.0007416713278402407,
        0.000865283215813614,
        0.0009888951037869875,
        0.001112506991760361,
        0.0012361188797337345,
        0.0012357423746223747,
        0.0012346133180017775,
        0.0012327330854535173,
        0.0012301039677513265,
        0.0012267291680701407,
        0.0012226127980835232,
        0.0012177598729542249,
        0.0012121763052239795,
        0.0012058688976099839,
        0.0011988453347168344,
        0.0011911141736740186,
        0.001182684833710374,
        0.0011735675846782053,
        0.0011637735345410543,
        0.001153314615840355,
        0.001142203571157471,
        0.0011304539375888237,
        0.0011180800302530236,
        0.0011050969248501059,
        0.0010915204392941092,
        0.0010773671144413864
    ],
    "epoch_times": [
        76.75679183006287,
        76.54156351089478,
        76.56359601020813,
        76.55675315856934,
        76.57094430923462,
        76.59188485145569,
        76.50660181045532,
        76.54703068733215,
        76.56174993515015,
        76.52240490913391,
        76.58398675918579,
        76.5875313282013,
        76.57336783409119,
        76.627126455307,
        76.61637091636658,
        76.56025314331055,
        76.58723759651184,
        76.61376619338989,
        76.6205666065216,
        76.56992244720459,
        76.62321782112122,
        76.64081811904907,
        76.57915925979614,
        76.5948383808136,
        76.62265682220459,
        76.64640808105469,
        76.60367274284363,
        76.63820028305054,
        76.61639595031738,
        76.5866539478302,
        76.65236687660217
    ],
    "detailed_epochs": [
        {
            "epoch": 1,
            "train_loss": 2.338269181611803,
            "train_acc": 0.1020888888888889,
            "val_loss": 2.323305502700806,
            "val_acc": 0.1094,
            "train_val_gap": -0.007311111111111102,
            "lr": 0.00012361188797337344,
            "time_seconds": 76.75679183006287
        },
        {
            "epoch": 2,
            "train_loss": 1.9393814896477592,
            "train_acc": 0.37024444444444443,
            "val_loss": 1.7963470058441162,
            "val_acc": 0.4508,
            "train_val_gap": -0.08055555555555555,
            "lr": 0.0002472237759467469,
            "time_seconds": 76.54156351089478
        },
        {
            "epoch": 3,
            "train_loss": 1.7454639617496066,
            "train_acc": 0.48775555555555555,
            "val_loss": 1.6334535049438477,
            "val_acc": 0.5408,
            "train_val_gap": -0.053044444444444394,
            "lr": 0.00037083566392012035,
            "time_seconds": 76.56359601020813
        },
        {
            "epoch": 4,
            "train_loss": 1.6451012454986573,
            "train_acc": 0.5457777777777778,
            "val_loss": 1.5747732135772705,
            "val_acc": 0.5802,
            "train_val_gap": -0.03442222222222224,
            "lr": 0.0004944475518934938,
            "time_seconds": 76.55675315856934
        },
        {
            "epoch": 5,
            "train_loss": 1.5780552864074706,
            "train_acc": 0.5832444444444445,
            "val_loss": 1.5563188480377197,
            "val_acc": 0.597,
            "train_val_gap": -0.013755555555555521,
            "lr": 0.0006180594398668672,
            "time_seconds": 76.57094430923462
        },
        {
            "epoch": 6,
            "train_loss": 1.536061577351888,
            "train_acc": 0.6099111111111111,
            "val_loss": 1.5814974346160888,
            "val_acc": 0.5856,
            "train_val_gap": 0.02431111111111106,
            "lr": 0.0007416713278402407,
            "time_seconds": 76.59188485145569
        },
        {
            "epoch": 7,
            "train_loss": 1.4961453772862752,
            "train_acc": 0.6349777777777778,
            "val_loss": 1.46773751373291,
            "val_acc": 0.651,
            "train_val_gap": -0.01602222222222227,
            "lr": 0.000865283215813614,
            "time_seconds": 76.50660181045532
        },
        {
            "epoch": 8,
            "train_loss": 1.4732155824025472,
            "train_acc": 0.6499555555555555,
            "val_loss": 1.5128429660797118,
            "val_acc": 0.634,
            "train_val_gap": 0.0159555555555555,
            "lr": 0.0009888951037869875,
            "time_seconds": 76.54703068733215
        },
        {
            "epoch": 9,
            "train_loss": 1.4475555322435167,
            "train_acc": 0.6652444444444444,
            "val_loss": 1.4750884765625,
            "val_acc": 0.6508,