{
    "train_loss": [
        2.320587584982978,
        1.8323792990366619,
        1.655112996228536,
        1.6051234304428101,
        1.5858512528737385,
        1.5423548670238918,
        1.4881522263420952,
        1.4260676758448283,
        1.3796336854086981,
        1.3253448187510173,
        1.2938711639616225,
        1.2640488621605768,
        1.2373218567742241,
        1.1869678822411431,
        1.128875002055698,
        1.1195568818410238,
        1.0473915252261692,
        1.0564646948284573,
        1.0129207997216119,
        0.9738620656119452,
        0.9491765272458395,
        0.8935666430367364,
        0.896248307355245,
        0.8819901103231642,
        0.8639040586789449,
        0.8320393535508049,
        0.8240899029519823,
        0.756466327020857,
        0.7900606137169732,
        0.814396037334866,
        0.7474021855142381,
        0.7457580798572964,
        0.7126578227890862,
        0.7039836924023098
    ],
    "train_acc": [
        0.09928888888888888,
        0.34665238104927426,
        0.42796910634040597,
        0.44984937669770303,
        0.45433030031355587,
        0.4714741492943311,
        0.49631081389888754,
        0.524623106680793,
        0.5433611462014665,
        0.5640336945716009,
        0.582697180474848,
        0.5952741936721552,
        0.6072681150857916,
        0.6245213543298624,
        0.6484042703631909,
        0.6547432712548618,
        0.6807723351081137,
        0.6831045205118245,
        0.6997489370218699,
        0.7148870065359477,
        0.7249696377097578,
        0.7472412061365696,
        0.7478972613846007,
        0.7541959397439958,
        0.7627974553694056,
        0.7756580148636331,
        0.7779215207074589,
        0.8015492328259273,
        0.7915209377463807,
        0.7874330122311991,
        0.8065200582120167,
        0.8107720050766073,
        0.8204428668942026,
        0.8283161036323023
    ],
    "val_loss": [
        2.3220772052764893,
        1.561600919342041,
        1.487407798576355,
        1.4924088203430175,
        1.4539416469573974,
        1.4246070280075074,
        1.3401129819869995,
        1.2904758019447327,
        1.2668341287612914,
        1.2189091632843017,
        1.2108434371948242,
        1.158732730293274,
        1.153412222671509,
        1.1637546850204468,
        1.1420003960609435,
        1.1303199349403381,
        1.152813649559021,
        1.1822737441062927,
        1.124621481704712,
        1.178682647895813,
        1.1307099173545838,
        1.1718935708999634,
        1.1957926376342773,
        1.2230511753082276,
        1.167113133430481,
        1.188256854057312,
        1.1895900722503663,
        1.1989572500228882,
        1.1800155905723573,
        1.1945014123916626,
        1.2003952486038207,
        1.3066331998825074,
        1.2501044683456422,
        1.1660920112609863
    ],
    "val_acc": [
        0.1064,
        0.4472,
        0.4856,
        0.484,
        0.4994,
        0.503,
        0.5384,
        0.558,
        0.5654,
        0.5852,
        0.5926,
        0.6144,
        0.6234,
        0.603,
        0.6202,
        0.6258,
        0.6286,
        0.6246,
        0.6304,
        0.6292,
        0.6408,
        0.6474,
        0.6402,
        0.6266,
        0.6366,
        0.6406,
        0.6368,
        0.6396,
        0.6446,
        0.6366,
        0.6438,
        0.6314,
        0.6346,
        0.6468
    ],
    "lr": [
        0.0007346478462898254,
        0.0014692956925796508,
        0.002203943538869476,
        0.0029385913851593015,
        0.003673239231449127,
        0.003672332970537654,
        0.0036696150821733386,
        0.003665088248583863,
        0.0036587569372074492,
        0.003650627396284037,
        0.003640707648689025,
        0.003629007484015666,
        0.003615538448913913,
        0.0036003138356952755,
        0.0035833486692149106,
        0.003564659692043905,
        0.0035442653479463787,
        0.003522185763677717,
        0.003498442729121893,
        0.0034730596757874825,
        0.003446061653683592,
        0.0034174753065985284,
        0.003387328845805592,
        0.0033556520222219606,
        0.003322476097048121,
        0.003287833810916842,
        0.003251759351582121,
        0.0032142883201799993,
        0.0031754576960945392,
        0.0031353058004636334,
        0.0030938722583606737,
        0.0030511979596893834,
        0.00300732501883042,
        0.0029622967330795676
    ],
    "epoch_times": [
        14.687936305999756,
        14.721328020095825,
        14.544765710830688,
        14.430815696716309,
        14.722022771835327,
        14.339346885681152,
        14.993937969207764,
        14.580263614654541,
        15.049765348434448,
        15.271838188171387,
        14.230796575546265,
        14.866739273071289,
        14.864116907119751,
        14.297467947006226,
        14.730814933776855,
        14.279097557067871,
        14.640669822692871,
        14.623422861099243,
        14.196049451828003,
        15.764078617095947,
        14.756140232086182,
        14.759300947189331,
        14.892986297607422,
        14.557992219924927,
        14.709430932998657,
        14.390894889831543,
        14.878440618515015,
        15.064306259155273,
        14.51107668876648,
        14.960615158081055,
        14.620782852172852,
        14.498108148574829,
        14.873835802078247,
        14.289927005767822
    ],
    "detailed_epochs": [
        {
            "epoch": 1,
            "train_loss": 2.320587584982978,
            "train_acc": 0.09928888888888888,
            "val_loss": 2.3220772052764893,
            "val_acc": 0.1064,
            "train_val_gap": -0.00711111111111111,
            "lr": 0.0007346478462898254,
            "time_seconds": 14.687936305999756
        },
        {
            "epoch": 2,
            "train_loss": 1.8323792990366619,
            "train_acc": 0.34665238104927426,
            "val_loss": 1.561600919342041,
            "val_acc": 0.4472,
            "train_val_gap": -0.10054761895072573,
            "lr": 0.0014692956925796508,
            "time_seconds": 14.721328020095825
        },
        {
            "epoch": 3,
            "train_loss": 1.655112996228536,
            "train_acc": 0.42796910634040597,
            "val_loss": 1.487407798576355,
            "val_acc": 0.4856,
            "train_val_gap": -0.05763089365959401,
            "lr": 0.002203943538869476,
            "time_seconds": 14.544765710830688
        },
        {
            "epoch": 4,
            "train_loss": 1.6051234304428101,
            "train_acc": 0.44984937669770303,
            "val_loss": 1.4924088203430175,
            "val_acc": 0.484,
            "train_val_gap": -0.034150623302296956,
            "lr": 0.0029385913851593015,
            "time_seconds": 14.430815696716309
        },
        {
            "epoch": 5,
            "train_loss": 1.5858512528737385,
            "train_acc": 0.45433030031355587,
            "val_loss": 1.4539416469573974,
            "val_acc": 0.4994,
            "train_val_gap": -0.04506969968644414,
            "lr": 0.003673239231449127,
            "time_seconds": 14.722022771835327
        },
        {
            "epoch": 6,
            "train_loss": 1.5423548670238918,
            "train_acc": 0.4714741492943311,
            "val_loss": 1.4246070280075074,
            "val_acc": 0.503,
            "train_val_gap": -0.03152585070566888,
            "lr": 0.003672332970537654,
            "time_seconds": 14.339346885681152
        },
        {
            "epoch": 7,
            "train_loss": 1.4881522263420952,
            "train_acc": 0.49631081389888754,
            "val_loss": 1.3401129819869995,
            "val_acc": 0.5384,
            "train_val_gap": -0.04208918610111245,
            "lr": 0.0036696150821733386,