{
    "trial_number": 21,
    "parameters": {
        "pe_type": "rpe",
        "img_size": 32,
        "embed_dim": 128,
        "depth": 12,
        "num_heads": 4,
        "patch_size": 2,
        "mixup_alpha": 0.30000000000000004,
        "label_smoothing": 0.11,
        "drop_rate": 0.45000000000000007,
        "random_erasing_prob": 0.15000000000000002,
        "color_jitter_brightness": 0.2,
        "color_jitter_contrast": 0.05,
        "weight_decay": 0.016698374074195957,
        "early_stopping_patience": 12,
        "early_stopping_delta": 0.0024509580989585896,
        "lr": 0.0004239172667333972,
        "warmup_epochs": 7,
        "lr_decay_factor": 0.8,
        "batch_size": 128,
        "device": "cuda",
        "num_workers": 4,
        "random_crop_padding": 4,
        "output_dir": "results/bo_results/rpe/trial_21",
        "seed": 42,
        "mlp_ratio": 4.0,
        "epochs": 100,
        "checkpoint_dir": "results/bo_results/rpe/trial_21/checkpoints"
    },
    "validation_accuracy": 0.7582,
    "best_epoch": 77,
    "early_stopped": true,
    "training_time": 5311.037264823914,
    "final_train_acc": 0.8109524127963201,
    "final_val_acc": 0.7582,
    "best_val_acc": 0.7576,
    "final_train_loss": 1.0595132226732042,
    "final_val_loss": 1.1968666929244995,
    "avg_train_val_gap": -0.01389969257423975
}