{
    "pe_type": "ape",
    "total_parameters": 12420170,
    "pe_parameters": 81920,
    "pe_percentage": 0.6595722924887502,
    "img_size": 32,
    "patch_size": 2,
    "embed_dim": 320,
    "depth": 10,
    "num_heads": 4,
    "timestamp": "2025-04-22_00-29-51",
    "test_accuracy": 0.7482,
    "test_loss": 0.9078289396286011
}