{
    "pe_type": "ape",
    "total_parameters": 13653130,
    "pe_parameters": 81920,
    "pe_percentage": 0.6000089356799503,
    "img_size": 32,
    "patch_size": 2,
    "embed_dim": 320,
    "depth": 11,
    "num_heads": 4,
    "timestamp": "2025-04-21_12-00-48",
    "test_accuracy": 0.7794,
    "test_loss": 1.0866379322052002
}