{
    "pe_type": "ape",
    "total_parameters": 14886090,
    "pe_parameters": 81920,
    "pe_percentage": 0.5503124057425421,
    "img_size": 32,
    "patch_size": 2,
    "embed_dim": 320,
    "depth": 12,
    "num_heads": 4,
    "timestamp": "2025-04-21_19-50-45",
    "test_accuracy": 0.7619,
    "test_loss": 0.816775018119812
}