{
    "train_loss": [
        2.3679570051405165,
        1.92603241581387,
        1.7553517668830023,
        1.6409615466647678,
        1.6074370454152425,
        1.5549682591120402,
        1.5727573194715712,
        1.585711309729682,
        1.6073228573269314,
        1.585351890733507,
        1.5870991491105821,
        1.6321669907251994,
        1.6154540694130792,
        1.6512624401516385
    ],
    "train_acc": [
        0.10441668551888088,
        0.29434210442287434,
        0.36893935093295244,
        0.40639210620875943,
        0.42086737708839816,
        0.4396951171824995,
        0.43476884378003217,
        0.4295543439015471,
        0.42359540358810605,
        0.42355022104640966,
        0.42814075466881313,
        0.41397132692133676,
        0.4193889201646412,
        0.4060269106026056
    ],
    "val_loss": [
        2.3325280826568604,
        1.7077031337738038,
        1.615827696609497,
        1.6084609407424926,
        1.5288166542053223,
        1.4864162445068358,
        1.4581985988616943,
        1.5275455522537231,
        1.5086962759017943,
        1.5467185585021972,
        1.5448493188858032,
        1.5285942167282105,
        1.540578404045105,
        1.560951039123535
    ],
    "val_acc": [
        0.1128,
        0.3968,
        0.401,
        0.4194,
        0.4432,
        0.4568,
        0.4714,
        0.4426,
        0.4568,
        0.4528,
        0.438,
        0.442,
        0.4526,
        0.435
    ],
    "lr": [
        0.0003050648827041614,
        0.0006101297654083228,
        0.0009151946481124842,
        0.0012202595308166456,
        0.0015253244135208072,
        0.0018303892962249684,
        0.00213545417892913,
        0.002135155681938133,
        0.00213426035786257,
        0.002132768707301416,
        0.0021306815642752903,
        0.002128000095760134,
        0.0021247258010347264,
        0.0021208605108423966
    ],
    "epoch_times": [
        5.72997260093689,
        5.244905233383179,
        5.287228107452393,
        5.28933310508728,
        5.283802509307861,
        5.249072313308716,
        5.24527645111084,
        5.281863689422607,
        5.237705707550049,
        5.24267578125,
        5.23464822769165,
        5.232569456100464,
        5.2058141231536865,
        5.216172933578491
    ],
    "detailed_epochs": [
        {
            "epoch": 1,
            "train_loss": 2.3679570051405165,
            "train_acc": 0.10441668551888088,
            "val_loss": 2.3325280826568604,
            "val_acc": 0.1128,
            "train_val_gap": -0.00838331448111912,
            "lr": 0.0003050648827041614,
            "time_seconds": 5.72997260093689
        },
        {
            "epoch": 2,
            "train_loss": 1.92603241581387,
            "train_acc": 0.29434210442287434,
            "val_loss": 1.7077031337738038,
            "val_acc": 0.3968,
            "train_val_gap": -0.10245789557712565,
            "lr": 0.0006101297654083228,
            "time_seconds": 5.244905233383179
        },
        {
            "epoch": 3,
            "train_loss": 1.7553517668830023,
            "train_acc": 0.36893935093295244,
            "val_loss": 1.615827696609497,
            "val_acc": 0.401,
            "train_val_gap": -0.032060649067047586,
            "lr": 0.0009151946481124842,
            "time_seconds": 5.287228107452393
        },
        {
            "epoch": 4,
            "train_loss": 1.6409615466647678,
            "train_acc": 0.40639210620875943,
            "val_loss": 1.6084609407424926,
            "val_acc": 0.4194,
            "train_val_gap": -0.013007893791240566,
            "lr": 0.0012202595308166456,
            "time_seconds": 5.28933310508728
        },
        {
            "epoch": 5,
            "train_loss": 1.6074370454152425,
            "train_acc": 0.42086737708839816,
            "val_loss": 1.5288166542053223,
            "val_acc": 0.4432,
            "train_val_gap": -0.022332622911601818,
            "lr": 0.0015253244135208072,
            "time_seconds": 5.283802509307861
        },
        {
            "epoch": 6,
            "train_loss": 1.5549682591120402,
            "train_acc": 0.4396951171824995,
            "val_loss": 1.4864162445068358,
            "val_acc": 0.4568,
            "train_val_gap": -0.0171048828175005,
            "lr": 0.0018303892962249684,
            "time_seconds": 5.249072313308716
        },
        {
            "epoch": 7,
            "train_loss": 1.5727573194715712,
            "train_acc": 0.43476884378003217,
            "val_loss": 1.4581985988616943,
            "val_acc": 0.4714,
            "train_val_gap": -0.03663115621996782,
            "lr": 0.00213545417892913,
            "time_seconds": 5.24527645111084
        },
        {
            "epoch": 8,
            "train_loss": 1.585711309729682,
            "train_acc": 0.4295543439015471,
            "val_loss": 1.5275455522537231,
            "val_acc": 0.4426,
            "train_val_gap": -0.013045656098452874,
            "lr": 0.002135155681938133,
            "time_seconds": 5.281863689422607
        },
        {
            "epoch": 9,
            "train_loss": 1.6073228573269314,
            "train_acc": 0.42359540358810605,
            "val_loss": 1.5086962759017943,
            "val_acc": 0.4568,
            "train_val_gap": -0.03320459641189394,
            "lr": 0.00213426035786257,
            "time_seconds": 5.237705707550049
        },
        {
            "epoch": 10,
            "train_loss": 1.585351890733507,
            "train_acc": 0.42355022104640966,
            "val_loss": 1.5467185585021972,
            "val_acc": 0.4528,
            "train_val_gap": -0.029249778953590322,
            "lr": 0.002132768707301416,
            "time_seconds": 5.24267578125
        },
        {
            "epoch": 11,
            "train_loss": 1.5870991491105821,
            "train_acc": 0.42814075466881313,
            "val_loss": 1.5448493188858032,
            "val_acc": 0.438,
            "train_val_gap": -0.009859245331186872,
            "lr": 0.0021306815642752903,
            "time_seconds": 5.23464822769165
        },
        {
            "epoch": 12,
            "train_loss": 1.6321669907251994,
            "train_acc": 0.41397132692133676,
            "val_loss": 1.5285942167282105,
            "val_acc": 0.442,
            "train_val_gap": -0.028028673078663247,
            "lr": 0.002128000095760134,
            "time_seconds": 5.232569456100464
        },
        {
            "epoch": 13,
            "train_loss": 1.6154540694130792,
            "train_acc": 0.4193889201646412,
            "val_loss": 1.540578404045105,
            "val_acc": 0.4526,
            "train_val_gap": -0.033211079835358814,
            "lr": 0.0021247258010347264,
            "time_seconds": 5.2058141231536865
        },
        {
            "epoch": 14,
            "train_loss": 1.6512624401516385,
            "train_acc": 0.4060269106026056,
            "val_loss": 1.560951039123535,
            "val_acc": 0.435,
            "train_val_gap": -0.028973089397394403,
            "lr": 0.0021208605108423966,
            "time_seconds": 5.216172933578491
        }
    ],
    "train_val_gap": [
        -0.00838331448111912,
        -0.10245789557712565,
        -0.032060649067047586,
        -0.013007893791240566,
        -0.022332622911601818,
        -0.0171048828175005,
        -0.03663115621996782,
        -0.013045656098452874,
        -0.03320459641189394,
        -0.029249778953590322,
        -0.009859245331186872,
        -0.028028673078663247,
        -0.033211079835358814,
        -0.028973089397394403
    ],
    "early_stopped": true,
    "best_epoch": 6,
    "total_training_time": 75.28806805610657,
    "best_val_acc": 0.4714
}