{
    "train_loss": [
        2.361710140016344,
        1.6181611817889743,
        1.5028084681828817,
        1.470633778084649,
        1.3965467318640814,
        1.27434080619812,
        1.213175532637702,
        1.153790664905972,
        1.084646772172716,
        1.039959352874756,
        1.0067526310073005,
        0.9745401132477655,
        0.9520623489061991,
        0.9416644621107313,
        0.9002232601589627,
        0.8760969999313355,
        0.8572235679414537,
        0.833265756395128,
        0.8263694344626533,
        0.7988928739547729,
        0.7910860073301528,
        0.773031498336792,
        0.7517868569691976,
        0.7569424369176229,
        0.7586836388693915,
        0.7281104150136312,
        0.7370796790864732,
        0.7134626110394796,
        0.6852223367902968,
        0.7146572763284047,
        0.7035645686361525,
        0.6872102090729607,
        0.6758141206953261
    ],
    "train_acc": [
        0.10064444444444444,
        0.4730579059130116,
        0.5289982207389579,
        0.5448439874827253,
        0.5797505498941261,
        0.6369942427417825,
        0.6650364079182537,
        0.691473745171724,
        0.7219774675325386,
        0.743431320749397,
        0.7597669221684826,
        0.7749576520443575,
        0.7856044796512216,
        0.7904746698451082,
        0.8068008018312327,
        0.8182312834828641,
        0.8256988110579814,
        0.8374647082226832,
        0.8406516976843388,
        0.8516350758940069,
        0.8557533714479905,
        0.8638030447190614,
        0.8712516014154621,
        0.8702280945418239,
        0.8726416603055065,
        0.8833070304744806,
        0.8824149598698694,
        0.8898534137275751,
        0.8998307333509303,
        0.893676479369443,
        0.8960836508799283,
        0.9028275208393518,
        0.906521672448744
    ],
    "val_loss": [
        2.3658134395599366,
        1.4089083925247192,
        1.3818659255981445,
        1.3396622785568237,
        1.2942373306274415,
        1.191497545814514,
        1.2035258848190307,
        1.0980295087814331,
        1.1593827825546266,
        1.0660886986732483,
        1.0220650375366211,
        1.002234813117981,
        1.01926335105896,
        1.0178254064559937,
        1.049322022819519,
        1.0178619579315185,
        1.0046166442871094,
        1.032179318523407,
        1.0165379501342773,
        1.040753256225586,
        0.9830744422912597,
        1.0277817783355714,
        1.0266374006271362,
        1.006677506828308,
        1.0186538773536682,
        1.0175811796188354,
        1.0248273706436157,
        1.0253003395080567,
        1.0131052717208862,
        1.0805550407409668,
        1.0406454830169678,
        1.0567597761154175,
        1.07092822637558
    ],
    "val_acc": [
        0.0942,
        0.5538,
        0.579,
        0.5962,
        0.6306,
        0.6622,
        0.6554,
        0.7046,
        0.689,
        0.7174,
        0.7396,
        0.7468,
        0.7426,
        0.7464,
        0.7364,
        0.7502,
        0.751,
        0.7456,
        0.7568,
        0.7494,
        0.7654,
        0.7516,
        0.7508,
        0.7612,
        0.7586,
        0.759,
        0.7642,
        0.764,
        0.7642,
        0.756,
        0.7654,
        0.7582,
        0.7522
    ],
    "lr": [
        0.0008286711469725759,
        0.0016573422939451519,
        0.0024860134409177277,
        0.0033146845878903037,
        0.0033139658126281795,
        0.003311810110295246,
        0.003308219350711051,
        0.003303196648439401,
        0.003296746360086841,
        0.003288874080523806,
        0.0032795866380317283,
        0.003268892088380302,
        0.003256799707840044,
        0.003243319985136215,
        0.003228464612351079,
        0.003212246474782388,
        0.0031946796397668963,
        0.0031757793444785877,
        0.0031555619827122157,
        0.003134045090663598,
        0.0031112473317190235,
        0.003087188480266947,
        0.003061889404546021,
        0.0030353720485443384,
        0.003007659412965593,
        0.002978775535278659,
        0.002948745468867899,
        0.0029175952613022856,
        0.0028853519317421816,
        0.002852043447503381,
        0.002817698699798733,
        0.002782347478678397,
        0.0027460204471904596
    ],
    "epoch_times": [
        92.59548735618591,
        92.18216705322266,
        92.43388605117798,
        92.65185928344727,
        92.59526371955872,
        92.6097981929779,
        92.4237802028656,
        92.26974606513977,
        92.16164517402649,
        92.2447772026062,
        92.0493094921112,
        92.0139319896698,
        91.99865651130676,
        92.01001763343811,
        91.98735523223877,
        92.02823162078857,
        92.12341713905334,
        91.98023891448975,
        92.01758074760437,
        92.01499819755554,
        92.06648755073547,
        92.10174036026001,
        92.02471566200256,
        91.97968983650208,
        91.98443865776062,
        91.9668824672699,
        92.04360675811768,
        92.26627850532532,
        91.95736408233643,
        92.06456422805786,
        92.06999397277832,
        91.96675968170166,
        92.11949563026428
    ],
    "detailed_epochs": [
        {
            "epoch": 1,
            "train_loss": 2.361710140016344,
            "train_acc": 0.10064444444444444,
            "val_loss": 2.3658134395599366,
            "val_acc": 0.0942,
            "train_val_gap": 0.006444444444444433,
            "lr": 0.0008286711469725759,
            "time_seconds": 92.59548735618591
        },
        {
            "epoch": 2,
            "train_loss": 1.6181611817889743,
            "train_acc": 0.4730579059130116,
            "val_loss": 1.4089083925247192,
            "val_acc": 0.5538,
            "train_val_gap": -0.08074209408698835,
            "lr": 0.0016573422939451519,
            "time_seconds": 92.18216705322266
        },
        {
            "epoch": 3,
            "train_loss": 1.5028084681828817,
            "train_acc": 0.5289982207389579,
            "val_loss": 1.3818659255981445,
            "val_acc": 0.579,
            "train_val_gap": -0.0500017792610421,
            "lr": 0.0024860134409177277,
            "time_seconds": 92.43388605117798
        },
        {
            "epoch": 4,
            "train_loss": 1.470633778084649,
            "train_acc": 0.5448439874827253,
            "val_loss": 1.3396622785568237,
            "val_acc": 0.5962,
            "train_val_gap": -0.05135601251727462,
            "lr": 0.0033146845878903037,
            "time_seconds": 92.65185928344727
        },
        {
            "epoch": 5,
            "train_loss": 1.3965467318640814,
            "train_acc": 0.5797505498941261,
            "val_loss": 1.2942373306274415,
            "val_acc": 0.6306,
            "train_val_gap": -0.05084945010587394,
            "lr": 0.0033139658126281795,
            "time_seconds": 92.59526371955872
        },
        {
            "epoch": 6,
            "train_loss": 1.27434080619812,
            "train_acc": 0.6369942427417825,
            "val_loss": 1.191497545814514,
            "val_acc": 0.6622,
            "train_val_gap": -0.025205757258217498,
            "lr": 0.003311810110295246,
            "time_seconds": 92.6097981929779
        },
        {
            "epoch": 7,
            "train_loss": 1.213175532637702,
            "train_acc": 0.6650364079182537,
            "val_loss": 1.2035258848190307,
            "val_acc": 0.6554,
            "train_val_gap": 0.009636407918253709,
            "lr": 0.003308219350711051,
            "time_seconds": 92.4237802028656
        },
        {
            "epoch": 8,
            "train_loss": 1.153790664905972,
            "train_acc": 0.691473745171724,
            "val_loss": 1.0980295087814331,
            "val_acc": 0.7046,