{
    "train_loss": [
        2.3553651848687065,
        1.8985622543758816,
        1.74104733827379,
        1.6732377046373155,
        1.6561391633351643,
        1.637879814169142,
        1.6086552569919161,
        1.6014795329623752,
        1.5900514403661092,
        1.584718704393175,
        1.5405989613850912,
        1.525008445485433,
        1.496000915230645,
        1.4754675618913438,
        1.4345607782151963,
        1.393843840154012,
        1.4034930220921835,
        1.3530033384535047,
        1.3728465752283732,
        1.3566115395439995,
        1.3311987818400066,
        1.3048266107347277,
        1.337579977713691,
        1.3119741314146254,
        1.2907280782487658,
        1.272600039492713,
        1.252341176478068,
        1.2434668279435899,
        1.2312512620713976,
        1.256265029610528,
        1.2083715762456257,
        1.2068678102493287,
        1.2074598307079738,
        1.2432986458036634,
        1.2142894200219048,
        1.1929146150377061
    ],
    "train_acc": [
        0.09997777777777778,
        0.41137507810299406,
        0.5063800761428698,
        0.5422589163819408,
        0.5553882626591267,
        0.5671127721822588,
        0.5845281121497352,
        0.5869820725882683,
        0.5944394486429885,
        0.5984347130990675,
        0.6224155237011756,
        0.634523763861499,
        0.6532679363600704,
        0.66375318665833,
        0.6903414903545787,
        0.7101701699396925,
        0.7077113483258646,
        0.7337969925219385,
        0.7251355405119969,
        0.7362323030355231,
        0.7491731356488769,
        0.7641383836161947,
        0.7500472647651782,
        0.7634682683391796,
        0.7733577383918389,
        0.784286653719183,
        0.7959853368075295,
        0.799926951343867,
        0.8064211940567152,
        0.794610606282315,
        0.8209282569446612,
        0.8212675070223632,
        0.8201648892530641,
        0.804485391881033,
        0.8177224435316457,
        0.8278061516787252
    ],
    "val_loss": [
        2.3574053329467772,
        1.649089573097229,
        1.5613372955322267,
        1.5022729785919189,
        1.4859329113006592,
        1.4888371334075927,
        1.4921228588104247,
        1.4391200189590454,
        1.4776059009552003,
        1.4274459699630737,
        1.3926869554519654,
        1.3714413887023926,
        1.3472639799118042,
        1.37661089553833,
        1.3458916887283325,
        1.3116775867462158,
        1.314011117553711,
        1.323035057258606,
        1.313399830341339,
        1.310275813293457,
        1.282893767929077,
        1.2845011882781983,
        1.2985486238479613,
        1.3126715284347534,
        1.2879636087417603,
        1.3123995277404785,
        1.296429969215393,
        1.3060641128540038,
        1.3032583290100097,
        1.286355297279358,
        1.3061217727661132,
        1.3123514476776124,
        1.3109347125053405,
        1.3146830282211304,
        1.3034299350738525,
        1.3233114192962647
    ],
    "val_acc": [
        0.1002,
        0.55,
        0.5922,
        0.6252,
        0.6328,
        0.6404,
        0.6268,
        0.6548,
        0.6298,
        0.674,
        0.683,
        0.697,
        0.708,
        0.6968,
        0.7086,
        0.7356,
        0.7274,
        0.731,
        0.7344,
        0.7406,
        0.7454,
        0.75,
        0.737,
        0.7384,
        0.7516,
        0.7388,
        0.7502,
        0.7426,
        0.7458,
        0.7564,
        0.7566,
        0.7448,
        0.7526,
        0.7482,
        0.7512,
        0.7518
    ],
    "lr": [
        0.00020831247405005298,
        0.00041662494810010595,
        0.0006249374221501589,
        0.0008332498962002119,
        0.001041562370250265,
        0.0012498748443003178,
        0.001458187318350371,
        0.0016664997924004238,
        0.001874812266450477,
        0.0018744086940643149,
        0.0018731983243980524,
        0.0018711821996291553,
        0.0018683620557229756,
        0.0018647403209380133,
        0.001860320113735088,
        0.0018551052400922168,
        0.0018491001902275134,
        0.0018423101347329273,
        0.0018347409201221539,
        0.0018263990637965495,
        0.0018172917484333823,
        0.0018074268158012573,
        0.0017968127600080333,
        0.001785458720187052,
        0.0017733744726279724,
        0.0017605704223589871,
        0.0017470575941876724,
        0.0017328476232081793,
        0.0017179527447829448,
        0.0017023857840075482,
        0.001686160144667783,
        0.0016692897976984514,
        0.0016517892691538228,
        0.00163367362770011,
        0.0016149584716407366,
        0.0015956599154855618
    ],
    "epoch_times": [
        106.70457220077515,
        106.33974766731262,
        106.45738673210144,
        106.45089626312256,
        106.41348624229431,
        106.49522495269775,
        106.51421356201172,
        106.48535203933716,
        106.49981999397278,
        106.4470546245575,
        106.50094032287598,
        105.76842617988586,
        107.10411143302917,
        106.7931957244873,
        106.3693778514862,
        106.20094442367554,
        106.44201183319092,
        106.46274304389954,
        106.45422220230103,
        106.38192558288574,
        106.38737940788269,
        106.45190334320068,
        106.34621047973633,
        106.33258104324341,
        106.4214518070221,
        106.40023970603943,
        106.31761956214905,
        106.27734732627869,
        106.2846953868866,
        106.31221556663513,
        106.40415120124817,
        106.3805034160614,
        106.3044011592865,
        106.26547455787659,
        106.25919389724731,
        106.27724742889404
    ],
    "detailed_epochs": [
        {
            "epoch": 1,
            "train_loss": 2.3553651848687065,
            "train_acc": 0.09997777777777778,
            "val_loss": 2.3574053329467772,
            "val_acc": 0.1002,
            "train_val_gap": -0.00022222222222222088,
            "lr": 0.00020831247405005298,
            "time_seconds": 106.70457220077515
        },
        {
            "epoch": 2,
            "train_loss": 1.8985622543758816,
            "train_acc": 0.41137507810299406,
            "val_loss": 1.649089573097229,
            "val_acc": 0.55,
            "train_val_gap": -0.13862492189700598,
            "lr": 0.00041662494810010595,
            "time_seconds": 106.33974766731262
        },
        {
            "epoch": 3,
            "train_loss": 1.74104733827379,
            "train_acc": 0.5063800761428698,
            "val_loss": 1.5613372955322267,
            "val_acc": 0.5922,
            "train_val_gap": -0.08581992385713011,
            "lr": 0.0006249374221501589,
            "time_seconds": 106.45738673210144
        },
        {
            "epoch": 4,
            "train_loss": 1.6732377046373155,
            "train_acc": 0.5422589163819408,
            "val_loss": 1.5022729785919189,
            "val_acc": 0.6252,
            "train_val_gap": -0.08294108361805919,
            "lr": 0.0008332498962002119,
            "time_seconds": 106.45089626312256
        },
        {
            "epoch": 5,
            "train_loss": 1.6561391633351643,
            "train_acc": 0.5553882626591267,
            "val_loss": 1.4859329113006592,
            "val_acc": 0.6328,
            "train_val_gap": -0.07741173734087337,
            "lr": 0.001041562370250265,
            "time_seconds": 106.41348624229431
        },
        {
            "epoch": 6,
            "train_loss": 1.637879814169142,
            "train_acc": 0.5671127721822588,
            "val_loss": 1.4888371334075927,
            "val_acc": 0.6404,
            "train_val_gap": -0.07328722781774122,
            "lr": 0.0012498748443003178,
            "time_seconds": 106.49522495269775
        },
        {
            "epoch": 7,