{
    "train_loss": [
        2.3186937569936115,
        1.7691875527064005,
        1.5770028602600097,
        1.5697034574720594,
        1.546951380030314,
        1.4773105373806423,
        1.400343555577596,
        1.3530480959786308,
        1.3233189683278401,
        1.2645443759070503,
        1.2724466240353054,
        1.2348078106774225,
        1.1623107140223186,
        1.146267043791877,
        1.1244004256778293,
        1.103846772003174,
        1.0365059386677211,
        1.0360734456592136,
        1.061750911140442,
        0.9819692055596245,
        0.9920813168101841,
        1.0019414072248671,
        1.007551431825426,
        0.9985272880660163,
        0.9972762232144674,
        0.9959615112834507,
        1.0059154684702556,
        0.9338656660503811,
        0.8800678530534108,
        0.9415267166455586,
        0.9177178677664862,
        0.9514865299648709,
        0.9108474577797784,
        0.893298150422838
    ],
    "train_acc": [
        0.10064444444444444,
        0.41189659553181246,
        0.5039086842728194,
        0.5095549453564066,
        0.520129985900881,
        0.5538402514848495,
        0.5861106250011671,
        0.6088787554166424,
        0.6255662523829644,
        0.6533980841509833,
        0.6538725914184441,
        0.668925351148852,
        0.7010256064269342,
        0.7079951455982098,
        0.7191517588232847,
        0.727934724947554,
        0.7568899044193623,
        0.7577870843558816,
        0.7481553202442227,
        0.7829311578761599,
        0.7797265849703411,
        0.7754910969141997,
        0.7756347717891409,
        0.7810985829239425,
        0.7769828041666721,
        0.7762564930940596,
        0.7778333481796289,
        0.8070269659174325,
        0.8260835487936266,
        0.805091862073239,
        0.8125230394717152,
        0.7988773170745274,
        0.8180650911001313,
        0.8261113720422582
    ],
    "val_loss": [
        2.324302659225464,
        1.3560335899353027,
        1.3071654006958007,
        1.2694521884918213,
        1.2660446380615233,
        1.1674506256103516,
        1.1353069862365723,
        1.0615568418502808,
        1.081251082611084,
        1.005083984565735,
        1.0214100061416627,
        0.9771011827468872,
        0.9760021903038025,
        1.0126917519569396,
        0.9709353443145752,
        0.9529143346786499,
        0.9585176349639892,
        0.9657306195259094,
        0.9458490264892578,
        0.9685008359909058,
        0.988419974899292,
        0.9826647960662842,
        0.9876532813072204,
        0.9662093898773193,
        1.0261697197914124,
        0.9974379460334778,
        0.9867727381706238,
        0.9844135650634765,
        0.9773165517807006,
        0.9518650089263916,
        0.9562522714614868,
        0.9821876968383789,
        1.0096332138061523,
        0.9587191750526428
    ],
    "val_acc": [
        0.0942,
        0.5872,
        0.5914,
        0.6232,
        0.6198,
        0.6624,
        0.6724,
        0.702,
        0.6816,
        0.7268,
        0.7156,
        0.7348,
        0.7418,
        0.7308,
        0.7422,
        0.7544,
        0.7526,
        0.7558,
        0.7598,
        0.7488,
        0.7522,
        0.7512,
        0.7462,
        0.766,
        0.7542,
        0.76,
        0.7642,
        0.754,
        0.7588,
        0.771,
        0.7678,
        0.7664,
        0.7604,
        0.7706
    ],
    "lr": [
        0.0006586531153839087,
        0.0013173062307678175,
        0.0019759593461517264,
        0.002634612461535635,
        0.0026341028680374025,
        0.002632574481810229,
        0.002630028485351647,
        0.002626466848474312,
        0.0026218923267819767,
        0.0026163084595375043,
        0.00260971956692458,
        0.0026021307467052235,
        0.002593547870275701,
        0.0025839775781238868,
        0.002573427274691576,
        0.002561905122645744,
        0.002549420036563171,
        0.002535981676033319,
        0.0025216004381848024,
        0.0025062874496412308,
        0.0024900545579126486,
        0.002472914322229232,
        0.0024548800038243354,
        0.002435965555674403,
        0.0024161856117036885,
        0.00239555547546213,
        0.0023740911082851405,
        0.0023518091169444826,
        0.0023287267407997663,
        0.002304861838460528,
        0.0022802328739691966,
        0.002254858902515642,
        0.0022287595556943645,
        0.002201955026315718
    ],
    "epoch_times": [
        163.6119248867035,
        163.30526638031006,
        163.46331214904785,
        163.9697003364563,
        164.02819728851318,
        163.69736433029175,
        163.66190457344055,
        163.58619737625122,
        163.5652952194214,
        163.51397705078125,
        163.6435832977295,
        163.4809534549713,
        163.5221071243286,
        163.68577408790588,
        163.60429859161377,
        163.52895975112915,
        163.6212785243988,
        163.7715859413147,
        163.60629892349243,
        163.60871839523315,
        163.68644046783447,
        163.62632036209106,
        163.465651512146,
        163.49704813957214,
        163.51381134986877,
        163.3545424938202,
        163.38935565948486,
        163.43935585021973,
        163.35934400558472,
        163.31890678405762,
        163.44227766990662,
        163.40100765228271,
        163.29139828681946,
        163.26838493347168
    ],
    "detailed_epochs": [
        {
            "epoch": 1,
            "train_loss": 2.3186937569936115,
            "train_acc": 0.10064444444444444,
            "val_loss": 2.324302659225464,
            "val_acc": 0.0942,
            "train_val_gap": 0.006444444444444433,
            "lr": 0.0006586531153839087,
            "time_seconds": 163.6119248867035
        },
        {
            "epoch": 2,
            "train_loss": 1.7691875527064005,
            "train_acc": 0.41189659553181246,
            "val_loss": 1.3560335899353027,
            "val_acc": 0.5872,
            "train_val_gap": -0.1753034044681876,
            "lr": 0.0013173062307678175,
            "time_seconds": 163.30526638031006
        },
        {
            "epoch": 3,
            "train_loss": 1.5770028602600097,
            "train_acc": 0.5039086842728194,
            "val_loss": 1.3071654006958007,
            "val_acc": 0.5914,
            "train_val_gap": -0.08749131572718061,
            "lr": 0.0019759593461517264,
            "time_seconds": 163.46331214904785
        },
        {
            "epoch": 4,
            "train_loss": 1.5697034574720594,
            "train_acc": 0.5095549453564066,
            "val_loss": 1.2694521884918213,
            "val_acc": 0.6232,
            "train_val_gap": -0.11364505464359342,
            "lr": 0.002634612461535635,
            "time_seconds": 163.9697003364563
        },
        {
            "epoch": 5,
            "train_loss": 1.546951380030314,
            "train_acc": 0.520129985900881,
            "val_loss": 1.2660446380615233,
            "val_acc": 0.6198,
            "train_val_gap": -0.09967001409911902,
            "lr": 0.0026341028680374025,
            "time_seconds": 164.02819728851318
        },
        {
            "epoch": 6,
            "train_loss": 1.4773105373806423,
            "train_acc": 0.5538402514848495,
            "val_loss": 1.1674506256103516,
            "val_acc": 0.6624,
            "train_val_gap": -0.10855974851515049,
            "lr": 0.002632574481810229,
            "time_seconds": 163.69736433029175
        },
        {
            "epoch": 7,
            "train_loss": 1.400343555577596,
            "train_acc": 0.5861106250011671,
            "val_loss": 1.1353069862365723,
            "val_acc": 0.6724,
            "train_val_gap": -0.08628937499883294,
            "lr": 0.002630028485351647,