{
    "trial_number": 22,
    "parameters": {
        "pe_type": "rope_mixed",
        "img_size": 32,
        "embed_dim": 320,
        "depth": 12,
        "num_heads": 16,
        "patch_size": 2,
        "mixup_alpha": 0.35000000000000003,
        "label_smoothing": 0.06,
        "drop_rate": 0.45000000000000007,
        "random_erasing_prob": 0.35000000000000003,
        "color_jitter_brightness": 0.1,
        "color_jitter_contrast": 0.15000000000000002,
        "weight_decay": 0.05437780585502222,
        "early_stopping_patience": 10,
        "early_stopping_delta": 0.005746736168618489,
        "lr": 0.002634612461535635,
        "warmup_epochs": 4,
        "lr_decay_factor": 0.85,
        "batch_size": 256,
        "device": "cuda",
        "num_workers": 4,
        "random_crop_padding": 4,
        "output_dir": "results/bo_results/rope_mixed/trial_22",
        "seed": 42,
        "mlp_ratio": 4.0,
        "epochs": 100,
        "checkpoint_dir": "results/bo_results/rope_mixed/trial_22/checkpoints"
    },
    "validation_accuracy": 0.7706,
    "best_epoch": 23,
    "early_stopped": true,
    "training_time": 5560.530542850494,
    "final_train_acc": 0.8261113720422582,
    "final_val_acc": 0.7706,
    "best_val_acc": 0.766,
    "final_train_loss": 0.893298150422838,
    "final_val_loss": 0.9587191750526428,
    "avg_train_val_gap": -0.017799995655506155
}