{
    "train_loss": [
        2.3896046786838108,
        1.9470694071875678,
        1.7816540823618572,
        1.6734609715567694,
        1.6224095447540283,
        1.5360222183651395,
        1.507924103864034,
        1.4354552062564425,
        1.411846022796631,
        1.3846568060557047,
        1.3395211426205105,
        1.315091672346327,
        1.307553568289015,
        1.281363073709276,
        1.2823896186404757,
        1.1975200284745957,
        1.1960860461446974,
        1.1871407959620157,
        1.125762486436632,
        1.1609818335003323,
        1.1271258443832397,
        1.0941675582567851,
        1.0635955048243204,
        1.1135747546725803,
        1.0690190200063918,
        1.0698002931488886,
        1.0289932948006524,
        1.0214658735487196
    ],
    "train_acc": [
        0.07542679329042358,
        0.340223209714409,
        0.43103595943258805,
        0.48586398459308466,
        0.5154106291810453,
        0.5574254309334012,
        0.577835236790772,
        0.6108503820218679,
        0.6243709527707386,
        0.6365650788763754,
        0.6602658325746241,
        0.6722881050924053,
        0.6806713882391082,
        0.6931091147909932,
        0.696375792694912,
        0.7321223366275945,
        0.7372723499949795,
        0.7418759509725089,
        0.7681076036270811,
        0.7561868981660521,
        0.771550342371712,
        0.7864587549922424,
        0.8020215128591329,
        0.7833595189375026,
        0.8019056860062284,
        0.8040728269130766,
        0.820956320883816,
        0.8237944820549297
    ],
    "val_loss": [
        2.390238526916504,
        1.7290284183502198,
        1.5890859685897827,
        1.515013670539856,
        1.4277583950042725,
        1.3640948780059814,
        1.3257723461151123,
        1.303103290939331,
        1.2952587650299072,
        1.2689606060028076,
        1.300012935066223,
        1.2544753366470336,
        1.2243936643600464,
        1.1651686241149903,
        1.156042778968811,
        1.1657732967376708,
        1.1678232265472412,
        1.143524044418335,
        1.181033995437622,
        1.1421050833702087,
        1.1507263710975646,
        1.1497419403076172,
        1.159189959526062,
        1.1527368408203125,
        1.154857938194275,
        1.1838712332725525,
        1.1688598993301391,
        1.1787732654571532
    ],
    "val_acc": [
        0.0576,
        0.4418,
        0.516,
        0.5464,
        0.5992,
        0.626,
        0.6426,
        0.6622,
        0.657,
        0.6684,
        0.6566,
        0.6816,
        0.6994,
        0.7268,
        0.7326,
        0.7292,
        0.7264,
        0.745,
        0.7274,
        0.7466,
        0.7462,
        0.7518,
        0.7464,
        0.7498,
        0.742,
        0.7418,
        0.7406,
        0.7518
    ],
    "lr": [
        8.309681387085589e-05,
        0.00016619362774171177,
        0.0002492904416125677,
        0.00033238725548342355,
        0.0004154840693542795,
        0.0004985808832251354,
        0.0005816776970959912,
        0.0006647745109668471,
        0.0007478713248377031,
        0.0007476908428226692,
        0.0007471495709987558,
        0.0007462480318613507,
        0.0007449870956756706,
        0.0007433679796366852,
        0.0007413922466941458,
        0.0007390618040438535,
        0.000736378901286623,
        0.0007333461282567199,
        0.0007299664125218653,
        0.0007262430165572247,
        0.0007221795345961061,
        0.0007177798891604092,
        0.0007130483272741727,
        0.0007079894163638785,
        0.0007026080398494659,
        0.0006969093924303156,
        0.0006908989750707513,
        0.0006845825896899012
    ],
    "epoch_times": [
        183.16334056854248,
        182.75667762756348,
        182.7407567501068,
        182.74846172332764,
        182.74682235717773,
        182.74067378044128,
        182.72456979751587,
        182.75053000450134,
        182.75558853149414,
        182.77594637870789,
        182.86396169662476,
        182.79892110824585,
        182.88203859329224,
        182.85413265228271,
        182.9049563407898,
        182.84199142456055,
        182.84029698371887,
        182.83583807945251,
        182.89599752426147,
        182.83409643173218,
        182.87489104270935,
        182.87609672546387,
        182.90352249145508,
        182.84268188476562,
        182.9014492034912,
        182.96458196640015,
        182.9340739250183,
        182.99791526794434
    ],
    "detailed_epochs": [
        {
            "epoch": 1,
            "train_loss": 2.3896046786838108,
            "train_acc": 0.07542679329042358,
            "val_loss": 2.390238526916504,
            "val_acc": 0.0576,
            "train_val_gap": 0.01782679329042358,
            "lr": 8.309681387085589e-05,
            "time_seconds": 183.16334056854248
        },
        {
            "epoch": 2,
            "train_loss": 1.9470694071875678,
            "train_acc": 0.340223209714409,
            "val_loss": 1.7290284183502198,
            "val_acc": 0.4418,
            "train_val_gap": -0.10157679028559102,
            "lr": 0.00016619362774171177,
            "time_seconds": 182.75667762756348
        },
        {
            "epoch": 3,
            "train_loss": 1.7816540823618572,
            "train_acc": 0.43103595943258805,
            "val_loss": 1.5890859685897827,
            "val_acc": 0.516,
            "train_val_gap": -0.08496404056741197,
            "lr": 0.0002492904416125677,
            "time_seconds": 182.7407567501068
        },
        {
            "epoch": 4,
            "train_loss": 1.6734609715567694,
            "train_acc": 0.48586398459308466,
            "val_loss": 1.515013670539856,
            "val_acc": 0.5464,
            "train_val_gap": -0.06053601540691533,
            "lr": 0.00033238725548342355,
            "time_seconds": 182.74846172332764
        },
        {
            "epoch": 5,
            "train_loss": 1.6224095447540283,
            "train_acc": 0.5154106291810453,
            "val_loss": 1.4277583950042725,
            "val_acc": 0.5992,
            "train_val_gap": -0.08378937081895466,
            "lr": 0.0004154840693542795,
            "time_seconds": 182.74682235717773
        },
        {
            "epoch": 6,
            "train_loss": 1.5360222183651395,
            "train_acc": 0.5574254309334012,
            "val_loss": 1.3640948780059814,
            "val_acc": 0.626,
            "train_val_gap": -0.06857456906659876,
            "lr": 0.0004985808832251354,
            "time_seconds": 182.74067378044128
        },
        {
            "epoch": 7,
            "train_loss": 1.507924103864034,
            "train_acc": 0.577835236790772,
            "val_loss": 1.3257723461151123,
            "val_acc": 0.6426,
            "train_val_gap": -0.06476476320922797,
            "lr": 0.0005816776970959912,
            "time_seconds": 182.72456979751587
        },
        {
            "epoch": 8,
            "train_loss": 1.4354552062564425,
            "train_acc": 0.6108503820218679,
            "val_loss": 1.303103290939331,
            "val_acc": 0.6622,
            "train_val_gap": -0.05134961797813209,
            "lr": 0.0006647745109668471,
            "time_seconds": 182.75053000450134
        },
        {
            "epoch": 9,
            "train_loss": 1.411846022796631,
            "train_acc": 0.6243709527707386,
            "val_loss": 1.2952587650299072,
            "val_acc": 0.657,
            "train_val_gap": -0.03262904722926141,
            "lr": 0.0007478713248377031,
            "time_seconds": 182.75558853149414
        },
        {
            "epoch": 10,
            "train_loss": 1.3846568060557047,
            "train_acc": 0.6365650788763754,
            "val_loss": 1.2689606060028076,
            "val_acc": 0.6684,
            "train_val_gap": -0.03183492112362463,