{
    "train_loss": [
        2.334134568998549,
        1.9827352801852756,
        1.6799587254842123,
        1.4975800412919786,
        1.383565103149414,
        1.309191590584649,
        1.2851611572053698,
        1.2041848556730483,
        1.1542488235049777,
        1.1235134357028538,
        1.078295540576511,
        1.0752072379642064,
        1.0287861682309045,
        0.9833216521898905,
        0.9513846767955356,
        0.9303224253336588,
        0.8972939790937635,
        0.9018366000493367,
        0.8486248081843059,
        0.8485361590120527,
        0.8291146779484219,
        0.7659668524212307,
        0.8004345675574409,
        0.8111371760474311,
        0.7546478195190429
    ],
    "train_acc": [
        0.09973333333333333,
        0.2909405294598343,
        0.4366467852999521,
        0.5160153864579868,
        0.5629044656466531,
        0.5991659032459822,
        0.6105715094272337,
        0.6444538085074257,
        0.6664288014726464,
        0.6808515756219946,
        0.702053115353456,
        0.706437996783981,
        0.72467538475005,
        0.7433549105125768,
        0.7561212306574995,
        0.7670908758829869,
        0.7794782904448956,
        0.7812824865066157,
        0.8012827527641158,
        0.8023422421704316,
        0.8103544585213172,
        0.8329297852492561,
        0.820865659757374,
        0.8184370841955166,
        0.8408500368363764
    ],
    "val_loss": [
        2.3354356845855713,
        1.7194585124969481,
        1.4257317899703978,
        1.2905956462860106,
        1.1839762079238891,
        1.1220953546524048,
        1.0873334444046021,
        1.041297541999817,
        1.0174841444969178,
        1.0535976776123046,
        1.0053424196243286,
        1.0093473944664002,
        0.9848069635391236,
        1.018549793434143,
        1.023727448272705,
        1.01942354221344,
        1.0372376084327697,
        1.0115913352966308,
        1.024472491455078,
        1.0366826231956483,
        1.0846918682098388,
        1.0590612723350525,
        1.0630824780464172,
        1.1048310125350953,
        1.1068578483581544
    ],
    "val_acc": [
        0.1024,
        0.422,
        0.5326,
        0.5896,
        0.6362,
        0.6488,
        0.6692,
        0.685,
        0.6964,
        0.685,
        0.6994,
        0.7028,
        0.7136,
        0.7092,
        0.7006,
        0.7142,
        0.7068,
        0.7142,
        0.7154,
        0.7098,
        0.7074,
        0.7118,
        0.712,
        0.7096,
        0.7152
    ],
    "lr": [
        5.326523976889979e-05,
        0.00010653047953779958,
        0.00015979571930669937,
        0.00021306095907559915,
        0.00026632619884449897,
        0.00031959143861339873,
        0.0003195191563974613,
        0.0003193023751421235,
        0.0003189412909656489,
        0.0003184362305346658,
        0.00031778765076863737,
        0.0003169961384264942,
        0.00031606240957580425,
        0.00031498730894495813,
        0.00031377180915895855,
        0.0003124170098595028,
        0.0003109241367101561,
        0.0003092945402875148,
        0.00030752969485936315,
        0.00030563119705092853,
        0.000303600764400442,
        0.0003014402338053115,
        0.00029915155986031213,
        0.0002967368130892979,
        0.0002941981780720347
    ],
    "epoch_times": [
        89.14133667945862,
        88.4085476398468,
        88.39141368865967,
        88.56787943840027,
        88.36989760398865,
        87.53778266906738,
        89.23140501976013,
        88.52326488494873,
        88.53886818885803,
        88.50713539123535,
        88.37560272216797,
        88.44116735458374,
        88.44662356376648,
        88.31873655319214,
        88.65476036071777,
        88.3130476474762,
        88.40924906730652,
        88.40838360786438,
        88.34992051124573,
        88.7288236618042,
        88.30125856399536,
        88.56105923652649,
        88.42812919616699,
        88.36467385292053,
        88.63186836242676
    ],
    "detailed_epochs": [
        {
            "epoch": 1,
            "train_loss": 2.334134568998549,
            "train_acc": 0.09973333333333333,
            "val_loss": 2.3354356845855713,
            "val_acc": 0.1024,
            "train_val_gap": -0.0026666666666666783,
            "lr": 5.326523976889979e-05,
            "time_seconds": 89.14133667945862
        },
        {
            "epoch": 2,
            "train_loss": 1.9827352801852756,
            "train_acc": 0.2909405294598343,
            "val_loss": 1.7194585124969481,
            "val_acc": 0.422,
            "train_val_gap": -0.1310594705401657,
            "lr": 0.00010653047953779958,
            "time_seconds": 88.4085476398468
        },
        {
            "epoch": 3,
            "train_loss": 1.6799587254842123,
            "train_acc": 0.4366467852999521,
            "val_loss": 1.4257317899703978,
            "val_acc": 0.5326,
            "train_val_gap": -0.09595321470004786,
            "lr": 0.00015979571930669937,
            "time_seconds": 88.39141368865967
        },
        {
            "epoch": 4,
            "train_loss": 1.4975800412919786,
            "train_acc": 0.5160153864579868,
            "val_loss": 1.2905956462860106,
            "val_acc": 0.5896,
            "train_val_gap": -0.07358461354201318,
            "lr": 0.00021306095907559915,
            "time_seconds": 88.56787943840027
        },
        {
            "epoch": 5,
            "train_loss": 1.383565103149414,
            "train_acc": 0.5629044656466531,
            "val_loss": 1.1839762079238891,
            "val_acc": 0.6362,
            "train_val_gap": -0.0732955343533469,
            "lr": 0.00026632619884449897,
            "time_seconds": 88.36989760398865
        },
        {
            "epoch": 6,
            "train_loss": 1.309191590584649,
            "train_acc": 0.5991659032459822,
            "val_loss": 1.1220953546524048,
            "val_acc": 0.6488,
            "train_val_gap": -0.049634096754017865,
            "lr": 0.00031959143861339873,
            "time_seconds": 87.53778266906738
        },
        {
            "epoch": 7,
            "train_loss": 1.2851611572053698,
            "train_acc": 0.6105715094272337,
            "val_loss": 1.0873334444046021,
            "val_acc": 0.6692,
            "train_val_gap": -0.05862849057276631,
            "lr": 0.0003195191563974613,
            "time_seconds": 89.23140501976013
        },
        {
            "epoch": 8,
            "train_loss": 1.2041848556730483,
            "train_acc": 0.6444538085074257,
            "val_loss": 1.041297541999817,
            "val_acc": 0.685,
            "train_val_gap": -0.040546191492574324,
            "lr": 0.0003193023751421235,
            "time_seconds": 88.52326488494873
        },
        {
            "epoch": 9,
            "train_loss": 1.1542488235049777,
            "train_acc": 0.6664288014726464,
            "val_loss": 1.0174841444969178,
            "val_acc": 0.6964,
            "train_val_gap": -0.029971198527353637,
            "lr": 0.0003189412909656489,
            "time_seconds": 88.53886818885803
        },
        {
            "epoch": 10,
            "train_loss": 1.1235134357028538,
            "train_acc": 0.6808515756219946,
            "val_loss": 1.0535976776123046,
            "val_acc": 0.685,
            "train_val_gap": -0.004148424378005444,
            "lr": 0.0003184362305346658,
            "time_seconds": 88.50713539123535
        },
        {
            "epoch": 11,
            "train_loss": 1.078295540576511,
            "train_acc": 0.702053115353456,
            "val_loss": 1.0053424196243286,
            "val_acc": 0.6994,
            "train_val_gap": 0.002653115353456026,
            "lr": 0.00031778765076863737,
            "time_seconds": 88.37560272216797
        },
        {
            "epoch": 12,