{
    "train_loss": [
        2.3553316231621637,
        2.0880078325483535,
        1.7657992134518095,
        1.63480648405287,
        1.5383273491753473,
        1.455225406434801,
        1.3884331709543865,
        1.3313808788299561,
        1.2978672272788154,
        1.2306761724472046,
        1.246808793343438,
        1.2054356642723083,
        1.1193868455674914,
        1.101539090039995,
        1.0773788985358344,
        1.0443904764811198,
        0.9871328512933519,
        0.9931033150143094,
        1.023279228316413,
        0.9311884195115832,
        0.9507637449264527,
        0.9724866086959839,
        0.9867501488155789,
        0.9757236880832248
    ],
    "train_acc": [
        0.09997777777777778,
        0.24524528171511342,
        0.41599886741251335,
        0.47997331032628776,
        0.5225681553154633,
        0.5636675075688137,
        0.592053081251608,
        0.6187561640962724,
        0.6359290818072122,
        0.6665450310673259,
        0.664222359861129,
        0.6801536773367411,
        0.7217510377131967,
        0.7293876093667655,
        0.741729957228037,
        0.7571641708734678,
        0.7797820250879609,
        0.7804315799112836,
        0.7681117216219115,
        0.8066177911636617,
        0.8007084462240448,
        0.7911898817049218,
        0.7853604578019419,
        0.7923258439517409
    ],
    "val_loss": [
        2.35767168006897,
        1.8064247562408446,
        1.4650953687667847,
        1.3248440477371215,
        1.2440335983276367,
        1.2052206825256349,
        1.1438658191680908,
        1.1261720527648926,
        1.0500431468963622,
        1.0455062000274657,
        1.0428101935386658,
        1.0297246608734132,
        1.0327893970489501,
        1.0448833686828614,
        1.0464912612915038,
        1.0755398412704469,
        1.0618749422073364,
        1.0931748100280763,
        1.0709937801361085,
        1.1360509447097777,
        1.0978048662185669,
        1.0956114936828614,
        1.1095335292816162,
        1.1001393743515016
    ],
    "val_acc": [
        0.1002,
        0.387,
        0.5274,
        0.5998,
        0.632,
        0.643,
        0.6644,
        0.6818,
        0.7098,
        0.7126,
        0.705,
        0.7182,
        0.7232,
        0.7182,
        0.726,
        0.7142,
        0.7256,
        0.7168,
        0.7148,
        0.712,
        0.7194,
        0.7246,
        0.7242,
        0.7224
    ],
    "lr": [
        4.369289388001212e-05,
        8.738578776002424e-05,
        0.00013107868164003635,
        0.00017477157552004847,
        0.00021846446940006057,
        0.00021843087447924738,
        0.00021833011038137993,
        0.00021816223908746414,
        0.0002179273638568143,
        0.00021762562916353729,
        0.00021725722060766505,
        0.00021682236480099028,
        0.00021632132922767513,
        0.00021575442207971912,
        0.00021512199206738698,
        0.00021442442820471377,
        0.0002136621595702181,
        0.00021283565504297194,
        0.00021194542301418816,
        0.00021099201107450415,
        0.0002099760056771534,
        0.00020889803177723197,
        0.00020775875244728265,
        0.0002065588684694323
    ],
    "epoch_times": [
        147.85526156425476,
        147.7781765460968,
        147.9251835346222,
        147.8963520526886,
        147.82041096687317,
        147.8250708580017,
        147.95474576950073,
        147.92063188552856,
        147.89204907417297,
        147.83217883110046,
        147.8293571472168,
        147.88267040252686,
        147.83705401420593,
        147.80204033851624,
        147.8207061290741,
        147.9101529121399,
        147.85001802444458,
        147.86810088157654,
        147.78221368789673,
        147.8626844882965,
        147.9182207584381,
        147.7605185508728,
        147.72799110412598,
        147.75562620162964
    ],
    "detailed_epochs": [
        {
            "epoch": 1,
            "train_loss": 2.3553316231621637,
            "train_acc": 0.09997777777777778,
            "val_loss": 2.35767168006897,
            "val_acc": 0.1002,
            "train_val_gap": -0.00022222222222222088,
            "lr": 4.369289388001212e-05,
            "time_seconds": 147.85526156425476
        },
        {
            "epoch": 2,
            "train_loss": 2.0880078325483535,
            "train_acc": 0.24524528171511342,
            "val_loss": 1.8064247562408446,
            "val_acc": 0.387,
            "train_val_gap": -0.1417547182848866,
            "lr": 8.738578776002424e-05,
            "time_seconds": 147.7781765460968
        },
        {
            "epoch": 3,
            "train_loss": 1.7657992134518095,
            "train_acc": 0.41599886741251335,
            "val_loss": 1.4650953687667847,
            "val_acc": 0.5274,
            "train_val_gap": -0.11140113258748663,
            "lr": 0.00013107868164003635,
            "time_seconds": 147.9251835346222
        },
        {
            "epoch": 4,
            "train_loss": 1.63480648405287,
            "train_acc": 0.47997331032628776,
            "val_loss": 1.3248440477371215,
            "val_acc": 0.5998,
            "train_val_gap": -0.11982668967371224,
            "lr": 0.00017477157552004847,
            "time_seconds": 147.8963520526886
        },
        {
            "epoch": 5,
            "train_loss": 1.5383273491753473,
            "train_acc": 0.5225681553154633,
            "val_loss": 1.2440335983276367,
            "val_acc": 0.632,
            "train_val_gap": -0.1094318446845367,
            "lr": 0.00021846446940006057,
            "time_seconds": 147.82041096687317
        },
        {
            "epoch": 6,
            "train_loss": 1.455225406434801,
            "train_acc": 0.5636675075688137,
            "val_loss": 1.2052206825256349,
            "val_acc": 0.643,
            "train_val_gap": -0.07933249243118634,
            "lr": 0.00021843087447924738,
            "time_seconds": 147.8250708580017
        },
        {
            "epoch": 7,
            "train_loss": 1.3884331709543865,
            "train_acc": 0.592053081251608,
            "val_loss": 1.1438658191680908,
            "val_acc": 0.6644,
            "train_val_gap": -0.07234691874839194,
            "lr": 0.00021833011038137993,
            "time_seconds": 147.95474576950073
        },
        {
            "epoch": 8,
            "train_loss": 1.3313808788299561,
            "train_acc": 0.6187561640962724,
            "val_loss": 1.1261720527648926,
            "val_acc": 0.6818,
            "train_val_gap": -0.06304383590372753,
            "lr": 0.00021816223908746414,
            "time_seconds": 147.92063188552856
        },
        {
            "epoch": 9,
            "train_loss": 1.2978672272788154,
            "train_acc": 0.6359290818072122,
            "val_loss": 1.0500431468963622,
            "val_acc": 0.7098,
            "train_val_gap": -0.0738709181927878,
            "lr": 0.0002179273638568143,
            "time_seconds": 147.89204907417297
        },
        {
            "epoch": 10,
            "train_loss": 1.2306761724472046,
            "train_acc": 0.6665450310673259,
            "val_loss": 1.0455062000274657,
            "val_acc": 0.7126,
            "train_val_gap": -0.046054968932674134,
            "lr": 0.00021762562916353729,
            "time_seconds": 147.83217883110046
        },
        {
            "epoch": 11,
            "train_loss": 1.246808793343438,
            "train_acc": 0.664222359861129,
            "val_loss": 1.0428101935386658,
            "val_acc": 0.705,
            "train_val_gap": -0.040777640138870974,
            "lr": 0.00021725722060766505,
            "time_seconds": 147.8293571472168
        },
        {
            "epoch": 12,
            "train_loss": 1.2054356642723083,
            "train_acc": 0.6801536773367411,
            "val_loss": 1.0297246608734132,