{
    "train_loss": [
        2.3410660151587592,
        2.043207900598314,
        1.89803968395657,
        1.8161128133985731,
        1.7452986882951524,
        1.6824066173977321,
        1.6469418660905626,
        1.6192460725572375,
        1.6025239314609103,
        1.5648336538526746,
        1.5824121808369955,
        1.5492440657085842,
        1.4910704113854303,
        1.4801899208492704,
        1.462492005941603,
        1.4364770260069106,
        1.3950109985775418,
        1.387012610075209,
        1.4033803565767076,
        1.3384276529524062,
        1.3432077359517416,
        1.3449427141825359,
        1.3487188517676458,
        1.3333073343700832,
        1.3260930028067694,
        1.3120876902050442,
        1.3115746436648898,
        1.2593372437795003,
        1.2009995176845127,
        1.2409990127987331
    ],
    "train_acc": [
        0.10968978296387627,
        0.28656566209850276,
        0.3654225369313696,
        0.40928391936744946,
        0.4440797951976035,
        0.4799777763560795,
        0.4950378695549769,
        0.5090630246711023,
        0.519486452603125,
        0.5403721194921265,
        0.5330959468670918,
        0.5490223407738333,
        0.5787714747972851,
        0.5859565626748205,
        0.5945175280296149,
        0.6075363548415869,
        0.6294408212299107,
        0.63370679295292,
        0.6274614021453632,
        0.6581166161910572,
        0.6580837838156979,
        0.6561046243954036,
        0.6565814875161416,
        0.6660710077583142,
        0.6665275621229351,
        0.674006385863175,
        0.6772231215229625,
        0.702484462368604,
        0.7266042434643321,
        0.7097570007435651
    ],
    "val_loss": [
        2.309892729949951,
        1.7755206531524659,
        1.64202856464386,
        1.54255329914093,
        1.4691066915512085,
        1.457032278060913,
        1.4149293392181397,
        1.395463524055481,
        1.3501326906204223,
        1.337327732849121,
        1.322407626724243,
        1.2842229305267334,
        1.2518746398925782,
        1.2358727994918823,
        1.2606966033935547,
        1.221901944732666,
        1.1849759094238281,
        1.2030757575988769,
        1.1805331562042236,
        1.1813558137893676,
        1.1595196504592895,
        1.1884080249786377,
        1.146818166923523,
        1.1612852674484253,
        1.1313992649078368,
        1.141884845161438,
        1.1707844383239747,
        1.1567634130477906,
        1.1510296169281007,
        1.137211305809021
    ],
    "val_acc": [
        0.1162,
        0.4142,
        0.4676,
        0.5188,
        0.5576,
        0.565,
        0.5752,
        0.5914,
        0.6132,
        0.6224,
        0.6234,
        0.637,
        0.6568,
        0.6652,
        0.652,
        0.6752,
        0.6922,
        0.6914,
        0.6954,
        0.6976,
        0.7058,
        0.6942,
        0.716,
        0.7114,
        0.7256,
        0.722,
        0.7144,
        0.7174,
        0.7234,
        0.7254
    ],
    "lr": [
        7.021857409552048e-05,
        0.00014043714819104097,
        0.00021065572228656145,
        0.00028087429638208193,
        0.00035109287047760244,
        0.0004213114445731229,
        0.0004915300186686435,
        0.0005617485927641639,
        0.0006319671668596844,
        0.0006318146557205056,
        0.000631357269523577,
        0.0006305954497886077,
        0.0006295299319082049,
        0.0006281617444379917,
        0.0006264922081037314,
        0.0006245229345264167,
        0.0006222558246665555,
        0.0006196930669891539,
        0.000616837135351167,
        0.0006136907866134596,
        0.0006102570579795788,
        0.0006065392640639104,
        0.0006025409936920452,
        0.0005982661064364495,
        0.000593718728890778,
        0.0005889032506864302,
        0.0005838243202551926,
        0.0005784868403420592,
        0.0005728959632725592,
        0.0005670570859791637
    ],
    "epoch_times": [
        20.715412855148315,
        20.151751041412354,
        20.16823410987854,
        20.19338870048523,
        20.18636965751648,
        20.116774082183838,
        20.159595012664795,
        20.183003425598145,
        20.15246033668518,
        20.159850597381592,
        20.16547155380249,
        20.19279408454895,
        20.164209604263306,
        20.165523052215576,
        20.20751404762268,
        20.194328546524048,
        20.181930780410767,
        20.166311740875244,
        20.173787355422974,
        20.235613107681274,
        20.17436456680298,
        20.17851161956787,
        20.175354480743408,
        20.170058727264404,
        20.187639951705933,
        20.192517042160034,
        20.165690183639526,
        20.242002248764038,
        20.159307956695557,
        20.152881860733032
    ],
    "detailed_epochs": [
        {
            "epoch": 1,
            "train_loss": 2.3410660151587592,
            "train_acc": 0.10968978296387627,
            "val_loss": 2.309892729949951,
            "val_acc": 0.1162,
            "train_val_gap": -0.006510217036123728,
            "lr": 7.021857409552048e-05,
            "time_seconds": 20.715412855148315
        },
        {
            "epoch": 2,
            "train_loss": 2.043207900598314,
            "train_acc": 0.28656566209850276,
            "val_loss": 1.7755206531524659,
            "val_acc": 0.4142,
            "train_val_gap": -0.12763433790149725,
            "lr": 0.00014043714819104097,
            "time_seconds": 20.151751041412354
        },
        {
            "epoch": 3,
            "train_loss": 1.89803968395657,
            "train_acc": 0.3654225369313696,
            "val_loss": 1.64202856464386,
            "val_acc": 0.4676,
            "train_val_gap": -0.1021774630686304,
            "lr": 0.00021065572228656145,
            "time_seconds": 20.16823410987854
        },
        {
            "epoch": 4,
            "train_loss": 1.8161128133985731,
            "train_acc": 0.40928391936744946,
            "val_loss": 1.54255329914093,
            "val_acc": 0.5188,
            "train_val_gap": -0.10951608063255058,
            "lr": 0.00028087429638208193,
            "time_seconds": 20.19338870048523
        },
        {
            "epoch": 5,
            "train_loss": 1.7452986882951524,
            "train_acc": 0.4440797951976035,
            "val_loss": 1.4691066915512085,
            "val_acc": 0.5576,
            "train_val_gap": -0.1135202048023965,
            "lr": 0.00035109287047760244,
            "time_seconds": 20.18636965751648
        },
        {
            "epoch": 6,
            "train_loss": 1.6824066173977321,
            "train_acc": 0.4799777763560795,
            "val_loss": 1.457032278060913,
            "val_acc": 0.565,
            "train_val_gap": -0.08502222364392042,
            "lr": 0.0004213114445731229,
            "time_seconds": 20.116774082183838
        },
        {
            "epoch": 7,
            "train_loss": 1.6469418660905626,
            "train_acc": 0.4950378695549769,
            "val_loss": 1.4149293392181397,
            "val_acc": 0.5752,
            "train_val_gap": -0.08016213044502313,
            "lr": 0.0004915300186686435,
            "time_seconds": 20.159595012664795
        },
        {
            "epoch": 8,
            "train_loss": 1.6192460725572375,
            "train_acc": 0.5090630246711023,
            "val_loss": 1.395463524055481,
            "val_acc": 0.5914,
            "train_val_gap": -0.08233697532889772,
            "lr": 0.0005617485927641639,
            "time_seconds": 20.183003425598145
        },
        {
            "epoch": 9,
            "train_loss": 1.6025239314609103,
            "train_acc": 0.519486452603125,
            "val_loss": 1.3501326906204223,
            "val_acc": 0.6132,
            "train_val_gap": -0.09371354739687499,
            "lr": 0.0006319671668596844,