{
    "train_loss": [
        2.356894372346666,
        1.9710785329182943,
        1.7976502002080281,
        1.6969825471030342,
        1.6012684192445543,
        1.518441147994995,
        1.4626160768085057,
        1.396710455640157,
        1.332327552371555,
        1.2779283679114448,
        1.2395604074690076,
        1.1924834631390042,
        1.1586594107521906,
        1.1300106797324287,
        1.0695699289109972,
        1.0350381429566278,
        0.989104269250234,
        0.9530671633402507,
        0.9236738197432623,
        0.876750810570187,
        0.8477275453355577,
        0.8093289325502183,
        0.7752166136105856,
        0.7628416796790229,
        0.7487424912346734,
        0.6950180419286092,
        0.6969005886713664
    ],
    "train_acc": [
        0.08672038558728645,
        0.2968490841293033,
        0.36862198487663944,
        0.4138666704282983,
        0.45098201326281545,
        0.48024982594593685,
        0.5018806174294371,
        0.5310887340357519,
        0.5537934447270868,
        0.5797277671095475,
        0.5972388485442848,
        0.6164093181864494,
        0.6331040701322413,
        0.645955193888701,
        0.6684334363497699,
        0.6813652720262726,
        0.7010943388389734,
        0.7160854894800492,
        0.7295249039332308,
        0.7503098949946816,
        0.7612177288650626,
        0.7755035642484827,
        0.7886210687573076,
        0.796595622440758,
        0.8070299047745955,
        0.8242229012513859,
        0.8241180611489741
    ],
    "val_loss": [
        2.351004712677002,
        1.8127657056808473,
        1.6815071079254151,
        1.6036247554779053,
        1.5112777063369751,
        1.4735033367156982,
        1.4006317192077637,
        1.375720923423767,
        1.3608397451400758,
        1.3600233366012573,
        1.3266298345565797,
        1.3007204626083375,
        1.3114414379119872,
        1.3078666942596435,
        1.3417004556655885,
        1.3156845770835877,
        1.3712543346405028,
        1.3400952459335327,
        1.3677105796813964,
        1.417962473487854,
        1.4127588608741761,
        1.4417040996551513,
        1.4514545450210572,
        1.490401065826416,
        1.5069350558280945,
        1.5572966121673584,
        1.549925223350525
    ],
    "val_acc": [
        0.0814,
        0.3658,
        0.415,
        0.4412,
        0.4838,
        0.501,
        0.5254,
        0.5328,
        0.5448,
        0.5548,
        0.554,
        0.567,
        0.5666,
        0.5714,
        0.5628,
        0.573,
        0.571,
        0.5776,
        0.5716,
        0.5656,
        0.5716,
        0.5754,
        0.5694,
        0.5716,
        0.5626,
        0.5542,
        0.5656
    ],
    "lr": [
        1.2289087571174937e-05,
        2.4578175142349873e-05,
        3.686726271352481e-05,
        4.9156350284699746e-05,
        6.144543785587468e-05,
        6.1434687153705e-05,
        6.140244257111316e-05,
        6.134872667458522e-05,
        6.127357705738282e-05,
        6.117704631323339e-05,
        6.105920199952227e-05,
        6.0920126590012405e-05,
        6.0759917417124825e-05,
        6.0578686603820154e-05,
        6.0376560985129016e-05,
        6.015368201938604e-05,
        5.991020568922974e-05,
        5.9646302392437565e-05,
        5.936215682267232e-05,
        5.905796784022373e-05,
        5.8733948332835296e-05,
        5.839032506671411e-05,
        5.8027338527827656e-05,
        5.7645242753598874e-05,
        5.724430515511717e-05,
        5.6824806329989814e-05,
        5.638703986596468e-05
    ],
    "epoch_times": [
        11.982064247131348,
        11.377500295639038,
        11.520817995071411,
        11.534632682800293,
        11.230425596237183,
        11.598098039627075,
        11.501890897750854,
        11.206611394882202,
        11.636986017227173,
        11.644630193710327,
        11.15209674835205,
        11.507245779037476,
        11.511525392532349,
        11.193434953689575,
        11.5982084274292,
        11.463019132614136,
        11.482871770858765,
        11.524073839187622,
        11.278953790664673,
        11.493216037750244,
        11.422614336013794,
        11.308761358261108,
        11.395425796508789,
        11.542877912521362,
        11.18676209449768,
        11.300215721130371,
        11.538440704345703
    ],
    "detailed_epochs": [
        {
            "epoch": 1,
            "train_loss": 2.356894372346666,
            "train_acc": 0.08672038558728645,
            "val_loss": 2.351004712677002,
            "val_acc": 0.0814,
            "train_val_gap": 0.0053203855872864525,
            "lr": 1.2289087571174937e-05,
            "time_seconds": 11.982064247131348
        },
        {
            "epoch": 2,
            "train_loss": 1.9710785329182943,
            "train_acc": 0.2968490841293033,
            "val_loss": 1.8127657056808473,
            "val_acc": 0.3658,
            "train_val_gap": -0.06895091587069674,
            "lr": 2.4578175142349873e-05,
            "time_seconds": 11.377500295639038
        },
        {
            "epoch": 3,
            "train_loss": 1.7976502002080281,
            "train_acc": 0.36862198487663944,
            "val_loss": 1.6815071079254151,
            "val_acc": 0.415,
            "train_val_gap": -0.04637801512336054,
            "lr": 3.686726271352481e-05,
            "time_seconds": 11.520817995071411
        },
        {
            "epoch": 4,
            "train_loss": 1.6969825471030342,
            "train_acc": 0.4138666704282983,
            "val_loss": 1.6036247554779053,
            "val_acc": 0.4412,
            "train_val_gap": -0.027333329571701703,
            "lr": 4.9156350284699746e-05,
            "time_seconds": 11.534632682800293
        },
        {
            "epoch": 5,
            "train_loss": 1.6012684192445543,
            "train_acc": 0.45098201326281545,
            "val_loss": 1.5112777063369751,
            "val_acc": 0.4838,
            "train_val_gap": -0.03281798673718456,
            "lr": 6.144543785587468e-05,
            "time_seconds": 11.230425596237183
        },
        {
            "epoch": 6,
            "train_loss": 1.518441147994995,
            "train_acc": 0.48024982594593685,
            "val_loss": 1.4735033367156982,
            "val_acc": 0.501,
            "train_val_gap": -0.020750174054063153,
            "lr": 6.1434687153705e-05,
            "time_seconds": 11.598098039627075
        },
        {
            "epoch": 7,
            "train_loss": 1.4626160768085057,
            "train_acc": 0.5018806174294371,
            "val_loss": 1.4006317192077637,
            "val_acc": 0.5254,
            "train_val_gap": -0.023519382570562852,
            "lr": 6.140244257111316e-05,
            "time_seconds": 11.501890897750854
        },
        {
            "epoch": 8,
            "train_loss": 1.396710455640157,
            "train_acc": 0.5310887340357519,
            "val_loss": 1.375720923423767,
            "val_acc": 0.5328,
            "train_val_gap": -0.0017112659642481987,
            "lr": 6.134872667458522e-05,
            "time_seconds": 11.206611394882202
        },
        {
            "epoch": 9,
            "train_loss": 1.332327552371555,
            "train_acc": 0.5537934447270868,
            "val_loss": 1.3608397451400758,
            "val_acc": 0.5448,
            "train_val_gap": 0.008993444727086852,
            "lr": 6.127357705738282e-05,
            "time_seconds": 11.636986017227173
        },
        {
            "epoch": 10,
            "train_loss": 1.2779283679114448,
            "train_acc": 0.5797277671095475,
            "val_loss": 1.3600233366012573,
            "val_acc": 0.5548,
            "train_val_gap": 0.024927767109547583,
            "lr": 6.117704631323339e-05,
            "time_seconds": 11.644630193710327
        },
        {
            "epoch": 11,