{
    "train_loss": [
        2.318704480573866,
        1.814812401093377,
        1.5663664846632215,
        1.5169475049336751,
        1.466968379635281,
        1.4073874334547254,
        1.356165412097507,
        1.2753090513865153,
        1.3106412191602919,
        1.2033012025409275,
        1.186882870886061,
        1.1921770530488756,
        1.1061485351244609,
        1.062050109354655,
        1.0620680094612969,
        0.9936661203914219,
        0.9999947841644287,
        0.9359922467549642,
        0.938718291399214,
        0.9533030586030748,
        0.8852151413811578,
        0.8852434369617038,
        0.9015144029935201,
        0.9353080763710869,
        0.9265799092610677,
        0.9015581986162398,
        0.8791011952877045,
        0.9429628625657823,
        0.874754043896993,
        0.8593728886498345,
        0.8347258053249783,
        0.8063861109203763,
        0.8357911738501654,
        0.9318234739727445,
        0.8321169160048167,
        0.7990288978152805
    ],
    "train_acc": [
        0.10064444444444444,
        0.393380659703319,
        0.5216710416760848,
        0.5469121314400179,
        0.568808171853591,
        0.5964184168540742,
        0.6222739749247201,
        0.658486210058006,
        0.6460697859924374,
        0.6933197540353864,
        0.7061341875300211,
        0.7055836524194744,
        0.7390063517897023,
        0.7640281041027273,
        0.7649037375273571,
        0.7943012402066636,
        0.7927973745159356,
        0.8198993004995775,
        0.8194781695311489,
        0.8164488406764985,
        0.8443869082585038,
        0.8410726243058776,
        0.837678873026557,
        0.824943616478604,
        0.8325892897066547,
        0.8383295285153964,
        0.8449883734542579,
        0.8200152466395674,
        0.8536194583570822,
        0.8569948436295047,
        0.864649561147903,
        0.8776547719256464,
        0.8648215619430882,
        0.828020914633565,
        0.8691727578387028,
        0.881994344122491
    ],
    "val_loss": [
        2.3241959297180177,
        1.4548848398208618,
        1.3343157033920288,
        1.2949150951385497,
        1.2453686120986938,
        1.2403011589050292,
        1.130302958869934,
        1.130470834159851,
        1.1056219902038573,
        1.103109797668457,
        1.105851674079895,
        1.0923300910949707,
        1.0817632717132568,
        1.0887800016403197,
        1.089664484024048,
        1.0922676319122315,
        1.1081352966308593,
        1.1187062335968017,
        1.1103826438903808,
        1.0846499034881592,
        1.1458633728027343,
        1.1182304512023926,
        1.1888443967819213,
        1.1108238845825196,
        1.1309930355072022,
        1.1204799228668212,
        1.1084437707901,
        1.1054172229766845,
        1.1234114526748658,
        1.1200707748413086,
        1.077992279624939,
        1.1085964176177978,
        1.125695231628418,
        1.098466223526001,
        1.0790446895599366,
        1.1305038166046142
    ],
    "val_acc": [
        0.0942,
        0.5518,
        0.6028,
        0.6388,
        0.649,
        0.6482,
        0.697,
        0.6898,
        0.7022,
        0.706,
        0.7082,
        0.71,
        0.7272,
        0.7256,
        0.7246,
        0.7308,
        0.723,
        0.7286,
        0.7366,
        0.736,
        0.7272,
        0.7346,
        0.7244,
        0.7406,
        0.7404,
        0.745,
        0.7458,
        0.7352,
        0.746,
        0.742,
        0.7482,
        0.7446,
        0.743,
        0.7482,
        0.7518,
        0.7478
    ],
    "lr": [
        0.0002336089428532212,
        0.0004672178857064424,
        0.0007008268285596636,
        0.0009344357714128848,
        0.0009342550304498096,
        0.0009337129473981059,
        0.0009328099416621492,
        0.0009315467118886801,
        0.0009299242354262667,
        0.0009279437675691404,
        0.0009256068405859871,
        0.0009229152625344451,
        0.0009198711158622294,
        0.0009164767557959619,
        0.000912734808518955,
        0.00090864816913936,
        0.0009042199994502493,
        0.0008994537254833685,
        0.0008943530348584491,
        0.0008889218739301323,
        0.0008831644447347136,
        0.0008770852017390676,
        0.0008706888483942714,
        0.000863980333496589,
        0.0008569648473586373,
        0.0008496478177936903,
        0.0008420349059162339,
        0.0008341320017620164,
        0.0008259452197309856,
        0.0008174808938566363,
        0.0008087455729054312,
        0.0007997460153100834,
        0.0007904891839406237,
        0.0007809822407172946,
        0.0007712325410694436,
        0.000761247628244699
    ],
    "epoch_times": [
        163.65655326843262,
        163.37825870513916,
        163.3955590724945,
        163.51188015937805,
        163.48786664009094,
        163.52554774284363,
        163.75333523750305,
        163.7211172580719,
        163.74773359298706,
        163.76010394096375,
        163.87790179252625,
        163.88682985305786,
        163.7804946899414,
        163.99902248382568,
        163.80358409881592,
        163.77691292762756,
        163.89888834953308,
        163.83019089698792,
        163.78757977485657,
        163.7942545413971,
        163.87132024765015,
        163.76829743385315,
        163.7688069343567,
        163.9594497680664,
        163.81448602676392,
        163.86753845214844,
        163.83386325836182,
        163.81797647476196,
        163.81554222106934,
        163.79696011543274,
        163.84215998649597,
        163.77690076828003,
        163.7783169746399,
        163.89962768554688,
        163.67432594299316,
        163.75879311561584
    ],
    "detailed_epochs": [
        {
            "epoch": 1,
            "train_loss": 2.318704480573866,
            "train_acc": 0.10064444444444444,
            "val_loss": 2.3241959297180177,
            "val_acc": 0.0942,
            "train_val_gap": 0.006444444444444433,
            "lr": 0.0002336089428532212,
            "time_seconds": 163.65655326843262
        },
        {
            "epoch": 2,
            "train_loss": 1.814812401093377,
            "train_acc": 0.393380659703319,
            "val_loss": 1.4548848398208618,
            "val_acc": 0.5518,
            "train_val_gap": -0.15841934029668098,
            "lr": 0.0004672178857064424,
            "time_seconds": 163.37825870513916
        },
        {
            "epoch": 3,
            "train_loss": 1.5663664846632215,
            "train_acc": 0.5216710416760848,
            "val_loss": 1.3343157033920288,
            "val_acc": 0.6028,
            "train_val_gap": -0.0811289583239152,
            "lr": 0.0007008268285596636,
            "time_seconds": 163.3955590724945
        },
        {
            "epoch": 4,
            "train_loss": 1.5169475049336751,
            "train_acc": 0.5469121314400179,
            "val_loss": 1.2949150951385497,
            "val_acc": 0.6388,
            "train_val_gap": -0.0918878685599821,
            "lr": 0.0009344357714128848,
            "time_seconds": 163.51188015937805
        },
        {
            "epoch": 5,
            "train_loss": 1.466968379635281,
            "train_acc": 0.568808171853591,
            "val_loss": 1.2453686120986938,
            "val_acc": 0.649,
            "train_val_gap": -0.08019182814640902,
            "lr": 0.0009342550304498096,
            "time_seconds": 163.48786664009094
        },
        {
            "epoch": 6,
            "train_loss": 1.4073874334547254,
            "train_acc": 0.5964184168540742,
            "val_loss": 1.2403011589050292,
            "val_acc": 0.6482,
            "train_val_gap": -0.05178158314592585,
            "lr": 0.0009337129473981059,
            "time_seconds": 163.52554774284363
        },
        {
            "epoch": 7,