{
    "train_loss": [
        2.391468400531345,
        1.9758417940351698,
        1.8439035259882608,
        1.755039902030097,
        1.6729705452601116,
        1.5687264553493923,
        1.5146915076785616,
        1.4320390252431234,
        1.3824861320495605,
        1.3148038621266682,
        1.2643479863060845,
        1.2214394592073228,
        1.2031832464641994,
        1.151013433541192,
        1.1526101590686375,
        1.0434509033203125,
        1.011124452273051,
        0.9820691021813287,
        0.9132988640785217,
        0.9360069048987495,
        0.9128599301973979,
        0.8331493330637614,
        0.8185006897714403,
        0.8174842948701646,
        0.8045306636916266,
        0.7708796699417962
    ],
    "train_acc": [
        0.07539418172878282,
        0.3007722463932677,
        0.3702247689132112,
        0.41206508673736714,
        0.45890055208991404,
        0.5043401284384882,
        0.5345721210385286,
        0.574271296125548,
        0.5957290688193808,
        0.6286282805878193,
        0.6528496949961905,
        0.6743753180223508,
        0.6859291762373957,
        0.7121661477011738,
        0.7136180711391938,
        0.7571981158262581,
        0.7742923625854959,
        0.7884141822178675,
        0.8179395696528591,
        0.8138607303375396,
        0.8266851696145693,
        0.8574682334800023,
        0.8650698757729253,
        0.8670590897981457,
        0.8758579647313014,
        0.8877842684849319
    ],
    "val_loss": [
        2.3754747615814207,
        1.8494722356796265,
        1.7660511331558228,
        1.6359739128112794,
        1.5860789234161377,
        1.5113996892929078,
        1.4774023292541505,
        1.4290900772094726,
        1.422633671951294,
        1.3987213903427125,
        1.4152374355316162,
        1.3801541201591492,
        1.3739179218292237,
        1.389995466709137,
        1.3719035025596618,
        1.382149613571167,
        1.4159797340393065,
        1.4124070310592651,
        1.4665201296806336,
        1.4480687046051026,
        1.5019539449691772,
        1.510154782485962,
        1.5324281579971313,
        1.5082625200271607,
        1.539830785369873,
        1.5922565132141113
    ],
    "val_acc": [
        0.0598,
        0.3656,
        0.405,
        0.4682,
        0.4958,
        0.5188,
        0.544,
        0.5684,
        0.5702,
        0.5864,
        0.5822,
        0.5992,
        0.5986,
        0.6048,
        0.604,
        0.6098,
        0.6064,
        0.602,
        0.5986,
        0.6004,
        0.5948,
        0.6018,
        0.6086,
        0.599,
        0.5902,
        0.6054
    ],
    "lr": [
        3.89342260653779e-05,
        7.78684521307558e-05,
        0.00011680267819613369,
        0.0001557369042615116,
        0.0001946711303268895,
        0.00019462802340085,
        0.00019449874080419298,
        0.00019428339704748458,
        0.00019398218286896892,
        0.00019359536506562388,
        0.00019312328625684894,
        0.00019256636458099378,
        0.00019192509332499727,
        0.0001912000404874642,
        0.00019039184827556704,
        0.0001895012325362184,
        0.0001885289821220178,
        0.00018747595819253486,
        0.00018634309345154677,
        0.00018513139132090702,
        0.00018384192505177603,
        0.0001824758367740011,
        0.0001810343364844885,
        0.00017951870097546226,
        0.00017793027270356058,
        0.00017627045860077014
    ],
    "epoch_times": [
        6.281345367431641,
        5.769846439361572,
        5.718367099761963,
        5.993098497390747,
        5.877333402633667,
        6.0725486278533936,
        5.85512638092041,
        5.349038124084473,
        5.696642160415649,
        5.60437798500061,
        5.688939809799194,
        5.613629102706909,
        5.341219425201416,
        5.365955114364624,
        5.825151205062866,
        5.72452187538147,
        5.875,
        5.675594091415405,
        5.303451299667358,
        5.48809027671814,
        5.689226388931274,
        5.539937496185303,
        5.720637559890747,
        6.219829082489014,
        5.7689337730407715,
        5.526662349700928
    ],
    "detailed_epochs": [
        {
            "epoch": 1,
            "train_loss": 2.391468400531345,
            "train_acc": 0.07539418172878282,
            "val_loss": 2.3754747615814207,
            "val_acc": 0.0598,
            "train_val_gap": 0.015594181728782817,
            "lr": 3.89342260653779e-05,
            "time_seconds": 6.281345367431641
        },
        {
            "epoch": 2,
            "train_loss": 1.9758417940351698,
            "train_acc": 0.3007722463932677,
            "val_loss": 1.8494722356796265,
            "val_acc": 0.3656,
            "train_val_gap": -0.06482775360673226,
            "lr": 7.78684521307558e-05,
            "time_seconds": 5.769846439361572
        },
        {
            "epoch": 3,
            "train_loss": 1.8439035259882608,
            "train_acc": 0.3702247689132112,
            "val_loss": 1.7660511331558228,
            "val_acc": 0.405,
            "train_val_gap": -0.034775231086788816,
            "lr": 0.00011680267819613369,
            "time_seconds": 5.718367099761963
        },
        {
            "epoch": 4,
            "train_loss": 1.755039902030097,
            "train_acc": 0.41206508673736714,
            "val_loss": 1.6359739128112794,
            "val_acc": 0.4682,
            "train_val_gap": -0.05613491326263287,
            "lr": 0.0001557369042615116,
            "time_seconds": 5.993098497390747
        },
        {
            "epoch": 5,
            "train_loss": 1.6729705452601116,
            "train_acc": 0.45890055208991404,
            "val_loss": 1.5860789234161377,
            "val_acc": 0.4958,
            "train_val_gap": -0.03689944791008598,
            "lr": 0.0001946711303268895,
            "time_seconds": 5.877333402633667
        },
        {
            "epoch": 6,
            "train_loss": 1.5687264553493923,
            "train_acc": 0.5043401284384882,
            "val_loss": 1.5113996892929078,
            "val_acc": 0.5188,
            "train_val_gap": -0.01445987156151185,
            "lr": 0.00019462802340085,
            "time_seconds": 6.0725486278533936
        },
        {
            "epoch": 7,
            "train_loss": 1.5146915076785616,
            "train_acc": 0.5345721210385286,
            "val_loss": 1.4774023292541505,
            "val_acc": 0.544,
            "train_val_gap": -0.009427878961471459,
            "lr": 0.00019449874080419298,
            "time_seconds": 5.85512638092041
        },
        {
            "epoch": 8,
            "train_loss": 1.4320390252431234,
            "train_acc": 0.574271296125548,
            "val_loss": 1.4290900772094726,
            "val_acc": 0.5684,
            "train_val_gap": 0.005871296125547931,
            "lr": 0.00019428339704748458,
            "time_seconds": 5.349038124084473
        },
        {
            "epoch": 9,
            "train_loss": 1.3824861320495605,
            "train_acc": 0.5957290688193808,
            "val_loss": 1.422633671951294,
            "val_acc": 0.5702,
            "train_val_gap": 0.025529068819380774,
            "lr": 0.00019398218286896892,
            "time_seconds": 5.696642160415649
        },
        {
            "epoch": 10,
            "train_loss": 1.3148038621266682,
            "train_acc": 0.6286282805878193,
            "val_loss": 1.3987213903427125,
            "val_acc": 0.5864,
            "train_val_gap": 0.042228280587819245,
            "lr": 0.00019359536506562388,
            "time_seconds": 5.60437798500061
        },
        {
            "epoch": 11,
            "train_loss": 1.2643479863060845,
            "train_acc": 0.6528496949961905,
            "val_loss": 1.4152374355316162,
            "val_acc": 0.5822,