{
    "train_loss": [
        2.3378107427808974,
        2.0471829677581788,
        1.922031639374627,
        1.8485560621049668,
        1.7901595033433702,
        1.7394897719277276,
        1.704770030254788,
        1.6677976333406237,
        1.615570855225457,
        1.5767574759377374,
        1.5408019736819798,
        1.487359813817342,
        1.447649035750495,
        1.4108040529463026,
        1.3537178508758545,
        1.3118862158881293,
        1.2736475296232435,
        1.2337491961161295,
        1.2004082557678222,
        1.1494707587242126,
        1.1171577665964763,
        1.0710841564920213,
        1.0257227886517843,
        1.003410089217292,
        0.976129417737325,
        0.9158479509353638,
        0.9005143833160401,
        0.854215726629893,
        0.8008465801662868,
        0.8240279110378689,
        0.7909230131785074
    ],
    "train_acc": [
        0.09152073495703973,
        0.2703320290875735,
        0.33284967539586746,
        0.37166371148459065,
        0.40413441040038,
        0.42816142132274976,
        0.4465121069126068,
        0.4678538058838864,
        0.48854447157851133,
        0.50712144548744,
        0.5246537178724375,
        0.5537545683775039,
        0.5738687999028506,
        0.5902390412032671,
        0.6177361501199845,
        0.6376298550731032,
        0.6566277173537445,
        0.676577182731944,
        0.6924146046314745,
        0.7162861390218085,
        0.7350395033098127,
        0.7560087303621541,
        0.7785284232128215,
        0.7909758108703825,
        0.8067664344743549,
        0.8343133295903269,
        0.8434327328247845,
        0.8640116292214077,
        0.8848663568939642,
        0.8811050050599951,
        0.8953630814558751
    ],
    "val_loss": [
        2.330020442199707,
        1.965292130279541,
        1.8378329704284668,
        1.7808165237426758,
        1.72269197807312,
        1.6734853675842285,
        1.6449685291290284,
        1.60555375957489,
        1.5756387210845948,
        1.53337719745636,
        1.4984440608978271,
        1.4587077392578125,
        1.4268654403686523,
        1.4057420742034912,
        1.3849258373260498,
        1.3451895597457886,
        1.3558479078292847,
        1.332568897342682,
        1.3341092003822326,
        1.3144750594139099,
        1.326393759250641,
        1.3194419025421142,
        1.3589852818489074,
        1.3681879154205323,
        1.373096132659912,
        1.3846965146064758,
        1.4181569072723388,
        1.432744816017151,
        1.4749736274719238,
        1.4368196118354797,
        1.4579921675682068
    ],
    "val_acc": [
        0.0932,
        0.3132,
        0.3732,
        0.4078,
        0.4328,
        0.4534,
        0.4678,
        0.4904,
        0.5122,
        0.5296,
        0.5336,
        0.5622,
        0.5732,
        0.5926,
        0.5962,
        0.6166,
        0.6198,
        0.6278,
        0.6268,
        0.6438,
        0.6406,
        0.6464,
        0.6328,
        0.6258,
        0.6386,
        0.6454,
        0.6358,
        0.6362,
        0.629,
        0.6426,
        0.6452
    ],
    "lr": [
        3.1543990308330953e-06,
        6.308798061666191e-06,
        9.463197092499286e-06,
        1.2617596123332381e-05,
        1.5771995154165475e-05,
        1.892639418499857e-05,
        2.2080793215831664e-05,
        2.5235192246664763e-05,
        2.8389591277497855e-05,
        3.154399030833095e-05,
        3.15362077808104e-05,
        3.15128678786638e-05,
        3.147399363555671e-05,
        3.1419623415673744e-05,
        3.1349810875857726e-05,
        3.126462491265688e-05,
        3.1164149594332264e-05,
        3.104848407789253e-05,
        3.091774251123793e-05,
        3.0772053920510136e-05,
        3.061156208275901e-05,
        3.043642538405198e-05,
        3.0246816663166174e-05,
        3.004292304101736e-05,
        2.9824945735994236e-05,
        2.9593099865380125e-05,
        2.9347614233058244e-05,
        2.9088731103709846e-05,
        2.8816705963728265e-05,
        2.8531807269084664e-05,
        2.823431618039443e-05
    ],
    "epoch_times": [
        11.186738014221191,
        10.799145221710205,
        10.871895551681519,
        10.883710861206055,
        11.009537935256958,
        10.906429052352905,
        10.844623565673828,
        10.980085849761963,
        10.936452388763428,
        10.837629795074463,
        10.93110466003418,
        10.928824424743652,
        10.953325510025024,
        10.947138786315918,
        10.874706745147705,
        10.934760808944702,
        11.011047601699829,
        10.986826658248901,
        10.882640838623047,
        10.935236930847168,
        10.97068166732788,
        10.856624126434326,
        10.958368062973022,
        10.8444185256958,
        10.94663691520691,
        10.933302402496338,
        10.864579916000366,
        10.861328125,
        10.965795040130615,
        10.955702304840088,
        10.869080305099487
    ],
    "detailed_epochs": [
        {
            "epoch": 1,
            "train_loss": 2.3378107427808974,
            "train_acc": 0.09152073495703973,
            "val_loss": 2.330020442199707,
            "val_acc": 0.0932,
            "train_val_gap": -0.0016792650429602735,
            "lr": 3.1543990308330953e-06,
            "time_seconds": 11.186738014221191
        },
        {
            "epoch": 2,
            "train_loss": 2.0471829677581788,
            "train_acc": 0.2703320290875735,
            "val_loss": 1.965292130279541,
            "val_acc": 0.3132,
            "train_val_gap": -0.0428679709124265,
            "lr": 6.308798061666191e-06,
            "time_seconds": 10.799145221710205
        },
        {
            "epoch": 3,
            "train_loss": 1.922031639374627,
            "train_acc": 0.33284967539586746,
            "val_loss": 1.8378329704284668,
            "val_acc": 0.3732,
            "train_val_gap": -0.040350324604132515,
            "lr": 9.463197092499286e-06,
            "time_seconds": 10.871895551681519
        },
        {
            "epoch": 4,
            "train_loss": 1.8485560621049668,
            "train_acc": 0.37166371148459065,
            "val_loss": 1.7808165237426758,
            "val_acc": 0.4078,
            "train_val_gap": -0.03613628851540934,
            "lr": 1.2617596123332381e-05,
            "time_seconds": 10.883710861206055
        },
        {
            "epoch": 5,
            "train_loss": 1.7901595033433702,
            "train_acc": 0.40413441040038,
            "val_loss": 1.72269197807312,
            "val_acc": 0.4328,
            "train_val_gap": -0.02866558959962001,
            "lr": 1.5771995154165475e-05,
            "time_seconds": 11.009537935256958
        },
        {
            "epoch": 6,
            "train_loss": 1.7394897719277276,
            "train_acc": 0.42816142132274976,
            "val_loss": 1.6734853675842285,
            "val_acc": 0.4534,
            "train_val_gap": -0.025238578677250267,
            "lr": 1.892639418499857e-05,
            "time_seconds": 10.906429052352905
        },
        {
            "epoch": 7,
            "train_loss": 1.704770030254788,
            "train_acc": 0.4465121069126068,
            "val_loss": 1.6449685291290284,
            "val_acc": 0.4678,
            "train_val_gap": -0.021287893087393206,
            "lr": 2.2080793215831664e-05,
            "time_seconds": 10.844623565673828
        },
        {
            "epoch": 8,
            "train_loss": 1.6677976333406237,
            "train_acc": 0.4678538058838864,
            "val_loss": 1.60555375957489,
            "val_acc": 0.4904,
            "train_val_gap": -0.022546194116113583,
            "lr": 2.5235192246664763e-05,
            "time_seconds": 10.980085849761963
        },
        {
            "epoch": 9,
            "train_loss": 1.615570855225457,