{
    "train_loss": [
        2.3429390765296088,
        2.0597906413184273,
        1.949973676469591,
        1.8948238175498116,
        1.853494643190172,
        1.7990607620663113,
        1.7650951641294692,
        1.6978787381913927,
        1.6970333765241834,
        1.6397556918885974,
        1.587512044567532,
        1.5869134401533338,
        1.5622756420983208,
        1.5002811894310846,
        1.4508827753067017,
        1.4537471233579848,
        1.3996378494262696,
        1.3803148672951593,
        1.3371764167573716,
        1.3012849290211996,
        1.3043711500591701,
        1.2351703341166178,
        1.1895346115112304,
        1.2179689046647812,
        1.1937054935455322,
        1.1508934606340195,
        1.1367075951364305,
        1.1593723872714572,
        1.1125024946424695,
        1.014827681467268,
        0.9768815475357904,
        0.9987285897360908,
        0.9393036319520739,
        0.9419627317004734,
        1.0116025824016994,
        0.8753562950876024
    ],
    "train_acc": [
        0.10425532181117354,
        0.26293484616516305,
        0.3195556968024731,
        0.345369527845264,
        0.37015488228037574,
        0.3992330211454481,
        0.41164600020908954,
        0.4441869956440475,
        0.4463115423804773,
        0.47424257522179436,
        0.4991457841617524,
        0.5035776557274362,
        0.5151316421796279,
        0.5412888707193345,
        0.5621466878670576,
        0.5650726196140633,
        0.5874863437124495,
        0.6012814113654988,
        0.6215235103348474,
        0.6376776534614517,
        0.6440225027637733,
        0.670234567321174,
        0.6913612804457943,
        0.683542702287589,
        0.698092255210427,
        0.7161582891368209,
        0.7241900849008163,
        0.7150874325999683,
        0.739370501711841,
        0.7821413743760937,
        0.7947043728431884,
        0.7917220059615788,
        0.814023497138161,
        0.8155940261146116,
        0.7917567664644225,
        0.8433543990594102
    ],
    "val_loss": [
        2.3394015880584718,
        1.9410943929672242,
        1.8295467153549194,
        1.7658291639328003,
        1.7164262147903442,
        1.6642741863250732,
        1.6155862689971925,
        1.567928554725647,
        1.5219546676635742,
        1.4936815006256103,
        1.451645676422119,
        1.4287602102279664,
        1.4012568199157716,
        1.3927100046157836,
        1.3557818523406981,
        1.3330002380371093,
        1.3213048440933228,
        1.3260682888031006,
        1.288900856399536,
        1.2940063306808471,
        1.2652423063278198,
        1.2734402761459351,
        1.2651978982925416,
        1.2612571407318116,
        1.2550608182907104,
        1.2690130908966064,
        1.2561530992507934,
        1.2632018787384034,
        1.277251682281494,
        1.2765845262527467,
        1.2935748609542848,
        1.300094242477417,
        1.3118523735046386,
        1.2986223810195923,
        1.3188341667175294,
        1.3382754686355591
    ],
    "val_acc": [
        0.1002,
        0.3264,
        0.367,
        0.4006,
        0.4184,
        0.4508,
        0.467,
        0.4864,
        0.5208,
        0.52,
        0.5426,
        0.5622,
        0.5644,
        0.5662,
        0.5928,
        0.5986,
        0.599,
        0.5956,
        0.6178,
        0.6234,
        0.6354,
        0.6348,
        0.6394,
        0.6492,
        0.6422,
        0.6474,
        0.6568,
        0.6476,
        0.65,
        0.6532,
        0.6478,
        0.6554,
        0.6588,
        0.658,
        0.6572,
        0.6604
    ],
    "lr": [
        7.846590685754725e-06,
        1.569318137150945e-05,
        2.3539772057264175e-05,
        3.13863627430189e-05,
        3.923295342877363e-05,
        4.707954411452835e-05,
        4.706889610158819e-05,
        4.70369616958414e-05,
        4.6983769787794205e-05,
        4.690936849924863e-05,
        4.6813825139767515e-05,
        4.66972261457807e-05,
        4.655967700238752e-05,
        4.640130214792621e-05,
        4.6222244861396735e-05,
        4.602266713283869e-05,
        4.580274951678176e-05,
        4.556269096890112e-05,
        4.530270866602567e-05,
        4.5023037809661915e-05,
        4.4723931413211185e-05,
        4.4405660073072826e-05,
        4.406851172384025e-05,
        4.371279137781151e-05,
        4.333882084904993e-05,
        4.2946938462244424e-05,
        4.2537498746633067e-05,
        4.2110872115266534e-05,
        4.1667444529901834e-05,
        4.120761715182936e-05,
        4.073180597894918e-05,
        4.0240441469424915e-05,
        3.973396815225566e-05,
        3.9212844225118256e-05,
        3.8677541139843766e-05,
        3.8128543175903126e-05
    ],
    "epoch_times": [
        20.356770515441895,
        19.814152240753174,
        19.839579105377197,
        19.82266139984131,
        19.961927890777588,
        19.940221786499023,
        19.95899772644043,
        20.01128840446472,
        19.989312648773193,
        19.962151288986206,
        19.903252601623535,
        20.02510643005371,
        19.969016313552856,
        19.92491316795349,
        19.968289375305176,
        20.0359468460083,
        20.078369617462158,
        19.962729930877686,
        19.98144555091858,
        20.072876691818237,
        19.97502040863037,
        19.99398899078369,
        19.99320125579834,
        20.061490535736084,
        20.0521183013916,
        19.93019700050354,
        20.024962663650513,
        20.04068636894226,
        19.94537377357483,
        19.976258754730225,
        19.988219022750854,
        20.071083784103394,
        19.977537631988525,
        19.922035455703735,
        20.03413438796997,
        19.984928846359253
    ],
    "detailed_epochs": [
        {
            "epoch": 1,
            "train_loss": 2.3429390765296088,
            "train_acc": 0.10425532181117354,
            "val_loss": 2.3394015880584718,
            "val_acc": 0.1002,
            "train_val_gap": 0.004055321811173546,
            "lr": 7.846590685754725e-06,
            "time_seconds": 20.356770515441895
        },
        {
            "epoch": 2,
            "train_loss": 2.0597906413184273,
            "train_acc": 0.26293484616516305,
            "val_loss": 1.9410943929672242,
            "val_acc": 0.3264,
            "train_val_gap": -0.06346515383483697,
            "lr": 1.569318137150945e-05,
            "time_seconds": 19.814152240753174
        },
        {
            "epoch": 3,
            "train_loss": 1.949973676469591,
            "train_acc": 0.3195556968024731,
            "val_loss": 1.8295467153549194,
            "val_acc": 0.367,
            "train_val_gap": -0.047444303197526905,
            "lr": 2.3539772057264175e-05,
            "time_seconds": 19.839579105377197
        },
        {
            "epoch": 4,
            "train_loss": 1.8948238175498116,
            "train_acc": 0.345369527845264,
            "val_loss": 1.7658291639328003,
            "val_acc": 0.4006,
            "train_val_gap": -0.05523047215473603,
            "lr": 3.13863627430189e-05,
            "time_seconds": 19.82266139984131
        },
        {
            "epoch": 5,
            "train_loss": 1.853494643190172,
            "train_acc": 0.37015488228037574,
            "val_loss": 1.7164262147903442,
            "val_acc": 0.4184,
            "train_val_gap": -0.04824511771962425,
            "lr": 3.923295342877363e-05,
            "time_seconds": 19.961927890777588
        },
        {
            "epoch": 6,
            "train_loss": 1.7990607620663113,
            "train_acc": 0.3992330211454481,
            "val_loss": 1.6642741863250732,
            "val_acc": 0.4508,
            "train_val_gap": -0.05156697885455186,
            "lr": 4.707954411452835e-05,