{
    "train_loss": [
        2.3569815355088974,
        1.9719642008675469,
        1.8146925285339355,
        1.7117031786176893,
        1.627223919614156,
        1.5571980543348525,
        1.523371156862047,
        1.4708055835723877,
        1.4216714076995849,
        1.3764131140391032,
        1.3414665613810222,
        1.3070720780266656,
        1.2659437495761448,
        1.211827533446418,
        1.1457460078345405,
        1.129464722612169,
        1.0408654839197795,
        1.0502102056503295,
        0.9997054067293802,
        0.9541522103203668,
        0.9226320443047418,
        0.8557770067850748,
        0.8583157714525859,
        0.8366851828257242,
        0.8135935353597005,
        0.7781277888192071,
        0.7655474845091502,
        0.6814128949695163
    ],
    "train_acc": [
        0.09783127542191317,
        0.28926742983069414,
        0.3571436082950345,
        0.39887712963532634,
        0.43415102923530496,
        0.4582169799859478,
        0.4733193944253649,
        0.4952506930349506,
        0.5171386393031889,
        0.535181291211351,
        0.550317324989644,
        0.5667427049343193,
        0.582745394608007,
        0.6022582931090326,
        0.6286114391603014,
        0.6403990644981628,
        0.6721937947026387,
        0.6721427078822225,
        0.6912648194667284,
        0.7091902946054944,
        0.7248068028377186,
        0.748229447288593,
        0.7503135205651377,
        0.7599223923477234,
        0.770963358362966,
        0.7831231547342973,
        0.7902504017637492,
        0.8187024745348713
    ],
    "val_loss": [
        2.351907730102539,
        1.7728087049484254,
        1.646492597579956,
        1.5344300491333007,
        1.4815947553634643,
        1.4280637746810914,
        1.3642389587402344,
        1.350247929954529,
        1.317616110420227,
        1.2855091398239136,
        1.2628367824554443,
        1.2680284505844117,
        1.238507691192627,
        1.2463341020584107,
        1.2390152160644532,
        1.2298502851486206,
        1.2744093243598937,
        1.2178474140167237,
        1.2564172772407531,
        1.2934612546920776,
        1.2720335557937623,
        1.3255010288238525,
        1.3109878730773925,
        1.3230622015953064,
        1.3169051285743714,
        1.3762068706512451,
        1.3931674840927124,
        1.4582288438796998
    ],
    "val_acc": [
        0.097,
        0.3778,
        0.4242,
        0.457,
        0.4756,
        0.5022,
        0.5256,
        0.528,
        0.5456,
        0.5554,
        0.5604,
        0.5618,
        0.5718,
        0.577,
        0.5774,
        0.5768,
        0.5762,
        0.6006,
        0.5916,
        0.5814,
        0.5872,
        0.5874,
        0.589,
        0.5874,
        0.5924,
        0.5852,
        0.5916,
        0.5806
    ],
    "lr": [
        1.3893701446252872e-05,
        2.7787402892505745e-05,
        4.168110433875862e-05,
        5.557480578501149e-05,
        6.946850723126436e-05,
        8.336220867751723e-05,
        9.72559101237701e-05,
        0.00011114961157002298,
        0.00012504331301627585,
        0.00013893701446252872,
        0.0001388946961248997,
        0.00013876779267038832,
        0.000138556458711306,
        0.00013826095172552832,
        0.00013788163174279815,
        0.00013741896090608462,
        0.00013687350290853334,
        0.0001362459223066929,
        0.00013553698371085533,
        0.000134747550853496,
        0.0001338785855369488,
        0.0001329311464615981,
        0.0001319063879360154,
        0.00013080555847061218,
        0.00012962999925652228,
        0.000128381142531567,
        0.00012706050983529415,
        0.00012566971015521615
    ],
    "epoch_times": [
        10.551287651062012,
        9.942228078842163,
        10.11099648475647,
        10.10165023803711,
        9.920724868774414,
        10.36338496208191,
        10.218990564346313,
        9.984337329864502,
        10.128933668136597,
        10.115198135375977,
        10.066988229751587,
        10.11823558807373,
        10.251292943954468,
        10.082189559936523,
        9.951408386230469,
        10.147958040237427,
        10.109095335006714,
        10.011571168899536,
        10.111250877380371,
        10.088895082473755,
        10.011856079101562,
        10.095064401626587,
        10.1928231716156,
        10.02872085571289,
        9.996934652328491,
        10.184956789016724,
        10.049866199493408,
        10.011123180389404
    ],
    "detailed_epochs": [
        {
            "epoch": 1,
            "train_loss": 2.3569815355088974,
            "train_acc": 0.09783127542191317,
            "val_loss": 2.351907730102539,
            "val_acc": 0.097,
            "train_val_gap": 0.0008312754219131635,
            "lr": 1.3893701446252872e-05,
            "time_seconds": 10.551287651062012
        },
        {
            "epoch": 2,
            "train_loss": 1.9719642008675469,
            "train_acc": 0.28926742983069414,
            "val_loss": 1.7728087049484254,
            "val_acc": 0.3778,
            "train_val_gap": -0.08853257016930588,
            "lr": 2.7787402892505745e-05,
            "time_seconds": 9.942228078842163
        },
        {
            "epoch": 3,
            "train_loss": 1.8146925285339355,
            "train_acc": 0.3571436082950345,
            "val_loss": 1.646492597579956,
            "val_acc": 0.4242,
            "train_val_gap": -0.06705639170496552,
            "lr": 4.168110433875862e-05,
            "time_seconds": 10.11099648475647
        },
        {
            "epoch": 4,
            "train_loss": 1.7117031786176893,
            "train_acc": 0.39887712963532634,
            "val_loss": 1.5344300491333007,
            "val_acc": 0.457,
            "train_val_gap": -0.05812287036467367,
            "lr": 5.557480578501149e-05,
            "time_seconds": 10.10165023803711
        },
        {
            "epoch": 5,
            "train_loss": 1.627223919614156,
            "train_acc": 0.43415102923530496,
            "val_loss": 1.4815947553634643,
            "val_acc": 0.4756,
            "train_val_gap": -0.04144897076469506,
            "lr": 6.946850723126436e-05,
            "time_seconds": 9.920724868774414
        },
        {
            "epoch": 6,
            "train_loss": 1.5571980543348525,
            "train_acc": 0.4582169799859478,
            "val_loss": 1.4280637746810914,
            "val_acc": 0.5022,
            "train_val_gap": -0.04398302001405219,
            "lr": 8.336220867751723e-05,
            "time_seconds": 10.36338496208191
        },
        {
            "epoch": 7,
            "train_loss": 1.523371156862047,
            "train_acc": 0.4733193944253649,
            "val_loss": 1.3642389587402344,
            "val_acc": 0.5256,
            "train_val_gap": -0.05228060557463504,
            "lr": 9.72559101237701e-05,
            "time_seconds": 10.218990564346313
        },
        {
            "epoch": 8,
            "train_loss": 1.4708055835723877,
            "train_acc": 0.4952506930349506,
            "val_loss": 1.350247929954529,
            "val_acc": 0.528,
            "train_val_gap": -0.03274930696504941,
            "lr": 0.00011114961157002298,
            "time_seconds": 9.984337329864502
        },
        {
            "epoch": 9,
            "train_loss": 1.4216714076995849,
            "train_acc": 0.5171386393031889,
            "val_loss": 1.317616110420227,
            "val_acc": 0.5456,
            "train_val_gap": -0.028461360696811044,
            "lr": 0.00012504331301627585,
            "time_seconds": 10.128933668136597
        },
        {
            "epoch": 10,
            "train_loss": 1.3764131140391032,
            "train_acc": 0.535181291211351,
            "val_loss": 1.2855091398239136,
            "val_acc": 0.5554,