{
    "pe_type": "ape",
    "total_parameters": 5381194,
    "pe_parameters": 3072,
    "pe_percentage": 0.05708770209734122,
    "img_size": 32,
    "patch_size": 8,
    "embed_dim": 192,
    "depth": 12,
    "num_heads": 16,
    "timestamp": "2025-04-22_02-23-43",
    "test_accuracy": 0.6259,
    "test_loss": 1.3615941661834716
}