{
    "pe_type": "ape",
    "total_parameters": 13603210,
    "pe_parameters": 20480,
    "pe_percentage": 0.15055270042879584,
    "img_size": 32,
    "patch_size": 4,
    "embed_dim": 320,
    "depth": 11,
    "num_heads": 4,
    "timestamp": "2025-04-21_17-44-36",
    "test_accuracy": 0.5591,
    "test_loss": 1.4957900720596313
}