{
    "trial_number": 35,
    "parameters": {
        "pe_type": "ape",
        "img_size": 32,
        "embed_dim": 320,
        "depth": 11,
        "num_heads": 4,
        "patch_size": 4,
        "mixup_alpha": 0.15000000000000002,
        "label_smoothing": 0.11,
        "drop_rate": 0.45000000000000007,
        "random_erasing_prob": 0.15000000000000002,
        "color_jitter_brightness": 0.0,
        "color_jitter_contrast": 0.15000000000000002,
        "weight_decay": 0.08382808877208969,
        "early_stopping_patience": 10,
        "early_stopping_delta": 0.0002595088960453783,
        "lr": 1.170039546168767e-05,
        "warmup_epochs": 10,
        "lr_decay_factor": 0.65,
        "batch_size": 512,
        "device": "cuda",
        "num_workers": 4,
        "random_crop_padding": 4,
        "output_dir": "results/bo_results/ape/trial_35",
        "seed": 42,
        "mlp_ratio": 4.0,
        "epochs": 100,
        "checkpoint_dir": "results/bo_results/ape/trial_35/checkpoints"
    },
    "validation_accuracy": 0.5656,
    "best_epoch": 52,
    "early_stopped": true,
    "training_time": 1335.0433158874512,
    "final_train_acc": 0.6865747887752652,
    "final_val_acc": 0.5656,
    "best_val_acc": 0.5696,
    "final_train_loss": 1.2792947415245903,
    "final_val_loss": 1.4928735401153563,
    "avg_train_val_gap": -0.0031567833815963945
}