{
    "train_loss": [
        2.3816477652655705,
        2.1034455627441404,
        1.9929112586551243,
        1.9443907777574327,
        1.8986485422770183,
        1.8579801872253419,
        1.8093213466644287,
        1.766835744773017,
        1.7263229636722142,
        1.6887060054355199,
        1.6508840674718221,
        1.6116218932469686,
        1.567604542096456,
        1.526925915400187,
        1.4802918178134494,
        1.4356005501217313,
        1.384401603825887,
        1.334875389734904,
        1.2872338079664443,
        1.2365455327351889,
        1.1884613093482124,
        1.143415833176507,
        1.1033067086961534,
        1.0674220754411485,
        1.0370320706897311,
        1.0123997458140055
    ],
    "train_acc": [
        0.10655555555555556,
        0.27455555555555555,
        0.34228888888888886,
        0.3716888888888889,
        0.40346666666666664,
        0.4273777777777778,
        0.4580666666666667,
        0.48513333333333336,
        0.5101111111111111,
        0.5346666666666666,
        0.5574444444444444,
        0.5810888888888889,
        0.6076666666666667,
        0.6316888888888889,
        0.6611777777777778,
        0.6885555555555556,
        0.7199333333333333,
        0.7513333333333333,
        0.7785777777777778,
        0.812,
        0.8408444444444444,
        0.869,
        0.8901111111111111,
        0.9107111111111111,
        0.9278888888888889,
        0.9386222222222222
    ],
    "val_loss": [
        2.3453946754455566,
        2.007539660644531,
        1.935636506652832,
        1.8915034847259522,
        1.861888690185547,
        1.8297014915466308,
        1.8022215394973755,
        1.7928351081848144,
        1.7647143348693848,
        1.736262385559082,
        1.7317312801361084,
        1.711712018585205,
        1.7098369216918945,
        1.7140360919952393,
        1.7296299854278565,
        1.723930300140381,
        1.7522827438354491,
        1.7580099384307861,
        1.7907947067260743,
        1.8010070236206055,
        1.8507967805862426,
        1.8548163745880126,
        1.8949495096206666,
        1.8857160873413086,
        1.9229634910583495,
        1.9452869251251221
    ],
    "val_acc": [
        0.113,
        0.336,
        0.3764,
        0.4048,
        0.4198,
        0.4432,
        0.4682,
        0.4748,
        0.4828,
        0.5074,
        0.5106,
        0.5174,
        0.5266,
        0.5304,
        0.53,
        0.534,
        0.5226,
        0.5282,
        0.5312,
        0.525,
        0.5196,
        0.5274,
        0.5166,
        0.529,
        0.5196,
        0.5206
    ],
    "lr": [
        3.1686501368777347e-06,
        6.3373002737554694e-06,
        9.505950410633204e-06,
        1.2674600547510939e-05,
        1.5843250684388674e-05,
        1.5841420702342398e-05,
        1.5835931601695275e-05,
        1.5826785918531816e-05,
        1.581398787835758e-05,
        1.5797543394146928e-05,
        1.5777460063611076e-05,
        1.57537471656878e-05,
        1.572641565625435e-05,
        1.5695478163065622e-05,
        1.566094897991983e-05,
        1.5622844060054466e-05,
        1.558118100877557e-05,
        1.5535979075323683e-05,
        1.5487259143980274e-05,
        1.543504372441875e-05,
        1.5379356941304496e-05,
        1.5320224523148743e-05,
        1.5257673790421452e-05,
        1.5191733642928638e-05,
        1.5122434546460046e-05,
        1.5049808518713275e-05
    ],
    "epoch_times": [
        8.704374551773071,
        8.12882113456726,
        8.209971189498901,
        7.959014892578125,
        8.202849864959717,
        8.27314305305481,
        8.159442663192749,
        8.271998405456543,
        8.259870529174805,
        8.151912927627563,
        8.093591451644897,
        8.305546522140503,
        8.196328401565552,
        8.572835922241211,
        8.74899411201477,
        8.920114994049072,
        8.71962285041809,
        8.090179443359375,
        8.293225526809692,
        8.467047452926636,
        8.438713073730469,
        8.167943477630615,
        8.31837797164917,
        8.451236724853516,
        8.58973503112793,
        8.283812046051025
    ],
    "detailed_epochs": [
        {
            "epoch": 1,
            "train_loss": 2.3816477652655705,
            "train_acc": 0.10655555555555556,
            "val_loss": 2.3453946754455566,
            "val_acc": 0.113,
            "train_val_gap": -0.006444444444444447,
            "lr": 3.1686501368777347e-06,
            "time_seconds": 8.704374551773071
        },
        {
            "epoch": 2,
            "train_loss": 2.1034455627441404,
            "train_acc": 0.27455555555555555,
            "val_loss": 2.007539660644531,
            "val_acc": 0.336,
            "train_val_gap": -0.06144444444444447,
            "lr": 6.3373002737554694e-06,
            "time_seconds": 8.12882113456726
        },
        {
            "epoch": 3,
            "train_loss": 1.9929112586551243,
            "train_acc": 0.34228888888888886,
            "val_loss": 1.935636506652832,
            "val_acc": 0.3764,
            "train_val_gap": -0.03411111111111115,
            "lr": 9.505950410633204e-06,
            "time_seconds": 8.209971189498901
        },
        {
            "epoch": 4,
            "train_loss": 1.9443907777574327,
            "train_acc": 0.3716888888888889,
            "val_loss": 1.8915034847259522,
            "val_acc": 0.4048,
            "train_val_gap": -0.03311111111111109,
            "lr": 1.2674600547510939e-05,
            "time_seconds": 7.959014892578125
        },
        {
            "epoch": 5,
            "train_loss": 1.8986485422770183,
            "train_acc": 0.40346666666666664,
            "val_loss": 1.861888690185547,
            "val_acc": 0.4198,
            "train_val_gap": -0.016333333333333366,
            "lr": 1.5843250684388674e-05,
            "time_seconds": 8.202849864959717
        },
        {
            "epoch": 6,
            "train_loss": 1.8579801872253419,
            "train_acc": 0.4273777777777778,
            "val_loss": 1.8297014915466308,
            "val_acc": 0.4432,
            "train_val_gap": -0.015822222222222182,
            "lr": 1.5841420702342398e-05,
            "time_seconds": 8.27314305305481
        },
        {
            "epoch": 7,
            "train_loss": 1.8093213466644287,
            "train_acc": 0.4580666666666667,
            "val_loss": 1.8022215394973755,
            "val_acc": 0.4682,
            "train_val_gap": -0.010133333333333328,
            "lr": 1.5835931601695275e-05,
            "time_seconds": 8.159442663192749
        },
        {
            "epoch": 8,
            "train_loss": 1.766835744773017,
            "train_acc": 0.48513333333333336,
            "val_loss": 1.7928351081848144,
            "val_acc": 0.4748,
            "train_val_gap": 0.010333333333333361,
            "lr": 1.5826785918531816e-05,
            "time_seconds": 8.271998405456543
        },
        {
            "epoch": 9,
            "train_loss": 1.7263229636722142,
            "train_acc": 0.5101111111111111,
            "val_loss": 1.7647143348693848,
            "val_acc": 0.4828,
            "train_val_gap": 0.027311111111111064,
            "lr": 1.581398787835758e-05,
            "time_seconds": 8.259870529174805
        },
        {
            "epoch": 10,
            "train_loss": 1.6887060054355199,
            "train_acc": 0.5346666666666666,
            "val_loss": 1.736262385559082,
            "val_acc": 0.5074,
            "train_val_gap": 0.02726666666666666,
            "lr": 1.5797543394146928e-05,
            "time_seconds": 8.151912927627563
        },
        {
            "epoch": 11,
            "train_loss": 1.6508840674718221,
            "train_acc": 0.5574444444444444,
            "val_loss": 1.7317312801361084,
            "val_acc": 0.5106,
            "train_val_gap": 0.046844444444444355,