{
    "trial_number": 26,
    "parameters": {
        "pe_type": "ape",
        "img_size": 32,
        "embed_dim": 320,
        "depth": 10,
        "num_heads": 4,
        "patch_size": 2,
        "mixup_alpha": 0.15000000000000002,
        "label_smoothing": 0.06,
        "drop_rate": 0.30000000000000004,
        "random_erasing_prob": 0.0,
        "color_jitter_brightness": 0.05,
        "color_jitter_contrast": 0.15000000000000002,
        "weight_decay": 0.09685637736942074,
        "early_stopping_patience": 10,
        "early_stopping_delta": 0.0005203389043482726,
        "lr": 0.0001318650532733156,
        "warmup_epochs": 7,
        "lr_decay_factor": 0.85,
        "batch_size": 128,
        "device": "cuda",
        "num_workers": 4,
        "random_crop_padding": 4,
        "output_dir": "results/bo_results/ape/trial_26",
        "seed": 42,
        "mlp_ratio": 4.0,
        "epochs": 100,
        "checkpoint_dir": "results/bo_results/ape/trial_26/checkpoints"
    },
    "validation_accuracy": 0.7424,
    "best_epoch": 32,
    "early_stopped": true,
    "training_time": 3457.4083881378174,
    "final_train_acc": 0.874133142235597,
    "final_val_acc": 0.7424,
    "best_val_acc": 0.7518,
    "final_train_loss": 0.7206097330782149,
    "final_val_loss": 1.0789383745193482,
    "avg_train_val_gap": 0.027598073694731707
}