{
    "train_loss": [
        2.3553605863783096,
        2.0133344435797795,
        1.812173695755005,
        1.7267475906583998,
        1.695592360051473,
        1.6586628717422485,
        1.6120907400978937,
        1.5899934773127238,
        1.5612586350335016,
        1.5385824365403917,
        1.4826712109883626,
        1.4773774984359742,
        1.4536960539923773,
        1.4339924884796142,
        1.3859885531107585,
        1.3349213602489896,
        1.3568227217356363,
        1.2969811573028565,
        1.309426124382019,
        1.3038276619699267,
        1.2724713927374947,
        1.245740304268731,
        1.2901785569932727,
        1.2606347729576959,
        1.238406935903761,
        1.2249692837397257,
        1.206555872853597,
        1.196836825995975,
        1.1865296066496107,
        1.2187667597876655,
        1.1675414519839817
    ],
    "train_acc": [
        0.09997777777777778,
        0.33066494474054176,
        0.4609118837243428,
        0.513018062099354,
        0.5317932348598834,
        0.5558129532790975,
        0.5808881294961128,
        0.5947265386310301,
        0.6118349732828429,
        0.6267151885066058,
        0.6560250150317476,
        0.6634603932600673,
        0.6781692111070835,
        0.6880572136267475,
        0.7174015011072852,
        0.7433488271942877,
        0.7361205895518856,
        0.7682101016749187,
        0.7629163778331743,
        0.7666784045106724,
        0.783316059126031,
        0.800215541123799,
        0.7778647421976955,
        0.7942155992190639,
        0.8046697284176493,
        0.8119460744282428,
        0.8224044994129094,
        0.8269637753040578,
        0.8316689255165614,
        0.8162186691785668,
        0.8439026561242847
    ],
    "val_loss": [
        2.357402332687378,
        1.7695200250625611,
        1.6202207534790039,
        1.5538109437942504,
        1.512254846572876,
        1.5260301441192627,
        1.4504591152191162,
        1.4419685737609864,
        1.4395041835784912,
        1.409500712776184,
        1.4063296588897705,
        1.3921271160125732,
        1.3715926769256592,
        1.3791402793884278,
        1.3603199863433837,
        1.3742609489440918,
        1.3571613708496093,
        1.3616418376922608,
        1.3468123016357423,
        1.3623949367523194,
        1.365137345123291,
        1.3625238075256347,
        1.363656856918335,
        1.3871712106704712,
        1.3776578577041625,
        1.3760097835540772,
        1.3665758876800538,
        1.3662031440734863,
        1.3876602493286132,
        1.3735586084365845,
        1.407103454208374
    ],
    "val_acc": [
        0.1002,
        0.4808,
        0.5602,
        0.594,
        0.6162,
        0.605,
        0.652,
        0.6558,
        0.6518,
        0.683,
        0.6762,
        0.6806,
        0.6924,
        0.6926,
        0.7052,
        0.7038,
        0.7098,
        0.7182,
        0.7206,
        0.7274,
        0.7232,
        0.7248,
        0.7208,
        0.7154,
        0.7208,
        0.7204,
        0.7272,
        0.726,
        0.7152,
        0.7232,
        0.7232
    ],
    "lr": [
        5.2796077060818515e-05,
        0.00010559215412163703,
        0.00015838823118245553,
        0.00021118430824327406,
        0.0002639803853040926,
        0.00031677646236491106,
        0.00036957253942572965,
        0.0004223686164865481,
        0.00047516469354736665,
        0.00047506240951998617,
        0.0004747556455085487,
        0.0004742446656493332,
        0.0004735299099167625,
        0.0004726119937445664,
        0.0004714917074958689,
        0.000470170015782653,
        0.00046864805663519095,
        0.0004669271405221536,
        0.000465008749222244,
        0.0004628945345483255,
        0.00046058631692514365,
        0.0004580860838218668,
        0.00045539598804079397,
        0.00045251834586370525,
        0.0004494556350574485,
        0.0004462104927404814,
        0.0004427857131122057,
        0.0004391842450470477,
        0.00043540918955535757,
        0.0004314637971133136,
        0.0004273514648641298
    ],
    "epoch_times": [
        108.79951047897339,
        108.45858335494995,
        108.48930644989014,
        108.4826397895813,
        108.52227759361267,
        108.6405520439148,
        108.62729525566101,
        108.7026617527008,
        108.69896674156189,
        108.67951893806458,
        108.87136125564575,
        108.66968035697937,
        108.58788251876831,
        108.73224520683289,
        108.73745703697205,
        108.93939137458801,
        108.3381597995758,
        108.8796398639679,
        108.974764585495,
        108.66294050216675,
        108.90207314491272,
        108.8478856086731,
        108.69391083717346,
        108.68248534202576,
        108.73403882980347,
        108.80589938163757,
        108.88292598724365,
        108.75211215019226,
        108.6337993144989,
        108.62279605865479,
        108.69750714302063
    ],
    "detailed_epochs": [
        {
            "epoch": 1,
            "train_loss": 2.3553605863783096,
            "train_acc": 0.09997777777777778,
            "val_loss": 2.357402332687378,
            "val_acc": 0.1002,
            "train_val_gap": -0.00022222222222222088,
            "lr": 5.2796077060818515e-05,
            "time_seconds": 108.79951047897339
        },
        {
            "epoch": 2,
            "train_loss": 2.0133344435797795,
            "train_acc": 0.33066494474054176,
            "val_loss": 1.7695200250625611,
            "val_acc": 0.4808,
            "train_val_gap": -0.15013505525945825,
            "lr": 0.00010559215412163703,
            "time_seconds": 108.45858335494995
        },
        {
            "epoch": 3,
            "train_loss": 1.812173695755005,
            "train_acc": 0.4609118837243428,
            "val_loss": 1.6202207534790039,
            "val_acc": 0.5602,
            "train_val_gap": -0.09928811627565726,
            "lr": 0.00015838823118245553,
            "time_seconds": 108.48930644989014
        },
        {
            "epoch": 4,
            "train_loss": 1.7267475906583998,
            "train_acc": 0.513018062099354,
            "val_loss": 1.5538109437942504,
            "val_acc": 0.594,
            "train_val_gap": -0.080981937900646,
            "lr": 0.00021118430824327406,
            "time_seconds": 108.4826397895813
        },
        {
            "epoch": 5,
            "train_loss": 1.695592360051473,
            "train_acc": 0.5317932348598834,
            "val_loss": 1.512254846572876,
            "val_acc": 0.6162,
            "train_val_gap": -0.08440676514011658,
            "lr": 0.0002639803853040926,
            "time_seconds": 108.52227759361267
        },
        {
            "epoch": 6,
            "train_loss": 1.6586628717422485,
            "train_acc": 0.5558129532790975,
            "val_loss": 1.5260301441192627,
            "val_acc": 0.605,
            "train_val_gap": -0.04918704672090246,
            "lr": 0.00031677646236491106,
            "time_seconds": 108.6405520439148
        },
        {
            "epoch": 7,
            "train_loss": 1.6120907400978937,
            "train_acc": 0.5808881294961128,
            "val_loss": 1.4504591152191162,
            "val_acc": 0.652,
            "train_val_gap": -0.07111187050388723,
            "lr": 0.00036957253942572965,
            "time_seconds": 108.62729525566101
        },
        {
            "epoch": 8,
            "train_loss": 1.5899934773127238,
            "train_acc": 0.5947265386310301,
            "val_loss": 1.4419685737609864,
            "val_acc": 0.6558,
            "train_val_gap": -0.06107346136896996,
            "lr": 0.0004223686164865481,
            "time_seconds": 108.7026617527008
        },
        {
            "epoch": 9,
            "train_loss": 1.5612586350335016,