{
    "train_loss": [
        2.3303163223690455,
        2.2658966420067683,
        2.111269098409017,
        1.9737804040484959,
        1.8176310493045382,
        1.6981807086520724,
        1.6162412924448648,
        1.5128385703616671,
        1.507251202138265,
        1.4439512809117636,
        1.3907817431555853,
        1.3925701692157322,
        1.3747515883127848,
        1.3072030399110581,
        1.2591764763938056,
        1.2821366383022732,
        1.2331921654807196,
        1.2199283109876844,
        1.189177527025011,
        1.165691129345364,
        1.1774442772865295,
        1.122492823378245,
        1.078182266023424,
        1.1284707265641953,
        1.115028452428182,
        1.0824640217675103,
        1.085356518597073,
        1.121850084315406,
        1.0803499114142523
    ],
    "train_acc": [
        0.09991111111111112,
        0.15886167862713907,
        0.2399063753117087,
        0.3152269297137989,
        0.39360256129966137,
        0.4520504854947756,
        0.49491018302735656,
        0.541542026751403,
        0.5466572276472786,
        0.5773452056287507,
        0.6002153578877009,
        0.6038673575577432,
        0.6098812606374558,
        0.6394583095955602,
        0.6635793469763207,
        0.6541990146176895,
        0.6741999464055863,
        0.6862149650917923,
        0.6988715251708075,
        0.7105371871236952,
        0.7091752728610193,
        0.7293483720724806,
        0.7514149267954334,
        0.7324991214325648,
        0.7428284637963134,
        0.7546925200071241,
        0.7553316800250418,
        0.7402435364443987,
        0.759562570749227
    ],
    "val_loss": [
        2.333214846801758,
        2.168128572845459,
        2.0128569740295412,
        1.8084866331100464,
        1.6450203508377075,
        1.5064001615524292,
        1.428500252532959,
        1.359443794631958,
        1.3231234718322753,
        1.301271093559265,
        1.2795748065948487,
        1.2454597114562989,
        1.2394299341201782,
        1.2280474727630615,
        1.2309193466186523,
        1.2111357719421387,
        1.2015102195739746,
        1.2192962419509887,
        1.1968552463531494,
        1.1912188737869263,
        1.2122459310531617,
        1.1991696069717408,
        1.2092641284942627,
        1.2068939476013183,
        1.2090441375732421,
        1.2255380670547484,
        1.2524464637756347,
        1.2069516761779786,
        1.2343580558776857
    ],
    "val_acc": [
        0.1008,
        0.1982,
        0.2916,
        0.3864,
        0.4702,
        0.5258,
        0.5622,
        0.5934,
        0.6084,
        0.6164,
        0.627,
        0.6458,
        0.645,
        0.6498,
        0.6474,
        0.6554,
        0.663,
        0.6558,
        0.6674,
        0.6708,
        0.6604,
        0.661,
        0.6678,
        0.67,
        0.6674,
        0.6662,
        0.6576,
        0.669,
        0.6666
    ],
    "lr": [
        7.846590685754725e-06,
        1.569318137150945e-05,
        2.3539772057264175e-05,
        3.13863627430189e-05,
        3.923295342877363e-05,
        4.707954411452835e-05,
        4.706889610158819e-05,
        4.70369616958414e-05,
        4.6983769787794205e-05,
        4.690936849924863e-05,
        4.6813825139767515e-05,
        4.66972261457807e-05,
        4.655967700238752e-05,
        4.640130214792621e-05,
        4.6222244861396735e-05,
        4.602266713283869e-05,
        4.580274951678176e-05,
        4.556269096890112e-05,
        4.530270866602567e-05,
        4.5023037809661915e-05,
        4.4723931413211185e-05,
        4.4405660073072826e-05,
        4.406851172384025e-05,
        4.371279137781151e-05,
        4.333882084904993e-05,
        4.2946938462244424e-05,
        4.2537498746633067e-05,
        4.2110872115266534e-05,
        4.1667444529901834e-05
    ],
    "epoch_times": [
        25.142094135284424,
        24.80297827720642,
        24.65507936477661,
        24.654653310775757,
        24.82569408416748,
        24.66711974143982,
        24.588315725326538,
        24.847477912902832,
        24.739919900894165,
        24.863295793533325,
        24.720393657684326,
        24.708881616592407,
        24.75605010986328,
        24.73786449432373,
        24.714144706726074,
        24.71466064453125,
        24.742738008499146,
        24.846891403198242,
        24.76748514175415,
        24.76059865951538,
        24.685808897018433,
        24.705535888671875,
        24.879088640213013,
        24.673353910446167,
        24.750893354415894,
        24.816272020339966,
        24.710524797439575,
        24.72452163696289,
        24.875997304916382
    ],
    "detailed_epochs": [
        {
            "epoch": 1,
            "train_loss": 2.3303163223690455,
            "train_acc": 0.09991111111111112,
            "val_loss": 2.333214846801758,
            "val_acc": 0.1008,
            "train_val_gap": -0.0008888888888888835,
            "lr": 7.846590685754725e-06,
            "time_seconds": 25.142094135284424
        },
        {
            "epoch": 2,
            "train_loss": 2.2658966420067683,
            "train_acc": 0.15886167862713907,
            "val_loss": 2.168128572845459,
            "val_acc": 0.1982,
            "train_val_gap": -0.03933832137286092,
            "lr": 1.569318137150945e-05,
            "time_seconds": 24.80297827720642
        },
        {
            "epoch": 3,
            "train_loss": 2.111269098409017,
            "train_acc": 0.2399063753117087,
            "val_loss": 2.0128569740295412,
            "val_acc": 0.2916,
            "train_val_gap": -0.051693624688291334,
            "lr": 2.3539772057264175e-05,
            "time_seconds": 24.65507936477661
        },
        {
            "epoch": 4,
            "train_loss": 1.9737804040484959,
            "train_acc": 0.3152269297137989,
            "val_loss": 1.8084866331100464,
            "val_acc": 0.3864,
            "train_val_gap": -0.07117307028620112,
            "lr": 3.13863627430189e-05,
            "time_seconds": 24.654653310775757
        },
        {
            "epoch": 5,
            "train_loss": 1.8176310493045382,
            "train_acc": 0.39360256129966137,
            "val_loss": 1.6450203508377075,
            "val_acc": 0.4702,
            "train_val_gap": -0.07659743870033864,
            "lr": 3.923295342877363e-05,
            "time_seconds": 24.82569408416748
        },
        {
            "epoch": 6,
            "train_loss": 1.6981807086520724,
            "train_acc": 0.4520504854947756,
            "val_loss": 1.5064001615524292,
            "val_acc": 0.5258,
            "train_val_gap": -0.07374951450522443,
            "lr": 4.707954411452835e-05,
            "time_seconds": 24.66711974143982
        },
        {
            "epoch": 7,
            "train_loss": 1.6162412924448648,
            "train_acc": 0.49491018302735656,
            "val_loss": 1.428500252532959,
            "val_acc": 0.5622,
            "train_val_gap": -0.06728981697264347,
            "lr": 4.706889610158819e-05,
            "time_seconds": 24.588315725326538
        },
        {
            "epoch": 8,
            "train_loss": 1.5128385703616671,
            "train_acc": 0.541542026751403,
            "val_loss": 1.359443794631958,
            "val_acc": 0.5934,
            "train_val_gap": -0.05185797324859709,
            "lr": 4.70369616958414e-05,
            "time_seconds": 24.847477912902832
        },
        {
            "epoch": 9,
            "train_loss": 1.507251202138265,
            "train_acc": 0.5466572276472786,
            "val_loss": 1.3231234718322753,
            "val_acc": 0.6084,
            "train_val_gap": -0.06174277235272141,
            "lr": 4.6983769787794205e-05,
            "time_seconds": 24.739919900894165
        },
        {
            "epoch": 10,
            "train_loss": 1.4439512809117636,