{
    "train_loss": [
        2.3381232923295765,
        2.1267501919640437,
        2.038561730194092,
        1.9931936445448133,
        1.9343733991834853,
        1.8784642398834228,
        1.843954498439365,
        1.795168751970927,
        1.8005216774834527,
        1.740386273214552,
        1.7141535648769803,
        1.7181301377402411,
        1.6714119073443943,
        1.6401320867326525,
        1.6340400722079806,
        1.5922066560109456,
        1.5971246149698892,
        1.5533366947597929,
        1.5459240400314331,
        1.5448316637251112,
        1.5067434948179457,
        1.4915036572774252,
        1.4939110792371961,
        1.5091612219492594,
        1.4925387293709649,
        1.4746076615863377,
        1.4515881204181247,
        1.4824174288431804,
        1.4364405199050903,
        1.416220228491889,
        1.3864891347037422,
        1.3646381371604073,
        1.374538494237264,
        1.4267932773590088,
        1.352251767985026
    ],
    "train_acc": [
        0.10337573275664988,
        0.25085885196695257,
        0.3132972383133685,
        0.34960145942046944,
        0.3915608014812669,
        0.42909650072825695,
        0.45229014686159735,
        0.4804379283734264,
        0.4800532286502328,
        0.5159040819884727,
        0.5347864487587517,
        0.5344336254855832,
        0.5596639101212485,
        0.5801803371614787,
        0.5846081368968297,
        0.6088097818997319,
        0.6063981002169975,
        0.6337841320069396,
        0.6420036909193056,
        0.6425082742377445,
        0.6636165802085832,
        0.6716630520125518,
        0.6746447898832689,
        0.6660848463090274,
        0.6780852141877488,
        0.6862986562199599,
        0.697906962938257,
        0.6829621826003092,
        0.7124340138744655,
        0.7227571755961794,
        0.7383725372289931,
        0.7522778436387194,
        0.7464176122695564,
        0.7217762471677333,
        0.7611790617965848
    ],
    "val_loss": [
        2.335899876785278,
        2.020318558883667,
        1.9269844240188598,
        1.8768624038696289,
        1.855284810256958,
        1.7504756912231445,
        1.6903974727630615,
        1.6578332489013672,
        1.6490286363601685,
        1.5847780448913573,
        1.570692830657959,
        1.5537067150115966,
        1.5119588081359863,
        1.4976058502197265,
        1.474667808532715,
        1.4643497932434082,
        1.462577900314331,
        1.4314722007751466,
        1.420375546836853,
        1.421085103225708,
        1.3979560619354248,
        1.4109051414489746,
        1.3869341020584107,
        1.3904922565460205,
        1.3751317560195924,
        1.3784741188049316,
        1.3757228818893432,
        1.401564675140381,
        1.3650143672943116,
        1.3681301231384277,
        1.3719357309341431,
        1.363085912513733,
        1.3689458305358886,
        1.3685689811706543,
        1.371364744949341
    ],
    "val_acc": [
        0.0988,
        0.31,
        0.3786,
        0.4178,
        0.4262,
        0.4892,
        0.5298,
        0.5458,
        0.5522,
        0.588,
        0.5958,
        0.6086,
        0.6358,
        0.6376,
        0.6596,
        0.6626,
        0.6614,
        0.6812,
        0.6894,
        0.6964,
        0.706,
        0.6948,
        0.714,
        0.7114,
        0.7136,
        0.7156,
        0.7204,
        0.7108,
        0.724,
        0.7294,
        0.7276,
        0.7346,
        0.7344,
        0.7298,
        0.7278
    ],
    "lr": [
        3.9635548453278286e-05,
        7.927109690655657e-05,
        0.00011890664535983487,
        0.00011889347149854889,
        0.00011885395575290527,
        0.0001187881156349598,
        0.00011869598032284894,
        0.00011857759064785905,
        0.00011843299907633129,
        0.00011826226968641037,
        0.0001180654781396472,
        0.0001178427116474682,
        0.00011759406893252622,
        0.00011731966018494989,
        0.000117019607013511,
        0.0001166940423917317,
        0.00011634311059895496,
        0.00011596696715640483,
        0.00011556577875826467,
        0.00011513972319780383,
        0.00011468898928858563,
        0.00011421377678079157,
        0.00011371429627269861,
        0.00011319076911734919,
        0.0001126434273244549,
        0.00011207251345757757,
        0.00011147828052663318,
        0.00011086099187576637,
        0.00011022092106664515,
        0.00010955835175722748,
        0.00010887357757605355,
        0.0001081669019921195,
        0.00010743863818039007,
        0.00010668910888300996,
        0.00010591864626627526
    ],
    "epoch_times": [
        48.11225771903992,
        47.70237493515015,
        47.69477295875549,
        47.72375512123108,
        47.71774649620056,
        47.717820167541504,
        47.71337652206421,
        47.719871282577515,
        47.77145004272461,
        47.73525309562683,
        47.756850242614746,
        47.736594915390015,
        47.768009424209595,
        47.763826847076416,
        47.74165987968445,
        47.76797008514404,
        47.73565220832825,
        47.73804211616516,
        47.741743087768555,
        47.75039100646973,
        47.72277903556824,
        47.73992729187012,
        47.7192599773407,
        47.7080864906311,
        47.72753977775574,
        47.70393681526184,
        47.70727205276489,
        47.726035356521606,
        47.7165002822876,
        47.730144739151,
        47.77182221412659,
        47.760424852371216,
        47.72367835044861,
        47.366854667663574,
        47.82805347442627
    ],
    "detailed_epochs": [
        {
            "epoch": 1,
            "train_loss": 2.3381232923295765,
            "train_acc": 0.10337573275664988,
            "val_loss": 2.335899876785278,
            "val_acc": 0.0988,
            "train_val_gap": 0.004575732756649881,
            "lr": 3.9635548453278286e-05,
            "time_seconds": 48.11225771903992
        },
        {
            "epoch": 2,
            "train_loss": 2.1267501919640437,
            "train_acc": 0.25085885196695257,
            "val_loss": 2.020318558883667,
            "val_acc": 0.31,
            "train_val_gap": -0.05914114803304743,
            "lr": 7.927109690655657e-05,
            "time_seconds": 47.70237493515015
        },
        {
            "epoch": 3,
            "train_loss": 2.038561730194092,
            "train_acc": 0.3132972383133685,
            "val_loss": 1.9269844240188598,
            "val_acc": 0.3786,
            "train_val_gap": -0.06530276168663152,
            "lr": 0.00011890664535983487,
            "time_seconds": 47.69477295875549
        },
        {
            "epoch": 4,
            "train_loss": 1.9931936445448133,
            "train_acc": 0.34960145942046944,
            "val_loss": 1.8768624038696289,
            "val_acc": 0.4178,
            "train_val_gap": -0.06819854057953056,
            "lr": 0.00011889347149854889,
            "time_seconds": 47.72375512123108
        },
        {
            "epoch": 5,
            "train_loss": 1.9343733991834853,
            "train_acc": 0.3915608014812669,
            "val_loss": 1.855284810256958,
            "val_acc": 0.4262,
            "train_val_gap": -0.03463919851873315,
            "lr": 0.00011885395575290527,
            "time_seconds": 47.71774649620056
        },
        {
            "epoch": 6,
            "train_loss": 1.8784642398834228,
            "train_acc": 0.42909650072825695,
            "val_loss": 1.7504756912231445,
            "val_acc": 0.4892,
            "train_val_gap": -0.06010349927174308,
            "lr": 0.0001187881156349598,
            "time_seconds": 47.717820167541504
        },
        {
            "epoch": 7,
            "train_loss": 1.843954498439365,
            "train_acc": 0.45229014686159735,
            "val_loss": 1.6903974727630615,