{
    "train_loss": [
        2.3517015129089356,
        1.9830677648756239,
        1.8085723724365235,
        1.71858323641883,
        1.7043243772718641,
        1.6895027223798964,
        1.7045327013227676,
        1.6460376856274075,
        1.6100830037434897,
        1.5651322052001952,
        1.5252990421295165,
        1.4974675270080566,
        1.4946713770972357,
        1.4673444214714897,
        1.4729003527535331,
        1.4125474601957533,
        1.419717019314236,
        1.4094455774731107,
        1.3680339708328246,
        1.395565439775255,
        1.3729391296810574,
        1.3478129026412964,
        1.3300342997868855,
        1.3677979136149088,
        1.331075455347697
    ],
    "train_acc": [
        0.11436661174800403,
        0.3347253064652095,
        0.44712137967848264,
        0.5018228091172462,
        0.5119087250796702,
        0.5220856838345489,
        0.512558221761825,
        0.5477178159829057,
        0.5682562541705526,
        0.5927945624011507,
        0.6155494841884644,
        0.6303849401123368,
        0.6348665940802107,
        0.6495734685954919,
        0.6478151925093347,
        0.6766388941118044,
        0.6770816699180899,
        0.6846339638506389,
        0.7058846554030416,
        0.6915541190025809,
        0.7068514074853819,
        0.7198994766910525,
        0.7278302954745943,
        0.7123000457931368,
        0.7309272297720086
    ],
    "val_loss": [
        2.314317156600952,
        1.730511185646057,
        1.6532868257522584,
        1.5609325065612794,
        1.579990435409546,
        1.5568737770080567,
        1.5706949626922608,
        1.49898076171875,
        1.456400277709961,
        1.4874017852783203,
        1.4295328826904297,
        1.4442297344207764,
        1.362687504196167,
        1.3549343950271606,
        1.38273002243042,
        1.353514828109741,
        1.3224524612426758,
        1.3119683601379395,
        1.315332588005066,
        1.2808316635131836,
        1.3068220743179322,
        1.2832465061187743,
        1.2916461324691773,
        1.2731787769317626,
        1.2714979835510254
    ],
    "val_acc": [
        0.1326,
        0.483,
        0.5232,
        0.5826,
        0.5604,
        0.5834,
        0.5734,
        0.6138,
        0.6312,
        0.6174,
        0.6492,
        0.648,
        0.6858,
        0.6896,
        0.681,
        0.6892,
        0.706,
        0.7172,
        0.7162,
        0.7382,
        0.7204,
        0.7256,
        0.7278,
        0.7388,
        0.7392
    ],
    "lr": [
        0.00036304403464120774,
        0.0007260880692824155,
        0.0010891321039236232,
        0.001452176138564831,
        0.0018152201732060387,
        0.0021782642078472464,
        0.002177824764143221,
        0.0021765067876451864,
        0.0021743113419091095,
        0.002171240198574635,
        0.002167295835935438,
        0.0021624814369393397,
        0.0021568008866197884,
        0.002150258768960793,
        0.0021428603631978207,
        0.002134611639557662,
        0.002125519254440687,
        0.0021155905450493894,
        0.0021048335234675475,
        0.0020932568701947825,
        0.002080869927141734,
        0.002067682690091498,
        0.0020537058006334175,
        0.0020389505375757325,
        0.0020234288078440185
    ],
    "epoch_times": [
        207.66970992088318,
        207.27606105804443,
        207.27513360977173,
        207.37570810317993,
        207.50485849380493,
        207.4734754562378,
        207.48487782478333,
        207.48807311058044,
        207.51635599136353,
        207.56137418746948,
        207.46901273727417,
        207.591899394989,
        207.645099401474,
        207.66121745109558,
        207.59641647338867,
        207.60310769081116,
        207.6089470386505,
        207.89861226081848,
        207.90784358978271,
        207.78752088546753,
        207.79291248321533,
        207.7802848815918,
        207.88050150871277,
        207.70583820343018,
        207.85145831108093
    ],
    "detailed_epochs": [
        {
            "epoch": 1,
            "train_loss": 2.3517015129089356,
            "train_acc": 0.11436661174800403,
            "val_loss": 2.314317156600952,
            "val_acc": 0.1326,
            "train_val_gap": -0.01823338825199597,
            "lr": 0.00036304403464120774,
            "time_seconds": 207.66970992088318
        },
        {
            "epoch": 2,
            "train_loss": 1.9830677648756239,
            "train_acc": 0.3347253064652095,
            "val_loss": 1.730511185646057,
            "val_acc": 0.483,
            "train_val_gap": -0.1482746935347905,
            "lr": 0.0007260880692824155,
            "time_seconds": 207.27606105804443
        },
        {
            "epoch": 3,
            "train_loss": 1.8085723724365235,
            "train_acc": 0.44712137967848264,
            "val_loss": 1.6532868257522584,
            "val_acc": 0.5232,
            "train_val_gap": -0.07607862032151735,
            "lr": 0.0010891321039236232,
            "time_seconds": 207.27513360977173
        },
        {
            "epoch": 4,
            "train_loss": 1.71858323641883,
            "train_acc": 0.5018228091172462,
            "val_loss": 1.5609325065612794,
            "val_acc": 0.5826,
            "train_val_gap": -0.08077719088275381,
            "lr": 0.001452176138564831,
            "time_seconds": 207.37570810317993
        },
        {
            "epoch": 5,
            "train_loss": 1.7043243772718641,
            "train_acc": 0.5119087250796702,
            "val_loss": 1.579990435409546,
            "val_acc": 0.5604,
            "train_val_gap": -0.048491274920329785,
            "lr": 0.0018152201732060387,
            "time_seconds": 207.50485849380493
        },
        {
            "epoch": 6,
            "train_loss": 1.6895027223798964,
            "train_acc": 0.5220856838345489,
            "val_loss": 1.5568737770080567,
            "val_acc": 0.5834,
            "train_val_gap": -0.06131431616545113,
            "lr": 0.0021782642078472464,
            "time_seconds": 207.4734754562378
        },
        {
            "epoch": 7,
            "train_loss": 1.7045327013227676,
            "train_acc": 0.512558221761825,
            "val_loss": 1.5706949626922608,
            "val_acc": 0.5734,
            "train_val_gap": -0.06084177823817505,
            "lr": 0.002177824764143221,
            "time_seconds": 207.48487782478333
        },
        {
            "epoch": 8,
            "train_loss": 1.6460376856274075,
            "train_acc": 0.5477178159829057,
            "val_loss": 1.49898076171875,
            "val_acc": 0.6138,
            "train_val_gap": -0.06608218401709431,
            "lr": 0.0021765067876451864,
            "time_seconds": 207.48807311058044
        },
        {
            "epoch": 9,
            "train_loss": 1.6100830037434897,
            "train_acc": 0.5682562541705526,
            "val_loss": 1.456400277709961,
            "val_acc": 0.6312,
            "train_val_gap": -0.0629437458294474,
            "lr": 0.0021743113419091095,
            "time_seconds": 207.51635599136353
        },
        {
            "epoch": 10,
            "train_loss": 1.5651322052001952,
            "train_acc": 0.5927945624011507,
            "val_loss": 1.4874017852783203,
            "val_acc": 0.6174,
            "train_val_gap": -0.024605437598849256,
            "lr": 0.002171240198574635,
            "time_seconds": 207.56137418746948
        },
        {
            "epoch": 11,
            "train_loss": 1.5252990421295165,
            "train_acc": 0.6155494841884644,
            "val_loss": 1.4295328826904297,
            "val_acc": 0.6492,
            "train_val_gap": -0.03365051581153555,
            "lr": 0.002167295835935438,
            "time_seconds": 207.46901273727417
        },
        {
            "epoch": 12,