{
    "train_loss": [
        2.373050584581163,
        2.0319072567409937,
        1.7049604283862643,
        1.4995243036693997,
        1.3555056962119207,
        1.2543265995025634,
        1.2210005335489909,
        1.171632811249627,
        1.1231624977959527,
        1.0776693843629626,
        1.048837603325314,
        1.031952377404107,
        1.0072669034851922,
        0.9608701624552409,
        0.9095950360510084,
        0.9119678070068359,
        0.8299799827893575,
        0.8556681600729624,
        0.8059340114169651,
        0.7723673147201539,
        0.7548328020678626,
        0.6963993881172604,
        0.711159803920322,
        0.6986377117898729,
        0.6800668181843228,
        0.6527640574508243,
        0.6500083232800166,
        0.5711493275165558,
        0.6246815113968319
    ],
    "train_acc": [
        0.09991111111111112,
        0.25695157417998055,
        0.40380394790781227,
        0.4943745436389886,
        0.5526187230424499,
        0.5960693436192925,
        0.6133570216927624,
        0.6322139756424203,
        0.6535349503537068,
        0.6682149106918648,
        0.6835158616123401,
        0.6930133423180546,
        0.7032929285098216,
        0.7216768225845305,
        0.7435400861992687,
        0.7449478488798137,
        0.7739194477568421,
        0.7681689150936244,
        0.787342876150537,
        0.8021548620310598,
        0.8114550622471919,
        0.8304640112849645,
        0.8287526253931891,
        0.8358888382037788,
        0.8446478244494385,
        0.855232486211854,
        0.8573710082394582,
        0.8839336988937361,
        0.8666705008489007
    ],
    "val_loss": [
        2.374158464431763,
        1.7807681917190552,
        1.4650367473602295,
        1.281207144832611,
        1.1700874311447143,
        1.104596129989624,
        1.1018169758796692,
        1.0578082136154174,
        1.0309478180885314,
        1.0279113787651062,
        1.017258092689514,
        1.014891331100464,
        0.9970249031066895,
        1.0141278854370117,
        1.0380310415267944,
        1.0180969108581543,
        1.0334906776428223,
        1.0477434898376465,
        1.0688964696884156,
        1.0685987688064575,
        1.0837678256988525,
        1.1322269031524659,
        1.1123201440811157,
        1.1386920757293701,
        1.1493522905349731,
        1.1872813789367676,
        1.2364971450805664,
        1.2228131698608398,
        1.2111848739624023
    ],
    "val_acc": [
        0.1008,
        0.3656,
        0.4902,
        0.5598,
        0.6086,
        0.6326,
        0.6346,
        0.649,
        0.659,
        0.665,
        0.662,
        0.6732,
        0.6768,
        0.6706,
        0.6704,
        0.6792,
        0.6778,
        0.6812,
        0.6774,
        0.6834,
        0.676,
        0.675,
        0.6786,
        0.6822,
        0.6784,
        0.6822,
        0.6752,
        0.6792,
        0.6822
    ],
    "lr": [
        1.4984105560195267e-05,
        2.9968211120390533e-05,
        4.49523166805858e-05,
        4.494052948741425e-05,
        4.4905180271037496e-05,
        4.484630610790214e-05,
        4.47639687488753e-05,
        4.4658254554476556e-05,
        4.452927440429764e-05,
        4.437716358070509e-05,
        4.420208162694771e-05,
        4.400421217981775e-05,
        4.378376277704126e-05,
        4.354096463959966e-05,
        4.3276072429210874e-05,
        4.298936398122437e-05,
        4.268114001321023e-05,
        4.235172380954792e-05,
        4.200146088234567e-05,
        4.163071860904594e-05,
        4.123988584709724e-05,
        4.0829372526096354e-05,
        4.039960921782881e-05,
        3.9951046684658524e-05,
        3.948415540674032e-05,
        3.899942508855124e-05,
        3.8497364145258165e-05,
        3.797849916946049e-05,
        3.744337437886722e-05
    ],
    "epoch_times": [
        22.918792486190796,
        22.47562265396118,
        22.43753433227539,
        22.350528478622437,
        22.356725215911865,
        22.202797889709473,
        22.256824493408203,
        22.19013524055481,
        22.30121612548828,
        22.52196455001831,
        22.359367609024048,
        22.208189010620117,
        22.38399362564087,
        22.34259581565857,
        22.228425979614258,
        22.111881256103516,
        22.17771625518799,
        22.372339963912964,
        22.14151954650879,
        22.391680002212524,
        22.541999340057373,
        22.370233058929443,
        22.263879537582397,
        22.129696369171143,
        22.243173122406006,
        22.241689682006836,
        22.30684733390808,
        22.421921730041504,
        22.29523730278015
    ],
    "detailed_epochs": [
        {
            "epoch": 1,
            "train_loss": 2.373050584581163,
            "train_acc": 0.09991111111111112,
            "val_loss": 2.374158464431763,
            "val_acc": 0.1008,
            "train_val_gap": -0.0008888888888888835,
            "lr": 1.4984105560195267e-05,
            "time_seconds": 22.918792486190796
        },
        {
            "epoch": 2,
            "train_loss": 2.0319072567409937,
            "train_acc": 0.25695157417998055,
            "val_loss": 1.7807681917190552,
            "val_acc": 0.3656,
            "train_val_gap": -0.10864842582001943,
            "lr": 2.9968211120390533e-05,
            "time_seconds": 22.47562265396118
        },
        {
            "epoch": 3,
            "train_loss": 1.7049604283862643,
            "train_acc": 0.40380394790781227,
            "val_loss": 1.4650367473602295,
            "val_acc": 0.4902,
            "train_val_gap": -0.08639605209218776,
            "lr": 4.49523166805858e-05,
            "time_seconds": 22.43753433227539
        },
        {
            "epoch": 4,
            "train_loss": 1.4995243036693997,
            "train_acc": 0.4943745436389886,
            "val_loss": 1.281207144832611,
            "val_acc": 0.5598,
            "train_val_gap": -0.06542545636101138,
            "lr": 4.494052948741425e-05,
            "time_seconds": 22.350528478622437
        },
        {
            "epoch": 5,
            "train_loss": 1.3555056962119207,
            "train_acc": 0.5526187230424499,
            "val_loss": 1.1700874311447143,
            "val_acc": 0.6086,
            "train_val_gap": -0.055981276957550175,
            "lr": 4.4905180271037496e-05,
            "time_seconds": 22.356725215911865
        },
        {
            "epoch": 6,
            "train_loss": 1.2543265995025634,
            "train_acc": 0.5960693436192925,
            "val_loss": 1.104596129989624,
            "val_acc": 0.6326,
            "train_val_gap": -0.036530656380707516,
            "lr": 4.484630610790214e-05,
            "time_seconds": 22.202797889709473
        },
        {
            "epoch": 7,
            "train_loss": 1.2210005335489909,
            "train_acc": 0.6133570216927624,
            "val_loss": 1.1018169758796692,
            "val_acc": 0.6346,
            "train_val_gap": -0.021242978307237648,
            "lr": 4.47639687488753e-05,
            "time_seconds": 22.256824493408203
        },
        {
            "epoch": 8,
            "train_loss": 1.171632811249627,
            "train_acc": 0.6322139756424203,
            "val_loss": 1.0578082136154174,
            "val_acc": 0.649,
            "train_val_gap": -0.0167860243575797,
            "lr": 4.4658254554476556e-05,
            "time_seconds": 22.19013524055481
        },
        {
            "epoch": 9,
            "train_loss": 1.1231624977959527,
            "train_acc": 0.6535349503537068,
            "val_loss": 1.0309478180885314,
            "val_acc": 0.659,
            "train_val_gap": -0.005465049646293241,
            "lr": 4.452927440429764e-05,
            "time_seconds": 22.30121612548828
        },
        {
            "epoch": 10,
            "train_loss": 1.0776693843629626,