{
    "train_loss": [
        2.3245642069498698,
        1.7172214205847847,
        1.5153106644418504,
        1.4289460358301798,
        1.380204449166192,
        1.3277960223939684,
        1.2972633873197768,
        1.2178835209316679,
        1.1870831313027277,
        1.1707775149557325,
        1.1192572898440891,
        1.124128157128228,
        1.0706775629361471,
        1.0277476504855685,
        1.0113120426601834,
        0.9605428762435914,
        0.9699276240878635,
        0.9367921988911099,
        0.8905718719376458,
        0.9010159798092312,
        0.8423316825919681,
        0.8528659478823344,
        0.8570017262988621,
        0.854499471282959,
        0.820616037718455,
        0.8161000725216335,
        0.7635713264942169,
        0.8127960648536682
    ],
    "train_acc": [
        0.09968888888888888,
        0.41748769114531087,
        0.5096657329250872,
        0.5480207796982555,
        0.5706757539442024,
        0.5970367657728517,
        0.6090919682168724,
        0.6432746406784766,
        0.6580593414231332,
        0.6652342439313722,
        0.6865642740497404,
        0.687543439771223,
        0.7088891994951446,
        0.7263637500440722,
        0.7337346061080625,
        0.7550608486503602,
        0.7557795387290804,
        0.766990595788384,
        0.7858141227856703,
        0.7827284298667916,
        0.8046665088372577,
        0.8017771178782304,
        0.8004027960555463,
        0.8050097737365284,
        0.8165700379990808,
        0.8191681273416048,
        0.8392635759138345,
        0.8184802669063295
    ],
    "val_loss": [
        2.3243831737518312,
        1.336711435699463,
        1.2453689111709594,
        1.1935337226867675,
        1.188979178237915,
        1.1258015336990357,
        1.053540360069275,
        1.0517328028678894,
        0.9869405944824219,
        0.9983128217697144,
        0.96933606300354,
        1.00368670129776,
        0.946896654701233,
        0.9715447523117066,
        0.9562290748596192,
        0.9623224360466004,
        0.9696810173034668,
        0.9742048830032348,
        0.9446327828407287,
        0.9665423330307007,
        0.9740528886795043,
        1.0289504495620727,
        0.9860975311279296,
        0.9924739845275878,
        1.0322018723487854,
        0.9783563777923584,
        0.9919064338684082,
        0.9792545845985413
    ],
    "val_acc": [
        0.1028,
        0.5598,
        0.6102,
        0.6176,
        0.6332,
        0.6562,
        0.6802,
        0.6762,
        0.7046,
        0.702,
        0.714,
        0.7012,
        0.7258,
        0.7206,
        0.7278,
        0.7284,
        0.733,
        0.7202,
        0.7396,
        0.73,
        0.7408,
        0.731,
        0.7412,
        0.7312,
        0.7298,
        0.738,
        0.7378,
        0.7392
    ],
    "lr": [
        0.00014880287182414192,
        0.00029760574364828384,
        0.00044640861547242576,
        0.0005952114872965677,
        0.0007440143591207096,
        0.0007438841838454738,
        0.0007434937491233964,
        0.0007428433282016093,
        0.0007419333762795129,
        0.0007407645301902028,
        0.0007393376079547806,
        0.0007376536082098584,
        0.0007357137095086594,
        0.0007335192694962035,
        0.0007310718239591549,
        0.0007283730857509952,
        0.000725424943593278,
        0.0007222294607537997,
        0.0007187888736026144,
        0.0007151055900469025,
        0.0007111821878457874,
        0.0007070214128062834,
        0.000702626176861631,
        0.0006979995560333708,
        0.0006931447882785789,
        0.0006880652712237716,
        0.000682764559787063,
        0.0006772463636902445
    ],
    "epoch_times": [
        62.76939845085144,
        62.4675829410553,
        62.56854844093323,
        62.731162309646606,
        62.673128843307495,
        62.68027687072754,
        62.66945219039917,
        62.65100622177124,
        62.5989830493927,
        62.58434820175171,
        62.55635952949524,
        62.61267852783203,
        62.60795855522156,
        62.668559551239014,
        62.77472233772278,
        62.664456367492676,
        62.589882612228394,
        62.61051416397095,
        62.68500900268555,
        62.611844062805176,
        62.566664934158325,
        62.58233404159546,
        62.612783670425415,
        62.64280581474304,
        62.750834703445435,
        62.732447147369385,
        62.611247301101685,
        62.19029235839844
    ],
    "detailed_epochs": [
        {
            "epoch": 1,
            "train_loss": 2.3245642069498698,
            "train_acc": 0.09968888888888888,
            "val_loss": 2.3243831737518312,
            "val_acc": 0.1028,
            "train_val_gap": -0.00311111111111112,
            "lr": 0.00014880287182414192,
            "time_seconds": 62.76939845085144
        },
        {
            "epoch": 2,
            "train_loss": 1.7172214205847847,
            "train_acc": 0.41748769114531087,
            "val_loss": 1.336711435699463,
            "val_acc": 0.5598,
            "train_val_gap": -0.1423123088546891,
            "lr": 0.00029760574364828384,
            "time_seconds": 62.4675829410553
        },
        {
            "epoch": 3,
            "train_loss": 1.5153106644418504,
            "train_acc": 0.5096657329250872,
            "val_loss": 1.2453689111709594,
            "val_acc": 0.6102,
            "train_val_gap": -0.10053426707491275,
            "lr": 0.00044640861547242576,
            "time_seconds": 62.56854844093323
        },
        {
            "epoch": 4,
            "train_loss": 1.4289460358301798,
            "train_acc": 0.5480207796982555,
            "val_loss": 1.1935337226867675,
            "val_acc": 0.6176,
            "train_val_gap": -0.06957922030174457,
            "lr": 0.0005952114872965677,
            "time_seconds": 62.731162309646606
        },
        {
            "epoch": 5,
            "train_loss": 1.380204449166192,
            "train_acc": 0.5706757539442024,
            "val_loss": 1.188979178237915,
            "val_acc": 0.6332,
            "train_val_gap": -0.06252424605579754,
            "lr": 0.0007440143591207096,
            "time_seconds": 62.673128843307495
        },
        {
            "epoch": 6,
            "train_loss": 1.3277960223939684,
            "train_acc": 0.5970367657728517,
            "val_loss": 1.1258015336990357,
            "val_acc": 0.6562,
            "train_val_gap": -0.05916323422714831,
            "lr": 0.0007438841838454738,
            "time_seconds": 62.68027687072754
        },
        {
            "epoch": 7,
            "train_loss": 1.2972633873197768,
            "train_acc": 0.6090919682168724,
            "val_loss": 1.053540360069275,
            "val_acc": 0.6802,
            "train_val_gap": -0.07110803178312763,
            "lr": 0.0007434937491233964,
            "time_seconds": 62.66945219039917
        },
        {
            "epoch": 8,
            "train_loss": 1.2178835209316679,
            "train_acc": 0.6432746406784766,
            "val_loss": 1.0517328028678894,
            "val_acc": 0.6762,
            "train_val_gap": -0.032925359321523406,
            "lr": 0.0007428433282016093,
            "time_seconds": 62.65100622177124
        },
        {
            "epoch": 9,
            "train_loss": 1.1870831313027277,
            "train_acc": 0.6580593414231332,
            "val_loss": 0.9869405944824219,
            "val_acc": 0.7046,
            "train_val_gap": -0.046540658576866845,
            "lr": 0.0007419333762795129,
            "time_seconds": 62.5989830493927
        },
        {
            "epoch": 10,
            "train_loss": 1.1707775149557325,
            "train_acc": 0.6652342439313722,
            "val_loss": 0.9983128217697144,
            "val_acc": 0.702,
            "train_val_gap": -0.03676575606862775,