{
    "train_loss": [
        2.3662621291266546,
        1.8137015373865764,
        1.6089839368820191,
        1.4712683125813801,
        1.4063184602101644,
        1.3689486755794948,
        1.3313562543233235,
        1.30062507797877,
        1.2610490223354764,
        1.1962526316748725,
        1.1275383740531073,
        1.0614020724190607,
        1.0046106014039782,
        0.9408143013848199,
        0.8855978187878927,
        0.8242122843318516,
        0.7721798302014669,
        0.7179311935424805,
        0.6694620202170478,
        0.6219867689132691,
        0.584703670946757,
        0.5411726774851481,
        0.5158379566616482,
        0.4905939411057366,
        0.45926506515079074
    ],
    "train_acc": [
        0.08928888888888889,
        0.34242222222222224,
        0.43422222222222223,
        0.49048888888888886,
        0.5187777777777778,
        0.5350222222222222,
        0.5491777777777778,
        0.5620666666666667,
        0.5802666666666667,
        0.6043555555555555,
        0.6326,
        0.6588222222222222,
        0.6848888888888889,
        0.7107777777777777,
        0.7308222222222223,
        0.7529111111111111,
        0.7758444444444444,
        0.798,
        0.8164444444444444,
        0.8342222222222222,
        0.8505111111111111,
        0.8674444444444445,
        0.8749333333333333,
        0.8856,
        0.8971111111111111
    ],
    "val_loss": [
        2.343980969619751,
        1.655239370727539,
        1.5427709692001343,
        1.4646201328277588,
        1.4062951639175416,
        1.3529267122268678,
        1.352132409286499,
        1.3160757612228393,
        1.306360305404663,
        1.3136652997970582,
        1.2106623775482177,
        1.182983780670166,
        1.1963968305587769,
        1.1971404294967651,
        1.1681930694580078,
        1.1564176756858826,
        1.1919899448394775,
        1.1640624816894531,
        1.1582069561004638,
        1.2266741662979126,
        1.2135768533706666,
        1.2433856475830078,
        1.2871324127197266,
        1.340724931526184,
        1.381093531036377
    ],
    "val_acc": [
        0.0882,
        0.4112,
        0.4706,
        0.5014,
        0.5232,
        0.5484,
        0.5502,
        0.572,
        0.565,
        0.5574,
        0.6014,
        0.6182,
        0.6114,
        0.612,
        0.6314,
        0.6316,
        0.6332,
        0.6404,
        0.6528,
        0.6404,
        0.6434,
        0.6362,
        0.6428,
        0.642,
        0.6332
    ],
    "lr": [
        0.00012932066342701112,
        0.00025864132685402225,
        0.00038796199028103337,
        0.0005172826537080445,
        0.0006466033171350556,
        0.0007759239805620667,
        0.0009052446439890779,
        0.001034565307416089,
        0.0010342931431312117,
        0.001033476936670865,
        0.0010321175469165367,
        0.0010302164043331293,
        0.0010277755094637033,
        0.0010247974308243374,
        0.0010212853022013176,
        0.001017242819353504,
        0.0010126742361233375,
        0.0010075843599605904,
        0.0010019785468635587,
        0.0009958626957430284,
        0.0009892432422149429,
        0.0009821271518283025,
        0.000974521912735425,
        0.0009664355278122788,
        0.0009578765062371787
    ],
    "epoch_times": [
        10.046329736709595,
        9.721247673034668,
        9.857280015945435,
        9.7792489528656,
        9.530399084091187,
        9.879526376724243,
        9.856707096099854,
        9.437745332717896,
        9.78693175315857,
        10.04353404045105,
        9.681841373443604,
        9.74995756149292,
        9.84690523147583,
        9.868427753448486,
        9.55230975151062,
        9.855490922927856,
        9.790594100952148,
        9.703407764434814,
        9.762615442276001,
        9.9031081199646,
        9.858961343765259,
        9.629398345947266,
        9.91990327835083,
        9.955039024353027,
        9.615799188613892
    ],
    "detailed_epochs": [
        {
            "epoch": 1,
            "train_loss": 2.3662621291266546,
            "train_acc": 0.08928888888888889,
            "val_loss": 2.343980969619751,
            "val_acc": 0.0882,
            "train_val_gap": 0.0010888888888888892,
            "lr": 0.00012932066342701112,
            "time_seconds": 10.046329736709595
        },
        {
            "epoch": 2,
            "train_loss": 1.8137015373865764,
            "train_acc": 0.34242222222222224,
            "val_loss": 1.655239370727539,
            "val_acc": 0.4112,
            "train_val_gap": -0.06877777777777777,
            "lr": 0.00025864132685402225,
            "time_seconds": 9.721247673034668
        },
        {
            "epoch": 3,
            "train_loss": 1.6089839368820191,
            "train_acc": 0.43422222222222223,
            "val_loss": 1.5427709692001343,
            "val_acc": 0.4706,
            "train_val_gap": -0.03637777777777779,
            "lr": 0.00038796199028103337,
            "time_seconds": 9.857280015945435
        },
        {
            "epoch": 4,
            "train_loss": 1.4712683125813801,
            "train_acc": 0.49048888888888886,
            "val_loss": 1.4646201328277588,
            "val_acc": 0.5014,
            "train_val_gap": -0.010911111111111094,
            "lr": 0.0005172826537080445,
            "time_seconds": 9.7792489528656
        },
        {
            "epoch": 5,
            "train_loss": 1.4063184602101644,
            "train_acc": 0.5187777777777778,
            "val_loss": 1.4062951639175416,
            "val_acc": 0.5232,
            "train_val_gap": -0.004422222222222216,
            "lr": 0.0006466033171350556,
            "time_seconds": 9.530399084091187
        },
        {
            "epoch": 6,
            "train_loss": 1.3689486755794948,
            "train_acc": 0.5350222222222222,
            "val_loss": 1.3529267122268678,
            "val_acc": 0.5484,
            "train_val_gap": -0.013377777777777822,
            "lr": 0.0007759239805620667,
            "time_seconds": 9.879526376724243
        },
        {
            "epoch": 7,
            "train_loss": 1.3313562543233235,
            "train_acc": 0.5491777777777778,
            "val_loss": 1.352132409286499,
            "val_acc": 0.5502,
            "train_val_gap": -0.0010222222222222577,
            "lr": 0.0009052446439890779,
            "time_seconds": 9.856707096099854
        },
        {
            "epoch": 8,
            "train_loss": 1.30062507797877,
            "train_acc": 0.5620666666666667,
            "val_loss": 1.3160757612228393,
            "val_acc": 0.572,
            "train_val_gap": -0.009933333333333239,
            "lr": 0.001034565307416089,
            "time_seconds": 9.437745332717896
        },
        {
            "epoch": 9,
            "train_loss": 1.2610490223354764,
            "train_acc": 0.5802666666666667,
            "val_loss": 1.306360305404663,
            "val_acc": 0.565,
            "train_val_gap": 0.015266666666666762,
            "lr": 0.0010342931431312117,
            "time_seconds": 9.78693175315857
        },
        {
            "epoch": 10,
            "train_loss": 1.1962526316748725,
            "train_acc": 0.6043555555555555,
            "val_loss": 1.3136652997970582,
            "val_acc": 0.5574,
            "train_val_gap": 0.04695555555555553,
            "lr": 0.001033476936670865,
            "time_seconds": 10.04353404045105
        },
        {
            "epoch": 11,
            "train_loss": 1.1275383740531073,
            "train_acc": 0.6326,
            "val_loss": 1.2106623775482177,
            "val_acc": 0.6014,
            "train_val_gap": 0.031200000000000006,
            "lr": 0.0010321175469165367,
            "time_seconds": 9.681841373443604
        },
        {
            "epoch": 12,
            "train_loss": 1.0614020724190607,