{
    "train_loss": [
        2.3423176832411023,
        1.727505618095398,
        1.5139935817718506,
        1.440752910847134,
        1.3848462038675944,
        1.3544837079366048,
        1.36233128379186,
        1.3188844062699212,
        1.269271585729387,
        1.241361351606581,
        1.2018017582363552,
        1.1864355964872573,
        1.1457942465252346,
        1.1088400594923231,
        1.084735756556193,
        1.0641280369440715,
        1.0349351549784342,
        1.043786635547214,
        1.0018389893425836,
        0.9907010485437181,
        0.9695614784982469,
        0.9300210707346598,
        0.9520661129633585,
        0.9581403020222982,
        0.9096594900343153,
        0.9312532774819268,
        0.8885951190948487,
        0.8888203183809916,
        0.9084853968408373
    ],
    "train_acc": [
        0.09991111111111112,
        0.4138474130630165,
        0.5161618481923365,
        0.5469730290629865,
        0.5726506024750049,
        0.58910279562433,
        0.5859973737581339,
        0.6051033214360922,
        0.6287646618421703,
        0.6388162419759364,
        0.6588938285845939,
        0.6668560448713243,
        0.6830011846495754,
        0.699359193387721,
        0.7091672051273687,
        0.7193819704204061,
        0.7315583132576715,
        0.7305184119827351,
        0.7460296724155038,
        0.751529448010246,
        0.7615534415709583,
        0.7743075169262927,
        0.767390777086373,
        0.766837164759904,
        0.7861318953449508,
        0.778754671145361,
        0.7958377681730118,
        0.7955670649605762,
        0.7874140186087863
    ],
    "val_loss": [
        2.345493045806885,
        1.3939230506896974,
        1.2837128240585327,
        1.2749351654052734,
        1.2737048648834228,
        1.1939388828277588,
        1.2133960196495057,
        1.1776061450958253,
        1.2357497102737427,
        1.0955862126350402,
        1.1048065141677856,
        1.100354578781128,
        1.0741467514038086,
        1.1044802701950074,
        1.09763226852417,
        1.1245031233787537,
        1.107924123954773,
        1.0938642545700072,
        1.0739189664840698,
        1.097165516281128,
        1.0566182125091552,
        1.0625365068435668,
        1.0480719333648683,
        1.072955168914795,
        1.091594390106201,
        1.0995554983139038,
        1.0847434940338134,
        1.0846899509429933,
        1.0997170095443725
    ],
    "val_acc": [
        0.1008,
        0.5544,
        0.5958,
        0.5956,
        0.6002,
        0.6408,
        0.6238,
        0.6452,
        0.6188,
        0.675,
        0.678,
        0.6744,
        0.68,
        0.6746,
        0.6778,
        0.6778,
        0.678,
        0.6858,
        0.6902,
        0.6856,
        0.7056,
        0.7018,
        0.708,
        0.704,
        0.6922,
        0.6964,
        0.7072,
        0.7086,
        0.698
    ],
    "lr": [
        0.00038103948749939736,
        0.0007620789749987947,
        0.0011431184624981921,
        0.0015241579499975894,
        0.001905197437496987,
        0.0022862369249963843,
        0.0026672764124957816,
        0.0026666601106790063,
        0.0026648117748403295,
        0.002661733113288242,
        0.002657426971449185,
        0.002651897329237691,
        0.002645149297377981,
        0.00263718911268042,
        0.0026280241322772023,
        0.002617662826822583,
        0.002606114772663948,
        0.002593390642990962,
        0.0025795021979709573,
        0.002564462273879707,
        0.002548284771237605,
        0.0025309846419622277,
        0.0025125778755491577,
        0.002493081484293825,
        0.002472513487568043,
        0.002450892895165758,
        0.002428239689733409,
        0.0024045748083011426,
        0.002379920122931939
    ],
    "epoch_times": [
        15.096353530883789,
        14.881447553634644,
        14.676336288452148,
        14.717660188674927,
        14.739789962768555,
        15.283681869506836,
        14.94974398612976,
        14.693026781082153,
        14.61902141571045,
        14.73009729385376,
        14.507328510284424,
        14.705910444259644,
        14.52857780456543,
        14.744771003723145,
        14.811652421951294,
        14.975275039672852,
        14.866783618927002,
        14.540127277374268,
        14.975796461105347,
        14.651967763900757,
        14.66659164428711,
        13.941075801849365,
        14.49199891090393,
        14.819120645523071,
        14.518538236618042,
        14.759505033493042,
        14.603148221969604,
        15.471534967422485,
        14.963446378707886
    ],
    "detailed_epochs": [
        {
            "epoch": 1,
            "train_loss": 2.3423176832411023,
            "train_acc": 0.09991111111111112,
            "val_loss": 2.345493045806885,
            "val_acc": 0.1008,
            "train_val_gap": -0.0008888888888888835,
            "lr": 0.00038103948749939736,
            "time_seconds": 15.096353530883789
        },
        {
            "epoch": 2,
            "train_loss": 1.727505618095398,
            "train_acc": 0.4138474130630165,
            "val_loss": 1.3939230506896974,
            "val_acc": 0.5544,
            "train_val_gap": -0.14055258693698353,
            "lr": 0.0007620789749987947,
            "time_seconds": 14.881447553634644
        },
        {
            "epoch": 3,
            "train_loss": 1.5139935817718506,
            "train_acc": 0.5161618481923365,
            "val_loss": 1.2837128240585327,
            "val_acc": 0.5958,
            "train_val_gap": -0.07963815180766354,
            "lr": 0.0011431184624981921,
            "time_seconds": 14.676336288452148
        },
        {
            "epoch": 4,
            "train_loss": 1.440752910847134,
            "train_acc": 0.5469730290629865,
            "val_loss": 1.2749351654052734,
            "val_acc": 0.5956,
            "train_val_gap": -0.048626970937013514,
            "lr": 0.0015241579499975894,
            "time_seconds": 14.717660188674927
        },
        {
            "epoch": 5,
            "train_loss": 1.3848462038675944,
            "train_acc": 0.5726506024750049,
            "val_loss": 1.2737048648834228,
            "val_acc": 0.6002,
            "train_val_gap": -0.02754939752499508,
            "lr": 0.001905197437496987,
            "time_seconds": 14.739789962768555
        },
        {
            "epoch": 6,
            "train_loss": 1.3544837079366048,
            "train_acc": 0.58910279562433,
            "val_loss": 1.1939388828277588,
            "val_acc": 0.6408,
            "train_val_gap": -0.05169720437567005,
            "lr": 0.0022862369249963843,
            "time_seconds": 15.283681869506836
        },
        {
            "epoch": 7,
            "train_loss": 1.36233128379186,
            "train_acc": 0.5859973737581339,
            "val_loss": 1.2133960196495057,
            "val_acc": 0.6238,
            "train_val_gap": -0.037802626241866144,
            "lr": 0.0026672764124957816,
            "time_seconds": 14.94974398612976
        },
        {
            "epoch": 8,
            "train_loss": 1.3188844062699212,
            "train_acc": 0.6051033214360922,
            "val_loss": 1.1776061450958253,
            "val_acc": 0.6452,
            "train_val_gap": -0.04009667856390775,
            "lr": 0.0026666601106790063,
            "time_seconds": 14.693026781082153
        },
        {
            "epoch": 9,
            "train_loss": 1.269271585729387,
            "train_acc": 0.6287646618421703,
            "val_loss": 1.2357497102737427,
            "val_acc": 0.6188,
            "train_val_gap": 0.009964661842170264,
            "lr": 0.0026648117748403295,
            "time_seconds": 14.61902141571045
        },
        {
            "epoch": 10,
            "train_loss": 1.241361351606581,
            "train_acc": 0.6388162419759364,