{
    "train_loss": [
        2.324562095514933,
        1.8141492359585232,
        1.6039852747387355,
        1.5147460801018608,
        1.4561882812076146,
        1.4101873707559374,
        1.4016397530237834,
        1.3533814531538222,
        1.3233383761723836,
        1.2929139039145576,
        1.2589821470472549,
        1.245910294702318,
        1.2091329255104064,
        1.1685498521698845,
        1.139732325659858,
        1.109410979133182,
        1.0856481715308295,
        1.0777433131111993,
        1.0244355483690897,
        1.0145100756115384,
        0.9947069951481289,
        0.9324556159549289,
        0.9590781171798706,
        0.9550763400183784,
        0.9068821420457628,
        0.9313921708954706,
        0.8737702702893151,
        0.878187940899531,
        0.900769961590237,
        0.8675099733564589,
        0.8813466037750244,
        0.8593615395704906,
        0.8024859387715657,
        0.8460364556100634
    ],
    "train_acc": [
        0.09968888888888888,
        0.38150844436330783,
        0.48730720008138945,
        0.5308467739584632,
        0.5572079106448797,
        0.5791708725136312,
        0.5867017965248601,
        0.6065763462295144,
        0.6216159366390668,
        0.6358636095302931,
        0.6518845560596264,
        0.6591204056071045,
        0.6749473136051864,
        0.694308447828854,
        0.7063490090971979,
        0.7228251556406788,
        0.7317867161118846,
        0.7357846988767187,
        0.7596275491121044,
        0.7666900767185085,
        0.7759222874106287,
        0.7987701410213469,
        0.7896373284222516,
        0.7947501942648323,
        0.8134989790700046,
        0.8036874678086059,
        0.8280179701096786,
        0.8280359693247885,
        0.8186119436188991,
        0.831046876047394,
        0.8276145695062841,
        0.8371779855996457,
        0.8582798262066376,
        0.8428586716589439
    ],
    "val_loss": [
        2.3243857681274416,
        1.5197903854370116,
        1.4019627910614014,
        1.3144995843887328,
        1.2765111236572266,
        1.2434348209381103,
        1.2181459594726562,
        1.1718025564193726,
        1.1324521070480347,
        1.115509621810913,
        1.1155560289382935,
        1.0932923694610597,
        1.0751838691711426,
        1.0736681537628174,
        1.0744691688537598,
        1.0681312950134276,
        1.0758671469688414,
        1.0747399614334106,
        1.0791242141723634,
        1.0576290798187256,
        1.0691866907119751,
        1.103532096862793,
        1.0725580562591552,
        1.1135385646820068,
        1.1204885036468506,
        1.0994980075836183,
        1.0961594425201415,
        1.0907796445846558,
        1.1141237003326416,
        1.154574967956543,
        1.1117546533584595,
        1.1132408893585206,
        1.1243611345291138,
        1.1472384162902831
    ],
    "val_acc": [
        0.1028,
        0.5106,
        0.5604,
        0.6006,
        0.6202,
        0.6328,
        0.651,
        0.6578,
        0.677,
        0.694,
        0.693,
        0.6922,
        0.7054,
        0.706,
        0.7086,
        0.7098,
        0.7078,
        0.711,
        0.7102,
        0.7214,
        0.7206,
        0.7082,
        0.7244,
        0.7194,
        0.7192,
        0.7198,
        0.733,
        0.726,
        0.7326,
        0.7238,
        0.7196,
        0.729,
        0.7258,
        0.7224
    ],
    "lr": [
        8.743372670603084e-05,
        0.00017486745341206169,
        0.00026230118011809253,
        0.00034973490682412337,
        0.0004371686335301542,
        0.0005246023602361851,
        0.0006120360869422158,
        0.0006994698136482467,
        0.0006993393210011468,
        0.0006989479404383504,
        0.0006982959640227009,
        0.0006973838782834334,
        0.000696212363853108,
        0.0006947822949596964,
        0.0006930947387742006,
        0.0006911509546142893,
        0.0006889523930045479,
        0.0006865006945940436,
        0.0006837976889320106,
        0.000680845393102572,
        0.0006776460102195168,
        0.0006742019277822529,
        0.0006705157158941659,
        0.0006665901253447118,
        0.0006624280855566751,
        0.0006580327024001226,
        0.0006534072558746878,
        0.0006485551976619124,
        0.0006434801485494714,
        0.0006381858957292055,
        0.0006326763899709779,
        0.0006269557426744606,
        0.0006210282228010541,
        0.0006148982536882289
    ],
    "epoch_times": [
        53.95242786407471,
        53.62074613571167,
        53.62918472290039,
        53.61660194396973,
        53.654117822647095,
        53.589900732040405,
        53.643444538116455,
        53.64034628868103,
        53.63636612892151,
        53.63053607940674,
        53.650312185287476,
        53.71599531173706,
        53.674604415893555,
        53.748294830322266,
        53.7249116897583,
        53.729089975357056,
        52.917243003845215,
        53.797831773757935,
        54.12154793739319,
        53.838359355926514,
        53.75631022453308,
        53.659074783325195,
        53.71971249580383,
        53.5351619720459,
        53.638972759246826,
        53.654664754867554,
        53.59932589530945,
        53.65588665008545,
        53.58632850646973,
        53.599199056625366,
        53.58728623390198,
        53.609044790267944,
        53.54560995101929,
        53.58194446563721
    ],
    "detailed_epochs": [
        {
            "epoch": 1,
            "train_loss": 2.324562095514933,
            "train_acc": 0.09968888888888888,
            "val_loss": 2.3243857681274416,
            "val_acc": 0.1028,
            "train_val_gap": -0.00311111111111112,
            "lr": 8.743372670603084e-05,
            "time_seconds": 53.95242786407471
        },
        {
            "epoch": 2,
            "train_loss": 1.8141492359585232,
            "train_acc": 0.38150844436330783,
            "val_loss": 1.5197903854370116,
            "val_acc": 0.5106,
            "train_val_gap": -0.12909155563669222,
            "lr": 0.00017486745341206169,
            "time_seconds": 53.62074613571167
        },
        {
            "epoch": 3,
            "train_loss": 1.6039852747387355,
            "train_acc": 0.48730720008138945,
            "val_loss": 1.4019627910614014,
            "val_acc": 0.5604,
            "train_val_gap": -0.07309279991861056,
            "lr": 0.00026230118011809253,
            "time_seconds": 53.62918472290039
        },
        {
            "epoch": 4,
            "train_loss": 1.5147460801018608,
            "train_acc": 0.5308467739584632,
            "val_loss": 1.3144995843887328,
            "val_acc": 0.6006,
            "train_val_gap": -0.06975322604153678,
            "lr": 0.00034973490682412337,
            "time_seconds": 53.61660194396973
        },
        {
            "epoch": 5,
            "train_loss": 1.4561882812076146,
            "train_acc": 0.5572079106448797,
            "val_loss": 1.2765111236572266,
            "val_acc": 0.6202,
            "train_val_gap": -0.06299208935512024,
            "lr": 0.0004371686335301542,
            "time_seconds": 53.654117822647095
        },
        {
            "epoch": 6,
            "train_loss": 1.4101873707559374,
            "train_acc": 0.5791708725136312,
            "val_loss": 1.2434348209381103,
            "val_acc": 0.6328,
            "train_val_gap": -0.05362912748636883,
            "lr": 0.0005246023602361851,
            "time_seconds": 53.589900732040405
        },
        {
            "epoch": 7,
            "train_loss": 1.4016397530237834,
            "train_acc": 0.5867017965248601,
            "val_loss": 1.2181459594726562,
            "val_acc": 0.651,
            "train_val_gap": -0.06429820347513993,
            "lr": 0.0006120360869422158,