{
    "trial_number": 23,
    "parameters": {
        "pe_type": "rope_axial",
        "img_size": 32,
        "embed_dim": 128,
        "depth": 12,
        "num_heads": 4,
        "patch_size": 2,
        "mixup_alpha": 0.35000000000000003,
        "label_smoothing": 0.13,
        "drop_rate": 0.30000000000000004,
        "random_erasing_prob": 0.35000000000000003,
        "color_jitter_brightness": 0.15000000000000002,
        "color_jitter_contrast": 0.05,
        "weight_decay": 0.03386620721482989,
        "early_stopping_patience": 11,
        "early_stopping_delta": 0.0047717025450154495,
        "lr": 0.0010046270560765244,
        "warmup_epochs": 10,
        "lr_decay_factor": 0.6,
        "batch_size": 256,
        "device": "cuda",
        "num_workers": 4,
        "random_crop_padding": 4,
        "output_dir": "results/bo_results/rope_axial/trial_23",
        "seed": 42,
        "mlp_ratio": 4.0,
        "epochs": 100,
        "checkpoint_dir": "results/bo_results/rope_axial/trial_23/checkpoints"
    },
    "validation_accuracy": 0.7328,
    "best_epoch": 30,
    "early_stopped": true,
    "training_time": 1818.2132632732391,
    "final_train_acc": 0.796119960738912,
    "final_val_acc": 0.7328,
    "best_val_acc": 0.7356,
    "final_train_loss": 1.1519033686531914,
    "final_val_loss": 1.2617919790267944,
    "avg_train_val_gap": -0.003054703793488937
}