{
    "train_loss": [
        2.3553646995544435,
        1.8708888180626764,
        1.6468320160124037,
        1.510749681430393,
        1.392876162507799,
        1.2981742466820612,
        1.2209542031606038,
        1.1474929366853501,
        1.0925844416088528,
        1.0459460417853461,
        1.0004794110192192,
        0.9413098553551568,
        0.8932301411628724,
        0.8518482122209337,
        0.8043184859699674,
        0.7727814017401802,
        0.7283913964801364,
        0.7009597936312357,
        0.6644796026441786,
        0.6311703099250794,
        0.6015729766527812,
        0.57313757141961,
        0.5424050735367669,
        0.5172712667041355,
        0.49337568741904364,
        0.4736873002873527,
        0.452327734375,
        0.4338556077533298,
        0.41722335159513685,
        0.39552866128285724,
        0.3822158152050442,
        0.37363263892067805,
        0.36039764375156824,
        0.3481306490050422
    ],
    "train_acc": [
        0.09284444444444444,
        0.32464444444444446,
        0.42231111111111114,
        0.47431111111111113,
        0.5251333333333333,
        0.5635111111111111,
        0.5915111111111111,
        0.6231777777777778,
        0.6487555555555555,
        0.6635111111111112,
        0.6834222222222223,
        0.7077111111111111,
        0.7278222222222223,
        0.7431111111111111,
        0.7617111111111111,
        0.7740222222222222,
        0.7905555555555556,
        0.8036666666666666,
        0.8156222222222222,
        0.8295555555555556,
        0.8413777777777778,
        0.8535111111111111,
        0.8649555555555556,
        0.8747555555555555,
        0.8832888888888889,
        0.8924,
        0.8996666666666666,
        0.9064,
        0.9117333333333333,
        0.9210222222222222,
        0.9260222222222222,
        0.9287111111111112,
        0.9344888888888889,
        0.9392888888888888
    ],
    "val_loss": [
        2.347440112686157,
        1.6970834674835205,
        1.5363222537994385,
        1.4049861001968384,
        1.3394575941085816,
        1.286554592704773,
        1.2224340614318847,
        1.131174115371704,
        1.096122029399872,
        1.0230135781288148,
        1.0006636367797852,
        1.0300286026000978,
        1.0029612573623656,
        0.9523586538314819,
        0.9553135544776916,
        0.9393082084655762,
        0.9538227801322937,
        0.9179157539367676,
        0.9622216799259186,
        0.9434416602134704,
        0.9562505433559417,
        0.9689398116111755,
        1.0264829676628113,
        0.994157176065445,
        0.9911364773750305,
        1.0019927560806274,
        1.0191331221580506,
        1.0225793332099915,
        1.0897878449440002,
        1.0647426831245423,
        1.0930006910324097,
        1.0902380573272705,
        1.1037164386749267,
        1.0970895553588866
    ],
    "val_acc": [
        0.0904,
        0.41,
        0.4654,
        0.5168,
        0.5346,
        0.5644,
        0.5858,
        0.6272,
        0.6442,
        0.668,
        0.6786,
        0.6802,
        0.6944,
        0.7022,
        0.7208,
        0.7204,
        0.7192,
        0.7224,
        0.722,
        0.733,
        0.7274,
        0.7292,
        0.7268,
        0.7352,
        0.732,
        0.736,
        0.7228,
        0.7358,
        0.7256,
        0.7306,
        0.7298,
        0.736,
        0.7358,
        0.7304
    ],
    "lr": [
        2.893622089351377e-05,
        5.787244178702754e-05,
        8.68086626805413e-05,
        0.00011574488357405508,
        0.00014468110446756884,
        0.0001736173253610826,
        0.00020255354625459636,
        0.00023148976714811015,
        0.00026042598804162394,
        0.0002893622089351377,
        0.00028927407311544865,
        0.00028900977303630154,
        0.00028856963070663055,
        0.00028795418237206557,
        0.00028716417786159987,
        0.0002862005796740384,
        0.00028506456180534185,
        0.00028375750831829315,
        0.00028228101165623,
        0.0002806368707028984,
        0.0002788270885907893,
        0.00027685387026063095,
        0.0002747196197750075,
        0.00027242693738937964,
        0.0002699786163840737,
        0.00026737763966109955,
        0.0002646271761099445,
        0.00026173057674676916,
        0.00025869137063171067,
        0.0002555132605692663,
        0.000252200118596997,
        0.00024875598126804536,
        0.0002451850447332182,
        0.00024149165962862248
    ],
    "epoch_times": [
        101.14234280586243,
        100.58213925361633,
        100.60564970970154,
        100.62391543388367,
        100.60234570503235,
        100.63537192344666,
        100.59355092048645,
        100.60289573669434,
        100.57855415344238,
        100.5823826789856,
        100.62464308738708,
        100.61596608161926,
        100.50835824012756,
        100.6224250793457,
        100.65106344223022,
        100.49959588050842,
        100.53468775749207,
        100.49362540245056,
        100.60419178009033,
        100.47403883934021,
        100.64404916763306,
        100.5922327041626,
        100.57039308547974,
        100.5743055343628,
        100.62118577957153,
        100.51737213134766,
        100.5937294960022,
        100.60138177871704,
        100.60266923904419,
        100.52434349060059,
        100.49496412277222,
        100.47726941108704,
        100.57700204849243,
        100.60496401786804
    ],
    "detailed_epochs": [
        {
            "epoch": 1,
            "train_loss": 2.3553646995544435,
            "train_acc": 0.09284444444444444,
            "val_loss": 2.347440112686157,
            "val_acc": 0.0904,
            "train_val_gap": 0.0024444444444444435,
            "lr": 2.893622089351377e-05,
            "time_seconds": 101.14234280586243
        },
        {
            "epoch": 2,
            "train_loss": 1.8708888180626764,
            "train_acc": 0.32464444444444446,
            "val_loss": 1.6970834674835205,
            "val_acc": 0.41,
            "train_val_gap": -0.08535555555555552,
            "lr": 5.787244178702754e-05,
            "time_seconds": 100.58213925361633
        },
        {
            "epoch": 3,
            "train_loss": 1.6468320160124037,
            "train_acc": 0.42231111111111114,
            "val_loss": 1.5363222537994385,
            "val_acc": 0.4654,
            "train_val_gap": -0.04308888888888884,
            "lr": 8.68086626805413e-05,
            "time_seconds": 100.60564970970154
        },
        {
            "epoch": 4,
            "train_loss": 1.510749681430393,
            "train_acc": 0.47431111111111113,
            "val_loss": 1.4049861001968384,
            "val_acc": 0.5168,
            "train_val_gap": -0.04248888888888891,
            "lr": 0.00011574488357405508,
            "time_seconds": 100.62391543388367
        },
        {
            "epoch": 5,
            "train_loss": 1.392876162507799,
            "train_acc": 0.5251333333333333,
            "val_loss": 1.3394575941085816,
            "val_acc": 0.5346,
            "train_val_gap": -0.009466666666666623,
            "lr": 0.00014468110446756884,
            "time_seconds": 100.60234570503235
        },
        {
            "epoch": 6,
            "train_loss": 1.2981742466820612,
            "train_acc": 0.5635111111111111,
            "val_loss": 1.286554592704773,
            "val_acc": 0.5644,
            "train_val_gap": -0.000888888888888939,
            "lr": 0.0001736173253610826,
            "time_seconds": 100.63537192344666
        },
        {
            "epoch": 7,
            "train_loss": 1.2209542031606038,
            "train_acc": 0.5915111111111111,
            "val_loss": 1.2224340614318847,
            "val_acc": 0.5858,
            "train_val_gap": 0.005711111111111111,
            "lr": 0.00020255354625459636,