{
    "train_loss": [
        2.3661966127183702,
        2.0195858996921117,
        1.8624625023312038,
        1.7558839641782973,
        1.687637673547533,
        1.636162356991238,
        1.5548391332202487,
        1.521495502811008,
        1.4650600888146295,
        1.4253514400482177,
        1.3476874062008328,
        1.3621322990205553,
        1.3174531744215223,
        1.2972691029866537,
        1.2150899826261732,
        1.2070414131906297,
        1.2080362326727974,
        1.163028982808855,
        1.1547946788787842,
        1.1483890916188557,
        1.108130725224813,
        1.125575880686442,
        1.1256897409439086,
        1.0895701474083794,
        1.050941893556383,
        1.037244702413347,
        1.021025007004208,
        0.983412385029263,
        1.0113293457349142,
        0.9929203710132175,
        0.9558328624937269
    ],
    "train_acc": [
        0.10807645771092633,
        0.27604670426847944,
        0.35416757149154665,
        0.40429000825936934,
        0.43885302106445506,
        0.4603474637619995,
        0.49803443735155895,
        0.5122450957749105,
        0.539621720392405,
        0.5633062426876553,
        0.5959090720151664,
        0.5936302835457925,
        0.6144217950747011,
        0.6234768207475042,
        0.6574771480680571,
        0.6621704708636471,
        0.6654382264824099,
        0.6833848622347494,
        0.6871973468095927,
        0.6910587664396052,
        0.7093872332967576,
        0.7045523604152384,
        0.704815908281784,
        0.7189332690955399,
        0.7320459219038004,
        0.7403426931743761,
        0.7477838736272692,
        0.7623676298850499,
        0.7538335257726506,
        0.7613247127001124,
        0.777074630488115
    ],
    "val_loss": [
        2.3439349411010744,
        1.7723740837097168,
        1.5904251531600953,
        1.5190545501708985,
        1.4563237548828125,
        1.3543152130126954,
        1.3159763284683228,
        1.2887635599136353,
        1.265962752532959,
        1.1323065603256226,
        1.100031244277954,
        1.104341993522644,
        1.0167696084022522,
        1.0026977529525758,
        0.9844276859283447,
        1.016431590652466,
        0.977311310005188,
        0.9711752292633057,
        0.9916794361114502,
        0.9647757361412048,
        0.9617726190567016,
        1.0160631902694701,
        0.9474397425651551,
        0.9821083249092102,
        0.9640120251655578,
        0.9329281955718994,
        0.9652244487762451,
        0.9454556076049805,
        0.9699831754684448,
        0.9829057682037353,
        0.9613446022033691
    ],
    "val_acc": [
        0.1184,
        0.3928,
        0.4554,
        0.4998,
        0.5194,
        0.5624,
        0.5684,
        0.5918,
        0.5914,
        0.658,
        0.6736,
        0.6692,
        0.7106,
        0.7112,
        0.7204,
        0.716,
        0.725,
        0.7318,
        0.7202,
        0.737,
        0.7386,
        0.7232,
        0.7496,
        0.7344,
        0.74,
        0.7586,
        0.7486,
        0.7532,
        0.7536,
        0.7418,
        0.7528
    ],
    "lr": [
        2.655866295306677e-05,
        5.311732590613354e-05,
        7.96759888592003e-05,
        0.00010623465181226708,
        0.00013279331476533386,
        0.0001593519777184006,
        0.0001859106406714674,
        0.00021246930362453417,
        0.0002124296654853086,
        0.00021231078064709694,
        0.00021211273782622073,
        0.00021183568480965482,
        0.0002114798283447431,
        0.00021104543398491578,
        0.00021053282589152364,
        0.00020994238659193657,
        0.0002092745566940873,
        0.0002085298345576733,
        0.00020770877592226212,
        0.00020681199349257764,
        0.0002058401564812769,
        0.00020479399010955846,
        0.0002036742750659752,
        0.00020248184692385525,
        0.00020121759551776602,
        0.00019988246427948595,
        0.00019847744953398064,
        0.00019700359975590784,
        0.00019546201478720624,
        0.00019385384501635207,
        0.00019218029051989646
    ],
    "epoch_times": [
        188.99782395362854,
        188.57252287864685,
        188.5896553993225,
        188.63568592071533,
        188.63981461524963,
        188.6132688522339,
        188.6352665424347,
        188.65212726593018,
        188.7430489063263,
        188.8306484222412,
        188.70374870300293,
        188.6607596874237,
        188.62992310523987,
        188.6531138420105,
        188.61614179611206,
        188.43067264556885,
        188.87486147880554,
        188.72215700149536,
        188.71823143959045,
        188.58978843688965,
        188.7001552581787,
        188.57591438293457,
        188.59085702896118,
        188.68454670906067,
        188.60487532615662,
        188.5801980495453,
        188.69011998176575,
        188.6046040058136,
        188.6702048778534,
        188.68206334114075,
        188.65536046028137
    ],
    "detailed_epochs": [
        {
            "epoch": 1,
            "train_loss": 2.3661966127183702,
            "train_acc": 0.10807645771092633,
            "val_loss": 2.3439349411010744,
            "val_acc": 0.1184,
            "train_val_gap": -0.010323542289073673,
            "lr": 2.655866295306677e-05,
            "time_seconds": 188.99782395362854
        },
        {
            "epoch": 2,
            "train_loss": 2.0195858996921117,
            "train_acc": 0.27604670426847944,
            "val_loss": 1.7723740837097168,
            "val_acc": 0.3928,
            "train_val_gap": -0.11675329573152055,
            "lr": 5.311732590613354e-05,
            "time_seconds": 188.57252287864685
        },
        {
            "epoch": 3,
            "train_loss": 1.8624625023312038,
            "train_acc": 0.35416757149154665,
            "val_loss": 1.5904251531600953,
            "val_acc": 0.4554,
            "train_val_gap": -0.10123242850845338,
            "lr": 7.96759888592003e-05,
            "time_seconds": 188.5896553993225
        },
        {
            "epoch": 4,
            "train_loss": 1.7558839641782973,
            "train_acc": 0.40429000825936934,
            "val_loss": 1.5190545501708985,
            "val_acc": 0.4998,
            "train_val_gap": -0.09550999174063068,
            "lr": 0.00010623465181226708,
            "time_seconds": 188.63568592071533
        },
        {
            "epoch": 5,
            "train_loss": 1.687637673547533,
            "train_acc": 0.43885302106445506,
            "val_loss": 1.4563237548828125,
            "val_acc": 0.5194,
            "train_val_gap": -0.08054697893554491,
            "lr": 0.00013279331476533386,
            "time_seconds": 188.63981461524963
        },
        {
            "epoch": 6,
            "train_loss": 1.636162356991238,
            "train_acc": 0.4603474637619995,
            "val_loss": 1.3543152130126954,
            "val_acc": 0.5624,
            "train_val_gap": -0.10205253623800054,
            "lr": 0.0001593519777184006,
            "time_seconds": 188.6132688522339
        },
        {
            "epoch": 7,
            "train_loss": 1.5548391332202487,
            "train_acc": 0.49803443735155895,
            "val_loss": 1.3159763284683228,
            "val_acc": 0.5684,
            "train_val_gap": -0.07036556264844107,
            "lr": 0.0001859106406714674,
            "time_seconds": 188.6352665424347
        },
        {
            "epoch": 8,
            "train_loss": 1.521495502811008,
            "train_acc": 0.5122450957749105,
            "val_loss": 1.2887635599136353,
            "val_acc": 0.5918,
            "train_val_gap": -0.07955490422508948,
            "lr": 0.00021246930362453417,
            "time_seconds": 188.65212726593018
        },
        {
            "epoch": 9,
            "train_loss": 1.4650600888146295,