{
    "train_loss": [
        2.359229625913832,
        1.9496095266130236,
        1.8365994461695354,
        1.793141610039605,
        1.7665383684794107,
        1.7354441594017878,
        1.7052230524275038,
        1.6503353258768718,
        1.6241806457095675,
        1.5939088871002198,
        1.5789215457492405,
        1.5345277953041925,
        1.5112056701872083,
        1.4662196840498183,
        1.4515691357082792,
        1.440276616054111,
        1.3897300320943196,
        1.3685011380089653,
        1.3596835699293348,
        1.2894275935702855,
        1.3019248991648356,
        1.295561625120375,
        1.251555662812127,
        1.244324438179864,
        1.2130055785073175,
        1.1970106316566467,
        1.2221053429285684,
        1.1654824476559957,
        1.1649630104700723,
        1.1238425237867566,
        1.1432899745941163
    ],
    "train_acc": [
        0.09973333333333333,
        0.3328444060249748,
        0.3954245712509821,
        0.41804597581597774,
        0.4319746742173827,
        0.45077064669791267,
        0.46259320734902754,
        0.4936164608582526,
        0.5071959153735126,
        0.5229839076021471,
        0.5328406211745996,
        0.5546295758166494,
        0.5704170415942462,
        0.5908740905036557,
        0.5998782773548615,
        0.6080995961519656,
        0.6326490944567674,
        0.6436330811639042,
        0.6499500784390729,
        0.6812325436963624,
        0.6768828339097838,
        0.6828730673687232,
        0.7030209686258697,
        0.7073834902269062,
        0.7231490809212812,
        0.7296818664640786,
        0.7196530895342284,
        0.7458418606124351,
        0.7471236321656883,
        0.7659413697614024,
        0.7606774989161283
    ],
    "val_loss": [
        2.3618648567199707,
        1.7094529182434082,
        1.652355030632019,
        1.646064615058899,
        1.571206890296936,
        1.5633123266220093,
        1.5273398393630981,
        1.4698527887344361,
        1.468896258544922,
        1.4048735773086547,
        1.3970378366470337,
        1.3649486400604247,
        1.3825869583129884,
        1.3518233749389648,
        1.3485233402252197,
        1.3409011161804198,
        1.3375421298980712,
        1.3236610065460206,
        1.3241587545394897,
        1.3290218671798706,
        1.3212017940521241,
        1.3629872947692871,
        1.3412394493103028,
        1.3484373476028442,
        1.3901048986434936,
        1.3719917966842652,
        1.377120151901245,
        1.358291521835327,
        1.396388024711609,
        1.3993782623291016,
        1.3443258392333985
    ],
    "val_acc": [
        0.1024,
        0.4458,
        0.48,
        0.4684,
        0.5098,
        0.5174,
        0.53,
        0.562,
        0.5654,
        0.5952,
        0.5954,
        0.6072,
        0.6,
        0.6232,
        0.6246,
        0.625,
        0.6278,
        0.6354,
        0.6342,
        0.6422,
        0.6482,
        0.628,
        0.636,
        0.6374,
        0.6396,
        0.6372,
        0.6418,
        0.6422,
        0.6306,
        0.6362,
        0.6438
    ],
    "lr": [
        0.0002992174589961267,
        0.0005984349179922534,
        0.00089765237698838,
        0.0011968698359845068,
        0.0011966895985756692,
        0.0011961489949174312,
        0.0011952483506492222,
        0.0011939882082854726,
        0.0011923693268888222,
        0.0011903926816128904,
        0.0011880594631148802,
        0.0011853710768383698,
        0.0011823291421667274,
        0.0011789354914476533,
        0.0011751921688894441,
        0.0011711014293296373,
        0.001166665736876781,
        0.0011618877634261473,
        0.0011567703870502834,
        0.0011513166902653667,
        0.0011455299581744137,
        0.0011394136764884563,
        0.0011329715294268795,
        0.0011262073974981856,
        0.0011191253551625215,
        0.0011117296683773757,
        0.0011040247920279247,
        0.0010960153672435779,
        0.0010877062186023334,
        0.0010791023512246335,
        0.0010702089477584674
    ],
    "epoch_times": [
        11.017574787139893,
        10.226572275161743,
        10.409186363220215,
        10.397971153259277,
        10.176107168197632,
        10.447141885757446,
        10.71718168258667,
        10.476728916168213,
        10.760501146316528,
        10.877218246459961,
        11.165483951568604,
        10.95441198348999,
        10.905780553817749,
        11.000289678573608,
        10.845194578170776,
        10.967809438705444,
        11.014060258865356,
        11.034249544143677,
        10.71623158454895,
        10.973737716674805,
        10.929985046386719,
        10.893803358078003,
        10.977200031280518,
        10.85066556930542,
        11.179559230804443,
        11.003419160842896,
        10.963151216506958,
        10.631797552108765,
        11.160846471786499,
        10.984002590179443,
        10.81253719329834
    ],
    "detailed_epochs": [
        {
            "epoch": 1,
            "train_loss": 2.359229625913832,
            "train_acc": 0.09973333333333333,
            "val_loss": 2.3618648567199707,
            "val_acc": 0.1024,
            "train_val_gap": -0.0026666666666666783,
            "lr": 0.0002992174589961267,
            "time_seconds": 11.017574787139893
        },
        {
            "epoch": 2,
            "train_loss": 1.9496095266130236,
            "train_acc": 0.3328444060249748,
            "val_loss": 1.7094529182434082,
            "val_acc": 0.4458,
            "train_val_gap": -0.11295559397502519,
            "lr": 0.0005984349179922534,
            "time_seconds": 10.226572275161743
        },
        {
            "epoch": 3,
            "train_loss": 1.8365994461695354,
            "train_acc": 0.3954245712509821,
            "val_loss": 1.652355030632019,
            "val_acc": 0.48,
            "train_val_gap": -0.08457542874901786,
            "lr": 0.00089765237698838,
            "time_seconds": 10.409186363220215
        },
        {
            "epoch": 4,
            "train_loss": 1.793141610039605,
            "train_acc": 0.41804597581597774,
            "val_loss": 1.646064615058899,
            "val_acc": 0.4684,
            "train_val_gap": -0.05035402418402224,
            "lr": 0.0011968698359845068,
            "time_seconds": 10.397971153259277
        },
        {
            "epoch": 5,
            "train_loss": 1.7665383684794107,
            "train_acc": 0.4319746742173827,
            "val_loss": 1.571206890296936,
            "val_acc": 0.5098,
            "train_val_gap": -0.0778253257826173,
            "lr": 0.0011966895985756692,
            "time_seconds": 10.176107168197632
        },
        {
            "epoch": 6,
            "train_loss": 1.7354441594017878,
            "train_acc": 0.45077064669791267,
            "val_loss": 1.5633123266220093,
            "val_acc": 0.5174,
            "train_val_gap": -0.0666293533020873,
            "lr": 0.0011961489949174312,
            "time_seconds": 10.447141885757446
        },
        {
            "epoch": 7,
            "train_loss": 1.7052230524275038,
            "train_acc": 0.46259320734902754,
            "val_loss": 1.5273398393630981,
            "val_acc": 0.53,
            "train_val_gap": -0.06740679265097249,
            "lr": 0.0011952483506492222,
            "time_seconds": 10.71718168258667
        },
        {
            "epoch": 8,
            "train_loss": 1.6503353258768718,
            "train_acc": 0.4936164608582526,
            "val_loss": 1.4698527887344361,
            "val_acc": 0.562,
            "train_val_gap": -0.06838353914174744,
            "lr": 0.0011939882082854726,
            "time_seconds": 10.476728916168213
        },
        {
            "epoch": 9,
            "train_loss": 1.6241806457095675,
            "train_acc": 0.5071959153735126,