{
    "train_loss": [
        2.386535408782959,
        2.023755578994751,
        1.8996752359814113,
        1.807664858288235,
        1.7636638690948487,
        1.75048429268731,
        1.7002638086954753,
        1.6599156965043809,
        1.6385188094668919,
        1.6022824443393284,
        1.60355928279029,
        1.5734335930930243,
        1.5514927615801493,
        1.544414799118042,
        1.5180960804833306,
        1.5247920581817627,
        1.486278594271342,
        1.5033728045993382,
        1.471906479856703,
        1.46335158045027,
        1.464444713359409,
        1.4553836629655625,
        1.4370765276590982,
        1.4284914020114474,
        1.4079154916975234,
        1.4294989665137396,
        1.3890543309105767,
        1.39963957578871,
        1.3594327758789062,
        1.3841345031738281,
        1.3811340902858311
    ],
    "train_acc": [
        0.07417023929158842,
        0.2853674044422733,
        0.35996478329454734,
        0.4132998994998018,
        0.4355520989894278,
        0.44454538062516746,
        0.4686870300368342,
        0.4936452610046568,
        0.5058110553397391,
        0.522956231644132,
        0.5242116412747787,
        0.5409303774759651,
        0.5496899534859156,
        0.5546016303143444,
        0.5670723839058341,
        0.5664536935303401,
        0.5853360573573971,
        0.5758232066969874,
        0.5938035831827514,
        0.5959217590517595,
        0.5958515365678805,
        0.6021140290551776,
        0.6074864903093352,
        0.6149278682823803,
        0.6261402093329664,
        0.6154485347325925,
        0.6329674191389711,
        0.6296753198250282,
        0.6477592769431747,
        0.6384294866999447,
        0.6401457273768397
    ],
    "val_loss": [
        2.3857596248626707,
        1.7888407596588134,
        1.6500402696609497,
        1.566348963546753,
        1.5590474899291993,
        1.5724732437133788,
        1.4572450382232667,
        1.4088809747695923,
        1.3558593900680542,
        1.3706393621444701,
        1.3624537414550781,
        1.3403145582199096,
        1.3133073768615722,
        1.2768792873382568,
        1.2468349620819092,
        1.2782872219085692,
        1.2535472839355468,
        1.244389073562622,
        1.1982349577903748,
        1.2150089937210082,
        1.20158357257843,
        1.2345978048324584,
        1.176996307373047,
        1.17549557762146,
        1.211537294960022,
        1.176363911819458,
        1.1776933109283447,
        1.209626625442505,
        1.1921955604553223,
        1.1914267499923705,
        1.2495767112731933
    ],
    "val_acc": [
        0.0602,
        0.3814,
        0.4676,
        0.5164,
        0.5108,
        0.5068,
        0.56,
        0.583,
        0.6128,
        0.5992,
        0.6186,
        0.6228,
        0.621,
        0.6572,
        0.6656,
        0.6528,
        0.6632,
        0.6672,
        0.6906,
        0.6884,
        0.6894,
        0.6708,
        0.7002,
        0.6976,
        0.678,
        0.7014,
        0.695,
        0.6888,
        0.6998,
        0.6918,
        0.6742
    ],
    "lr": [
        0.00016364474934104763,
        0.00032728949868209527,
        0.0004909342480231429,
        0.0006545789973641905,
        0.0008182237467052381,
        0.000818114138943395,
        0.0008177853743892894,
        0.0008172376292057235,
        0.000816471196892483,
        0.0008154864881290716,
        0.0008142840305546537,
        0.0008128644684853302,
        0.0008112285625688912,
        0.0008093771893772369,
        0.0008073113409366809,
        0.0008050321241963914,
        0.0008025407604352504,
        0.000799838584607453,
        0.0007969270446271952,
        0.000793807700592834,
        0.0007904822239509361,
        0.0007869523966006617,
        0.0007832201099389647,
        0.0007792873638471208,
        0.0007751562656191249,
        0.0007708290288325349,
        0.0007663079721623637,
        0.0007615955181386577,
        0.0007566941918484264,
        0.0007516066195826167,
        0.0007463355274288622
    ],
    "epoch_times": [
        80.17924284934998,
        79.68092584609985,
        79.67421078681946,
        79.72462630271912,
        79.88091015815735,
        79.65826797485352,
        79.69819736480713,
        79.71230626106262,
        79.83136868476868,
        79.64803051948547,
        79.746835231781,
        79.65887308120728,
        79.66224312782288,
        79.61062145233154,
        79.64918732643127,
        79.63296699523926,
        79.62894630432129,
        79.70622563362122,
        79.75435662269592,
        79.76945734024048,
        79.68861317634583,
        79.6190927028656,
        79.59419083595276,
        79.66465401649475,
        79.67569828033447,
        79.61451172828674,
        79.68503403663635,
        79.66654896736145,
        79.7839663028717,
        79.70009446144104,
        79.66554713249207
    ],
    "detailed_epochs": [
        {
            "epoch": 1,
            "train_loss": 2.386535408782959,
            "train_acc": 0.07417023929158842,
            "val_loss": 2.3857596248626707,
            "val_acc": 0.0602,
            "train_val_gap": 0.013970239291588422,
            "lr": 0.00016364474934104763,
            "time_seconds": 80.17924284934998
        },
        {
            "epoch": 2,
            "train_loss": 2.023755578994751,
            "train_acc": 0.2853674044422733,
            "val_loss": 1.7888407596588134,
            "val_acc": 0.3814,
            "train_val_gap": -0.0960325955577267,
            "lr": 0.00032728949868209527,
            "time_seconds": 79.68092584609985
        },
        {
            "epoch": 3,
            "train_loss": 1.8996752359814113,
            "train_acc": 0.35996478329454734,
            "val_loss": 1.6500402696609497,
            "val_acc": 0.4676,
            "train_val_gap": -0.10763521670545267,
            "lr": 0.0004909342480231429,
            "time_seconds": 79.67421078681946
        },
        {
            "epoch": 4,
            "train_loss": 1.807664858288235,
            "train_acc": 0.4132998994998018,
            "val_loss": 1.566348963546753,
            "val_acc": 0.5164,
            "train_val_gap": -0.10310010050019819,
            "lr": 0.0006545789973641905,
            "time_seconds": 79.72462630271912
        },
        {
            "epoch": 5,
            "train_loss": 1.7636638690948487,
            "train_acc": 0.4355520989894278,
            "val_loss": 1.5590474899291993,
            "val_acc": 0.5108,
            "train_val_gap": -0.07524790101057222,
            "lr": 0.0008182237467052381,
            "time_seconds": 79.88091015815735
        },
        {
            "epoch": 6,
            "train_loss": 1.75048429268731,
            "train_acc": 0.44454538062516746,
            "val_loss": 1.5724732437133788,
            "val_acc": 0.5068,
            "train_val_gap": -0.062254619374832565,
            "lr": 0.000818114138943395,
            "time_seconds": 79.65826797485352
        },
        {
            "epoch": 7,
            "train_loss": 1.7002638086954753,
            "train_acc": 0.4686870300368342,
            "val_loss": 1.4572450382232667,
            "val_acc": 0.56,
            "train_val_gap": -0.09131296996316585,
            "lr": 0.0008177853743892894,
            "time_seconds": 79.69819736480713
        },
        {
            "epoch": 8,
            "train_loss": 1.6599156965043809,
            "train_acc": 0.4936452610046568,
            "val_loss": 1.4088809747695923,
            "val_acc": 0.583,
            "train_val_gap": -0.08935473899534319,
            "lr": 0.0008172376292057235,
            "time_seconds": 79.71230626106262
        },
        {
            "epoch": 9,
            "train_loss": 1.6385188094668919,
            "train_acc": 0.5058110553397391,
            "val_loss": 1.3558593900680542,