{
    "train_loss": [
        2.3934227707333036,
        1.8616549617979261,
        1.6497735832214355,
        1.530958827082316,
        1.4565889638053047,
        1.3690457749260796,
        1.3080598005930584,
        1.2075162921481661,
        1.1516179635577732,
        1.077157745997111,
        1.0459496125221253,
        0.9817092833836873,
        0.9636555745018853,
        0.9611075225830078,
        0.8818501664691502,
        0.8068519142256843,
        0.7623130123509301,
        0.7764358486599392,
        0.731898200861613,
        0.7300742206573486,
        0.695609114074707,
        0.6602746194839477,
        0.6855097814348009,
        0.6935696301725176,
        0.656871382188797,
        0.6378985051949819,
        0.6641910148620606,
        0.5717785123825073,
        0.6119330258289973,
        0.5719033277140724,
        0.6229056595484416
    ],
    "train_acc": [
        0.09912509725668117,
        0.3327604578660317,
        0.41756778371440467,
        0.4657162096581963,
        0.49744489056877556,
        0.5328107570599643,
        0.5587702136906353,
        0.5986128132488191,
        0.6202129316347803,
        0.6512566654560313,
        0.6658701430961946,
        0.6896831236949621,
        0.7030820033885588,
        0.7040540596538611,
        0.7365558150161835,
        0.7613294785621183,
        0.7789904045976618,
        0.7767780155882748,
        0.7916404680418561,
        0.7947310841567942,
        0.8095848950662144,
        0.8213662279321455,
        0.8167055949601846,
        0.8129545163111002,
        0.8269055372057238,
        0.832546619171168,
        0.82376378104358,
        0.8535380387983457,
        0.8428611193104864,
        0.8541593843663514,
        0.8391042046577958
    ],
    "val_loss": [
        2.3920772525787353,
        1.56974380569458,
        1.415394398498535,
        1.294934846496582,
        1.1900466062545776,
        1.1371443384170532,
        1.056023021888733,
        1.0369500511169434,
        1.0238081174850464,
        0.9981638145446777,
        0.9446904932975769,
        0.9173495571136474,
        0.9376721925735474,
        0.9247577826499939,
        0.9300654789924622,
        0.9173403087615967,
        0.9488186137199401,
        0.931564306640625,
        0.9402892488479614,
        0.9791651445388794,
        0.9670777809143066,
        1.0074969394683837,
        0.979532088470459,
        1.0055507026672363,
        1.0406860174179078,
        1.0251286279678344,
        0.98859703540802,
        1.0633652355194092,
        0.990806291770935,
        1.0505633184432983,
        1.113286689567566
    ],
    "val_acc": [
        0.1048,
        0.4304,
        0.4906,
        0.5338,
        0.5742,
        0.5972,
        0.6258,
        0.6304,
        0.643,
        0.6538,
        0.6792,
        0.6886,
        0.6846,
        0.6852,
        0.7,
        0.6978,
        0.702,
        0.7024,
        0.705,
        0.7038,
        0.709,
        0.7012,
        0.7054,
        0.71,
        0.7172,
        0.7152,
        0.7122,
        0.7058,
        0.7112,
        0.7132,
        0.7052
    ],
    "lr": [
        4.2814175249553964e-05,
        8.562835049910793e-05,
        0.0001284425257486619,
        0.00017125670099821586,
        0.00021407087624776986,
        0.0002568850514973238,
        0.0002568133245323681,
        0.0002565982237473783,
        0.0002562399893825144,
        0.00025573902153990137,
        0.0002550958797367657,
        0.00025431128228052633,
        0.0002533861054665367,
        0.0002523213825993744,
        0.00025111830283877206,
        0.00024977820987147706,
        0.000248302600410525,
        0.00024669312252360176,
        0.0002449515737923622,
        0.00024307989930476046,
        0.0002410801894826345,
        0.00023895467774697173,
        0.00023670573802346198,
        0.00023433588209112544,
        0.0002318477567769755,
        0.00022924414099985036,
        0.00022652794266671484,
        0.00022370219542489902,
        0.00022077005527390087,
        0.00021773479704053695,
        0.00021459981072137835
    ],
    "epoch_times": [
        30.675618648529053,
        29.70458149909973,
        29.708183526992798,
        29.660877466201782,
        29.720879316329956,
        29.722883939743042,
        29.67921257019043,
        29.7347571849823,
        29.70411968231201,
        29.722707509994507,
        29.69495701789856,
        29.744759798049927,
        29.643357753753662,
        29.62659454345703,
        29.684839725494385,
        29.691974401474,
        29.65083599090576,
        29.703534603118896,
        29.711062908172607,
        29.68123507499695,
        29.636993408203125,
        29.734480142593384,
        29.66866946220398,
        29.635483503341675,
        29.63292169570923,
        29.739962339401245,
        29.663299083709717,
        29.702360153198242,
        29.727415561676025,
        29.69615864753723,
        29.6401789188385
    ],
    "detailed_epochs": [
        {
            "epoch": 1,
            "train_loss": 2.3934227707333036,
            "train_acc": 0.09912509725668117,
            "val_loss": 2.3920772525787353,
            "val_acc": 0.1048,
            "train_val_gap": -0.005674902743318833,
            "lr": 4.2814175249553964e-05,
            "time_seconds": 30.675618648529053
        },
        {
            "epoch": 2,
            "train_loss": 1.8616549617979261,
            "train_acc": 0.3327604578660317,
            "val_loss": 1.56974380569458,
            "val_acc": 0.4304,
            "train_val_gap": -0.0976395421339683,
            "lr": 8.562835049910793e-05,
            "time_seconds": 29.70458149909973
        },
        {
            "epoch": 3,
            "train_loss": 1.6497735832214355,
            "train_acc": 0.41756778371440467,
            "val_loss": 1.415394398498535,
            "val_acc": 0.4906,
            "train_val_gap": -0.07303221628559531,
            "lr": 0.0001284425257486619,
            "time_seconds": 29.708183526992798
        },
        {
            "epoch": 4,
            "train_loss": 1.530958827082316,
            "train_acc": 0.4657162096581963,
            "val_loss": 1.294934846496582,
            "val_acc": 0.5338,
            "train_val_gap": -0.06808379034180373,
            "lr": 0.00017125670099821586,
            "time_seconds": 29.660877466201782
        },
        {
            "epoch": 5,
            "train_loss": 1.4565889638053047,
            "train_acc": 0.49744489056877556,
            "val_loss": 1.1900466062545776,
            "val_acc": 0.5742,
            "train_val_gap": -0.07675510943122449,
            "lr": 0.00021407087624776986,
            "time_seconds": 29.720879316329956
        },
        {
            "epoch": 6,
            "train_loss": 1.3690457749260796,
            "train_acc": 0.5328107570599643,
            "val_loss": 1.1371443384170532,
            "val_acc": 0.5972,
            "train_val_gap": -0.06438924294003567,
            "lr": 0.0002568850514973238,
            "time_seconds": 29.722883939743042
        },
        {
            "epoch": 7,
            "train_loss": 1.3080598005930584,
            "train_acc": 0.5587702136906353,
            "val_loss": 1.056023021888733,
            "val_acc": 0.6258,
            "train_val_gap": -0.06702978630936474,
            "lr": 0.0002568133245323681,
            "time_seconds": 29.67921257019043
        },
        {
            "epoch": 8,
            "train_loss": 1.2075162921481661,
            "train_acc": 0.5986128132488191,
            "val_loss": 1.0369500511169434,
            "val_acc": 0.6304,
            "train_val_gap": -0.03178718675118086,
            "lr": 0.0002565982237473783,
            "time_seconds": 29.7347571849823
        },
        {
            "epoch": 9,
            "train_loss": 1.1516179635577732,
            "train_acc": 0.6202129316347803,