{
    "train_loss": [
        2.413385317399767,
        1.9699785439809163,
        1.842698053402371,
        1.7617805512958102,
        1.7172062287224663,
        1.6272378975126478,
        1.5757828643163045,
        1.4866001469930012,
        1.4045985623465644,
        1.3069036549038358,
        1.2157545026567247,
        1.141041199154324,
        1.1046871187422012,
        1.027644829919603,
        1.0058579269197252,
        0.83275033882459,
        0.8120121632999844,
        0.7660295069058736,
        0.6618736413743761,
        0.7352339492215051,
        0.6950309831778209,
        0.6389311258104112,
        0.6039318518744574,
        0.6430625773006016
    ],
    "train_acc": [
        0.08868219323909568,
        0.29264665758576636,
        0.3492523093727104,
        0.3847565203962997,
        0.4101621223601994,
        0.44740853715772183,
        0.4691391855177565,
        0.5072641255380093,
        0.5399528931388854,
        0.5853385739248828,
        0.62290059691663,
        0.6547725972723489,
        0.6759757406171107,
        0.7093152327308634,
        0.724663056947162,
        0.7897609000417996,
        0.8022746988342991,
        0.8233039261026531,
        0.8597761708644518,
        0.841439333411139,
        0.8555274373712763,
        0.8771767282053707,
        0.8875179436613533,
        0.8766909639760733
    ],
    "val_loss": [
        2.378525839614868,
        1.811031890487671,
        1.7117209106445312,
        1.6309794597625733,
        1.6035390298843384,
        1.5315179901123046,
        1.4681792045593263,
        1.460200163269043,
        1.3509903294563292,
        1.3519741394042968,
        1.3099548108100891,
        1.3030902714729309,
        1.2780588549613954,
        1.292270383453369,
        1.3325013336181641,
        1.3824577041625976,
        1.4127255729675292,
        1.4640826439857484,
        1.5048781745910644,
        1.4803914541244507,
        1.5505421207427978,
        1.5109300552368163,
        1.587961445903778,
        1.5883590383529662
    ],
    "val_acc": [
        0.0832,
        0.3692,
        0.4002,
        0.4356,
        0.4462,
        0.4732,
        0.5016,
        0.5004,
        0.5478,
        0.555,
        0.561,
        0.5698,
        0.5894,
        0.591,
        0.5918,
        0.5862,
        0.585,
        0.5846,
        0.5834,
        0.5882,
        0.588,
        0.581,
        0.5806,
        0.5874
    ],
    "lr": [
        9.317250660244128e-06,
        1.8634501320488257e-05,
        2.7951751980732383e-05,
        3.726900264097651e-05,
        4.658625330122065e-05,
        5.5903503961464767e-05,
        6.52207546217089e-05,
        6.521028914603713e-05,
        6.517889943628116e-05,
        6.51266056399076e-05,
        6.505344132165862e-05,
        6.495945344200855e-05,
        6.48447023270222e-05,
        6.470926162963471e-05,
        6.455321828237739e-05,
        6.437667244158016e-05,
        6.417973742308627e-05,
        6.396253962952059e-05,
        6.372521846915813e-05,
        6.346792626644502e-05,
        6.319082816422898e-05,
        6.289410201776267e-05,
        6.257793828054727e-05,
        6.224253988209007e-05
    ],
    "epoch_times": [
        7.897767066955566,
        7.446244716644287,
        7.442088842391968,
        7.490099191665649,
        7.486006259918213,
        7.423713445663452,
        7.432878732681274,
        7.471022844314575,
        7.444875478744507,
        7.486013889312744,
        7.425842523574829,
        7.49688982963562,
        7.496990919113159,
        7.468748569488525,
        7.408249855041504,
        7.43011736869812,
        7.478498458862305,
        7.543611764907837,
        7.407924175262451,
        7.505465745925903,
        7.513920783996582,
        7.533949375152588,
        7.430751323699951,
        7.3686957359313965
    ],
    "detailed_epochs": [
        {
            "epoch": 1,
            "train_loss": 2.413385317399767,
            "train_acc": 0.08868219323909568,
            "val_loss": 2.378525839614868,
            "val_acc": 0.0832,
            "train_val_gap": 0.005482193239095684,
            "lr": 9.317250660244128e-06,
            "time_seconds": 7.897767066955566
        },
        {
            "epoch": 2,
            "train_loss": 1.9699785439809163,
            "train_acc": 0.29264665758576636,
            "val_loss": 1.811031890487671,
            "val_acc": 0.3692,
            "train_val_gap": -0.07655334241423362,
            "lr": 1.8634501320488257e-05,
            "time_seconds": 7.446244716644287
        },
        {
            "epoch": 3,
            "train_loss": 1.842698053402371,
            "train_acc": 0.3492523093727104,
            "val_loss": 1.7117209106445312,
            "val_acc": 0.4002,
            "train_val_gap": -0.0509476906272896,
            "lr": 2.7951751980732383e-05,
            "time_seconds": 7.442088842391968
        },
        {
            "epoch": 4,
            "train_loss": 1.7617805512958102,
            "train_acc": 0.3847565203962997,
            "val_loss": 1.6309794597625733,
            "val_acc": 0.4356,
            "train_val_gap": -0.05084347960370028,
            "lr": 3.726900264097651e-05,
            "time_seconds": 7.490099191665649
        },
        {
            "epoch": 5,
            "train_loss": 1.7172062287224663,
            "train_acc": 0.4101621223601994,
            "val_loss": 1.6035390298843384,
            "val_acc": 0.4462,
            "train_val_gap": -0.0360378776398006,
            "lr": 4.658625330122065e-05,
            "time_seconds": 7.486006259918213
        },
        {
            "epoch": 6,
            "train_loss": 1.6272378975126478,
            "train_acc": 0.44740853715772183,
            "val_loss": 1.5315179901123046,
            "val_acc": 0.4732,
            "train_val_gap": -0.02579146284227818,
            "lr": 5.5903503961464767e-05,
            "time_seconds": 7.423713445663452
        },
        {
            "epoch": 7,
            "train_loss": 1.5757828643163045,
            "train_acc": 0.4691391855177565,
            "val_loss": 1.4681792045593263,
            "val_acc": 0.5016,
            "train_val_gap": -0.03246081448224353,
            "lr": 6.52207546217089e-05,
            "time_seconds": 7.432878732681274
        },
        {
            "epoch": 8,
            "train_loss": 1.4866001469930012,
            "train_acc": 0.5072641255380093,
            "val_loss": 1.460200163269043,
            "val_acc": 0.5004,
            "train_val_gap": 0.0068641255380093025,
            "lr": 6.521028914603713e-05,
            "time_seconds": 7.471022844314575
        },
        {
            "epoch": 9,
            "train_loss": 1.4045985623465644,
            "train_acc": 0.5399528931388854,
            "val_loss": 1.3509903294563292,
            "val_acc": 0.5478,
            "train_val_gap": -0.007847106861114561,
            "lr": 6.517889943628116e-05,
            "time_seconds": 7.444875478744507
        },
        {
            "epoch": 10,
            "train_loss": 1.3069036549038358,
            "train_acc": 0.5853385739248828,
            "val_loss": 1.3519741394042968,
            "val_acc": 0.555,
            "train_val_gap": 0.030338573924882706,
            "lr": 6.51266056399076e-05,
            "time_seconds": 7.486013889312744
        },
        {
            "epoch": 11,
            "train_loss": 1.2157545026567247,
            "train_acc": 0.62290059691663,
            "val_loss": 1.3099548108100891,
            "val_acc": 0.561,
            "train_val_gap": 0.06190059691662997,
            "lr": 6.505344132165862e-05,
            "time_seconds": 7.425842523574829
        },
        {
            "epoch": 12,
            "train_loss": 1.141041199154324,
            "train_acc": 0.6547725972723489,
            "val_loss": 1.3030902714729309,
            "val_acc": 0.5698,