{
    "train_loss": [
        2.373045968076918,
        2.035444657474094,
        1.7345981322182549,
        1.528755369228787,
        1.3829639604356554,
        1.2764451207054985,
        1.2401253425810073,
        1.1790752777523466,
        1.1377050535413955,
        1.090105109246572,
        1.0619529321140713,
        1.0477407332950168,
        1.0239904456032647,
        0.9785165051354302,
        0.9273969748391045,
        0.9258912338256836,
        0.8502392798317804,
        0.8805766406483121,
        0.8246507391399808,
        0.792204766676161,
        0.7763374345355564,
        0.7097652905040317,
        0.7211900444401635,
        0.7153816850476795
    ],
    "train_acc": [
        0.09991111111111112,
        0.25554617513120176,
        0.3927131797904338,
        0.4827123135636344,
        0.5412411305906635,
        0.5859521971604196,
        0.601992127287117,
        0.6296482812374808,
        0.6475967043974424,
        0.6638070685948813,
        0.6794564530458551,
        0.6873161497723352,
        0.6965074549167654,
        0.7152871925060941,
        0.7334568385973047,
        0.7367343518343976,
        0.7661932466902713,
        0.7592523956728727,
        0.7779713962005866,
        0.791789860640368,
        0.803758775501134,
        0.8259961738700938,
        0.8245047881041757,
        0.8272587599505944
    ],
    "val_loss": [
        2.374153733062744,
        1.803843173789978,
        1.4980489938735961,
        1.303690041923523,
        1.1943955627441407,
        1.120647593307495,
        1.0985977275848389,
        1.0705406185150146,
        1.0334132471084594,
        1.035894175720215,
        0.9980508822441101,
        0.9998454886436462,
        1.0013665588378906,
        0.9999075116157532,
        0.9925309818267822,
        1.0051734855651855,
        1.018772449684143,
        1.0213770325660705,
        1.0325932070732116,
        1.0390646797180176,
        1.0510398077964782,
        1.1199993013381957,
        1.1154702484130858,
        1.1080068000793457
    ],
    "val_acc": [
        0.1008,
        0.3506,
        0.4858,
        0.5504,
        0.5958,
        0.6252,
        0.6334,
        0.6424,
        0.6628,
        0.6598,
        0.6754,
        0.6764,
        0.6786,
        0.6778,
        0.6842,
        0.6764,
        0.6794,
        0.6806,
        0.6762,
        0.6828,
        0.6792,
        0.6754,
        0.68,
        0.6736
    ],
    "lr": [
        1.4984105560195267e-05,
        2.9968211120390533e-05,
        4.49523166805858e-05,
        4.494052948741425e-05,
        4.4905180271037496e-05,
        4.484630610790214e-05,
        4.47639687488753e-05,
        4.4658254554476556e-05,
        4.452927440429764e-05,
        4.437716358070509e-05,
        4.420208162694771e-05,
        4.400421217981775e-05,
        4.378376277704126e-05,
        4.354096463959966e-05,
        4.3276072429210874e-05,
        4.298936398122437e-05,
        4.268114001321023e-05,
        4.235172380954792e-05,
        4.200146088234567e-05,
        4.163071860904594e-05,
        4.123988584709724e-05,
        4.0829372526096354e-05,
        4.039960921782881e-05,
        3.9951046684658524e-05
    ],
    "epoch_times": [
        21.764804363250732,
        21.303256273269653,
        21.26625919342041,
        21.284417390823364,
        21.263134956359863,
        21.262691259384155,
        21.373832941055298,
        21.252984046936035,
        21.355096340179443,
        21.34516215324402,
        21.242618560791016,
        21.279356956481934,
        21.450079917907715,
        21.39905548095703,
        21.251129627227783,
        21.327255964279175,
        21.196356296539307,
        21.227357387542725,
        21.298075199127197,
        21.248337507247925,
        21.276575565338135,
        21.214922428131104,
        21.270140647888184,
        21.21071434020996
    ],
    "detailed_epochs": [
        {
            "epoch": 1,
            "train_loss": 2.373045968076918,
            "train_acc": 0.09991111111111112,
            "val_loss": 2.374153733062744,
            "val_acc": 0.1008,
            "train_val_gap": -0.0008888888888888835,
            "lr": 1.4984105560195267e-05,
            "time_seconds": 21.764804363250732
        },
        {
            "epoch": 2,
            "train_loss": 2.035444657474094,
            "train_acc": 0.25554617513120176,
            "val_loss": 1.803843173789978,
            "val_acc": 0.3506,
            "train_val_gap": -0.09505382486879826,
            "lr": 2.9968211120390533e-05,
            "time_seconds": 21.303256273269653
        },
        {
            "epoch": 3,
            "train_loss": 1.7345981322182549,
            "train_acc": 0.3927131797904338,
            "val_loss": 1.4980489938735961,
            "val_acc": 0.4858,
            "train_val_gap": -0.09308682020956621,
            "lr": 4.49523166805858e-05,
            "time_seconds": 21.26625919342041
        },
        {
            "epoch": 4,
            "train_loss": 1.528755369228787,
            "train_acc": 0.4827123135636344,
            "val_loss": 1.303690041923523,
            "val_acc": 0.5504,
            "train_val_gap": -0.06768768643636558,
            "lr": 4.494052948741425e-05,
            "time_seconds": 21.284417390823364
        },
        {
            "epoch": 5,
            "train_loss": 1.3829639604356554,
            "train_acc": 0.5412411305906635,
            "val_loss": 1.1943955627441407,
            "val_acc": 0.5958,
            "train_val_gap": -0.05455886940933652,
            "lr": 4.4905180271037496e-05,
            "time_seconds": 21.263134956359863
        },
        {
            "epoch": 6,
            "train_loss": 1.2764451207054985,
            "train_acc": 0.5859521971604196,
            "val_loss": 1.120647593307495,
            "val_acc": 0.6252,
            "train_val_gap": -0.039247802839580404,
            "lr": 4.484630610790214e-05,
            "time_seconds": 21.262691259384155
        },
        {
            "epoch": 7,
            "train_loss": 1.2401253425810073,
            "train_acc": 0.601992127287117,
            "val_loss": 1.0985977275848389,
            "val_acc": 0.6334,
            "train_val_gap": -0.03140787271288292,
            "lr": 4.47639687488753e-05,
            "time_seconds": 21.373832941055298
        },
        {
            "epoch": 8,
            "train_loss": 1.1790752777523466,
            "train_acc": 0.6296482812374808,
            "val_loss": 1.0705406185150146,
            "val_acc": 0.6424,
            "train_val_gap": -0.012751718762519126,
            "lr": 4.4658254554476556e-05,
            "time_seconds": 21.252984046936035
        },
        {
            "epoch": 9,
            "train_loss": 1.1377050535413955,
            "train_acc": 0.6475967043974424,
            "val_loss": 1.0334132471084594,
            "val_acc": 0.6628,
            "train_val_gap": -0.01520329560255751,
            "lr": 4.452927440429764e-05,
            "time_seconds": 21.355096340179443
        },
        {
            "epoch": 10,
            "train_loss": 1.090105109246572,
            "train_acc": 0.6638070685948813,
            "val_loss": 1.035894175720215,
            "val_acc": 0.6598,
            "train_val_gap": 0.004007068594881202,
            "lr": 4.437716358070509e-05,
            "time_seconds": 21.34516215324402
        },
        {
            "epoch": 11,
            "train_loss": 1.0619529321140713,
            "train_acc": 0.6794564530458551,
            "val_loss": 0.9980508822441101,
            "val_acc": 0.6754,
            "train_val_gap": 0.004056453045855113,
            "lr": 4.420208162694771e-05,
            "time_seconds": 21.242618560791016
        },
        {
            "epoch": 12,
            "train_loss": 1.0477407332950168,
            "train_acc": 0.6873161497723352,
            "val_loss": 0.9998454886436462,