{
    "train_loss": [
        2.332706552844577,
        1.7572960684670342,
        1.5269916670481365,
        1.4482567458894517,
        1.4016853568183052,
        1.3525696713765463,
        1.3092768676757813,
        1.2533356260087756,
        1.1798308094024659,
        1.1263725781546698,
        1.0819073377397326,
        1.0375456787003412,
        1.0010566823906368,
        0.9783923845503065,
        0.9187519131448534,
        0.8830117142571343,
        0.8491553001827664,
        0.8249402847501967,
        0.8114461609416538,
        0.7773335213131375,
        0.7608151451746623,
        0.7349243384043376,
        0.7223368090099759,
        0.7221716963873969,
        0.727842575263977,
        0.6868727611965604,
        0.7025512134234111
    ],
    "train_acc": [
        0.09928888888888888,
        0.38221453349093704,
        0.4838673933177658,
        0.5188212014153358,
        0.5373583922218476,
        0.5572589630557844,
        0.5814740243411965,
        0.6019228624652141,
        0.6318886381443675,
        0.6547147228324539,
        0.674404295857621,
        0.6955892399136967,
        0.7089840958468527,
        0.7215498193231352,
        0.7446333314169423,
        0.7594169525951582,
        0.7734065944025645,
        0.78424165339079,
        0.7903193494853696,
        0.8037252335393489,
        0.8124486128376415,
        0.8219973517239317,
        0.8266561375017496,
        0.8277360567288349,
        0.8280200700786924,
        0.8418003905515916,
        0.8381022131346242
    ],
    "val_loss": [
        2.331550136947632,
        1.5163135860443115,
        1.413774568939209,
        1.380434743309021,
        1.3744174520492554,
        1.3402722618103027,
        1.304918516254425,
        1.2809619577407836,
        1.2727012197494507,
        1.2969587515830994,
        1.246020301055908,
        1.2749476628303529,
        1.2606355525970458,
        1.2582862354278563,
        1.297854393196106,
        1.3067613353729248,
        1.3336941120147705,
        1.2836820600509644,
        1.2822116018295289,
        1.32901524810791,
        1.3687606530189513,
        1.3461236026763916,
        1.4052605038642882,
        1.3588317775726317,
        1.402736971473694,
        1.3960702184677125,
        1.438304638671875
    ],
    "val_acc": [
        0.1064,
        0.4822,
        0.5276,
        0.5484,
        0.5462,
        0.5492,
        0.5644,
        0.5854,
        0.5882,
        0.5832,
        0.5982,
        0.5914,
        0.6074,
        0.6082,
        0.5972,
        0.6038,
        0.6004,
        0.6018,
        0.61,
        0.6072,
        0.5954,
        0.6104,
        0.603,
        0.6054,
        0.5876,
        0.6002,
        0.5916
    ],
    "lr": [
        0.00032984211750344415,
        0.0006596842350068883,
        0.0009895263525103325,
        0.0013193684700137766,
        0.0016492105875172208,
        0.0016488848424006332,
        0.0016479078644100738,
        0.0016462804254198246,
        0.0016440038112094158,
        0.0016410798204477793,
        0.001637510763272186,
        0.0016332994594630925,
        0.0016284492362163355,
        0.0016229639255144381,
        0.001616847861099101,
        0.0016101058750472733,
        0.0016027432939535063,
        0.0015947659347216086,
        0.001586180099968924,
        0.0015769925730468658,
        0.0015672106126816414,
        0.0015568419472394013,
        0.0015458947686203398,
        0.001534377725786579,
        0.0015222999179289416,
        0.0015096708872780154,
        0.0014965006115651906
    ],
    "epoch_times": [
        17.10867691040039,
        18.787776470184326,
        18.000089406967163,
        16.617533206939697,
        16.318049907684326,
        16.812838315963745,
        16.584976196289062,
        16.811680555343628,
        16.452622413635254,
        16.682214975357056,
        16.385108470916748,
        16.73241877555847,
        16.431490182876587,
        16.659568309783936,
        16.736472129821777,
        16.444414615631104,
        16.6062228679657,
        16.05093002319336,
        16.480929613113403,
        16.56338596343994,
        16.657872200012207,
        16.420734643936157,
        16.546820163726807,
        16.516092777252197,
        16.324513912200928,
        16.489431381225586,
        16.73151659965515
    ],
    "detailed_epochs": [
        {
            "epoch": 1,
            "train_loss": 2.332706552844577,
            "train_acc": 0.09928888888888888,
            "val_loss": 2.331550136947632,
            "val_acc": 0.1064,
            "train_val_gap": -0.00711111111111111,
            "lr": 0.00032984211750344415,
            "time_seconds": 17.10867691040039
        },
        {
            "epoch": 2,
            "train_loss": 1.7572960684670342,
            "train_acc": 0.38221453349093704,
            "val_loss": 1.5163135860443115,
            "val_acc": 0.4822,
            "train_val_gap": -0.09998546650906298,
            "lr": 0.0006596842350068883,
            "time_seconds": 18.787776470184326
        },
        {
            "epoch": 3,
            "train_loss": 1.5269916670481365,
            "train_acc": 0.4838673933177658,
            "val_loss": 1.413774568939209,
            "val_acc": 0.5276,
            "train_val_gap": -0.043732606682234165,
            "lr": 0.0009895263525103325,
            "time_seconds": 18.000089406967163
        },
        {
            "epoch": 4,
            "train_loss": 1.4482567458894517,
            "train_acc": 0.5188212014153358,
            "val_loss": 1.380434743309021,
            "val_acc": 0.5484,
            "train_val_gap": -0.029578798584664168,
            "lr": 0.0013193684700137766,
            "time_seconds": 16.617533206939697
        },
        {
            "epoch": 5,
            "train_loss": 1.4016853568183052,
            "train_acc": 0.5373583922218476,
            "val_loss": 1.3744174520492554,
            "val_acc": 0.5462,
            "train_val_gap": -0.00884160777815246,
            "lr": 0.0016492105875172208,
            "time_seconds": 16.318049907684326
        },
        {
            "epoch": 6,
            "train_loss": 1.3525696713765463,
            "train_acc": 0.5572589630557844,
            "val_loss": 1.3402722618103027,
            "val_acc": 0.5492,
            "train_val_gap": 0.008058963055784352,
            "lr": 0.0016488848424006332,
            "time_seconds": 16.812838315963745
        },
        {
            "epoch": 7,
            "train_loss": 1.3092768676757813,
            "train_acc": 0.5814740243411965,
            "val_loss": 1.304918516254425,
            "val_acc": 0.5644,
            "train_val_gap": 0.017074024341196536,
            "lr": 0.0016479078644100738,
            "time_seconds": 16.584976196289062
        },
        {
            "epoch": 8,
            "train_loss": 1.2533356260087756,
            "train_acc": 0.6019228624652141,
            "val_loss": 1.2809619577407836,
            "val_acc": 0.5854,
            "train_val_gap": 0.01652286246521406,
            "lr": 0.0016462804254198246,
            "time_seconds": 16.811680555343628
        },
        {
            "epoch": 9,
            "train_loss": 1.1798308094024659,
            "train_acc": 0.6318886381443675,
            "val_loss": 1.2727012197494507,
            "val_acc": 0.5882,
            "train_val_gap": 0.04368863814436752,
            "lr": 0.0016440038112094158,
            "time_seconds": 16.452622413635254
        },
        {
            "epoch": 10,
            "train_loss": 1.1263725781546698,
            "train_acc": 0.6547147228324539,
            "val_loss": 1.2969587515830994,
            "val_acc": 0.5832,
            "train_val_gap": 0.07151472283245386,
            "lr": 0.0016410798204477793,
            "time_seconds": 16.682214975357056
        },
        {
            "epoch": 11,