{
    "train_loss": [
        2.3303145912594267,
        2.2661574882507325,
        2.109086691623264,
        1.985404424794515,
        1.8405321443345812,
        1.7210532668007745,
        1.6381439703411527,
        1.5365594765557182,
        1.5284799965116713,
        1.4707567101796468,
        1.4082303338368733,
        1.4157366150326198,
        1.3945069772720338,
        1.3296882038964166,
        1.279560775205824,
        1.303033028517829,
        1.2491659154891968,
        1.238743149609036,
        1.2065835497114394,
        1.1912070533116659,
        1.2023519435776604,
        1.146023945681254,
        1.1023545224931506,
        1.1504258833143446,
        1.1405722395367093,
        1.1115242483880785,
        1.1081770865122478,
        1.1430153522703383,
        1.1021333843019274,
        1.019795774353875,
        0.9889862128045824,
        1.0195714546839396,
        0.9681385859489441,
        0.9692622565057543
    ],
    "train_acc": [
        0.09991111111111112,
        0.15034957086362413,
        0.24199887919956273,
        0.30536219566052875,
        0.3785469117163151,
        0.4407909802093798,
        0.48408698011474116,
        0.5286483596483612,
        0.5372851993408446,
        0.5622578722731645,
        0.592654913199092,
        0.5940526558862582,
        0.6015140249614618,
        0.6316960722960447,
        0.6529814843123434,
        0.644507647585675,
        0.6666365225022156,
        0.6738312556066951,
        0.689776701121345,
        0.6961562683293008,
        0.6982398130389181,
        0.7160511781001228,
        0.7381656317462754,
        0.7201406470313261,
        0.7278501365018764,
        0.7386595118978732,
        0.7421302562340015,
        0.7293710419729446,
        0.7479368382652868,
        0.7833514344001817,
        0.795514852522007,
        0.7860333658572505,
        0.8056408690170149,
        0.8079098814830047
    ],
    "val_loss": [
        2.3332129638671875,
        2.1681889209747314,
        2.014121782684326,
        1.8277916709899902,
        1.6642276596069336,
        1.5423608322143554,
        1.4526909812927247,
        1.4053196146011353,
        1.3407645687103271,
        1.3217676698684693,
        1.272772762298584,
        1.2583465486526488,
        1.2410358289718628,
        1.2132706489562988,
        1.220472996902466,
        1.200100903892517,
        1.197417814064026,
        1.2104740623474122,
        1.1767709157943727,
        1.18941573677063,
        1.1761684595108033,
        1.1906323938369752,
        1.173347240447998,
        1.1951607622146607,
        1.1813004501342774,
        1.1902697422027588,
        1.19029647026062,
        1.1744020553588868,
        1.1876042793273927,
        1.1976430608749389,
        1.2083038639068604,
        1.212381217956543,
        1.2241306285858153,
        1.2140364431381225
    ],
    "val_acc": [
        0.1008,
        0.1956,
        0.2932,
        0.381,
        0.464,
        0.5074,
        0.5478,
        0.5692,
        0.6,
        0.6114,
        0.6262,
        0.6388,
        0.6424,
        0.6558,
        0.6546,
        0.6608,
        0.6624,
        0.6632,
        0.672,
        0.6718,
        0.6794,
        0.6742,
        0.6782,
        0.6704,
        0.6878,
        0.6764,
        0.6822,
        0.6852,
        0.685,
        0.688,
        0.6788,
        0.6784,
        0.6796,
        0.6834
    ],
    "lr": [
        7.846590685754725e-06,
        1.569318137150945e-05,
        2.3539772057264175e-05,
        3.13863627430189e-05,
        3.923295342877363e-05,
        4.707954411452835e-05,
        4.706889610158819e-05,
        4.70369616958414e-05,
        4.6983769787794205e-05,
        4.690936849924863e-05,
        4.6813825139767515e-05,
        4.66972261457807e-05,
        4.655967700238752e-05,
        4.640130214792621e-05,
        4.6222244861396735e-05,
        4.602266713283869e-05,
        4.580274951678176e-05,
        4.556269096890112e-05,
        4.530270866602567e-05,
        4.5023037809661915e-05,
        4.4723931413211185e-05,
        4.4405660073072826e-05,
        4.406851172384025e-05,
        4.371279137781151e-05,
        4.333882084904993e-05,
        4.2946938462244424e-05,
        4.2537498746633067e-05,
        4.2110872115266534e-05,
        4.1667444529901834e-05,
        4.120761715182936e-05,
        4.073180597894918e-05,
        4.0240441469424915e-05,
        3.973396815225566e-05,
        3.9212844225118256e-05
    ],
    "epoch_times": [
        24.45693612098694,
        24.11525058746338,
        24.09882950782776,
        24.16902470588684,
        24.13137125968933,
        24.149568557739258,
        24.156009197235107,
        24.17124843597412,
        24.09371328353882,
        24.163556337356567,
        24.13842272758484,
        24.14218282699585,
        24.164551258087158,
        24.085103750228882,
        24.133190631866455,
        24.123111248016357,
        24.099003553390503,
        24.144989013671875,
        24.134349584579468,
        24.14979910850525,
        24.115437030792236,
        24.187168836593628,
        24.088217973709106,
        24.162781953811646,
        24.09362030029297,
        24.17350459098816,
        24.123289823532104,
        24.154931783676147,
        24.111490726470947,
        24.120421409606934,
        24.179738998413086,
        24.088839292526245,
        24.13443374633789,
        24.163357257843018
    ],
    "detailed_epochs": [
        {
            "epoch": 1,
            "train_loss": 2.3303145912594267,
            "train_acc": 0.09991111111111112,
            "val_loss": 2.3332129638671875,
            "val_acc": 0.1008,
            "train_val_gap": -0.0008888888888888835,
            "lr": 7.846590685754725e-06,
            "time_seconds": 24.45693612098694
        },
        {
            "epoch": 2,
            "train_loss": 2.2661574882507325,
            "train_acc": 0.15034957086362413,
            "val_loss": 2.1681889209747314,
            "val_acc": 0.1956,
            "train_val_gap": -0.045250429136375864,
            "lr": 1.569318137150945e-05,
            "time_seconds": 24.11525058746338
        },
        {
            "epoch": 3,
            "train_loss": 2.109086691623264,
            "train_acc": 0.24199887919956273,
            "val_loss": 2.014121782684326,
            "val_acc": 0.2932,
            "train_val_gap": -0.05120112080043729,
            "lr": 2.3539772057264175e-05,
            "time_seconds": 24.09882950782776
        },
        {
            "epoch": 4,
            "train_loss": 1.985404424794515,
            "train_acc": 0.30536219566052875,
            "val_loss": 1.8277916709899902,
            "val_acc": 0.381,
            "train_val_gap": -0.07563780433947126,
            "lr": 3.13863627430189e-05,
            "time_seconds": 24.16902470588684
        },
        {
            "epoch": 5,
            "train_loss": 1.8405321443345812,
            "train_acc": 0.3785469117163151,
            "val_loss": 1.6642276596069336,
            "val_acc": 0.464,
            "train_val_gap": -0.08545308828368492,
            "lr": 3.923295342877363e-05,
            "time_seconds": 24.13137125968933
        },
        {
            "epoch": 6,
            "train_loss": 1.7210532668007745,
            "train_acc": 0.4407909802093798,
            "val_loss": 1.5423608322143554,
            "val_acc": 0.5074,
            "train_val_gap": -0.06660901979062017,
            "lr": 4.707954411452835e-05,
            "time_seconds": 24.149568557739258
        },
        {
            "epoch": 7,
            "train_loss": 1.6381439703411527,
            "train_acc": 0.48408698011474116,
            "val_loss": 1.4526909812927247,
            "val_acc": 0.5478,
            "train_val_gap": -0.06371301988525879,
            "lr": 4.706889610158819e-05,