{
    "train_loss": [
        2.339232778676351,
        1.901988824971517,
        1.5427276990042793,
        1.3473634469774034,
        1.2110202453189427,
        1.1082060099283855,
        1.07921188621521,
        1.0211022730721369,
        0.9710205997255114,
        0.9114592910024855,
        0.8849459426747428,
        0.8652722896999783,
        0.8372663277308147,
        0.7722161906348335,
        0.7153532119645013,
        0.7226170929802789,
        0.623650788280699,
        0.6670080056137508,
        0.6103734247048695,
        0.5810007391717699,
        0.5700542453712887,
        0.5151631882925828,
        0.5458896521833208,
        0.5417620932108826,
        0.534238225253423,
        0.5147629044161902,
        0.5217848465840021,
        0.4412009785347515,
        0.5096172927882936,
        0.5503595735311508,
        0.4683271212630802
    ],
    "train_acc": [
        0.09997777777777778,
        0.30846447784698994,
        0.46412137406024007,
        0.5403706372898293,
        0.593567903488639,
        0.6321132327486875,
        0.6476728243094213,
        0.6708001076087021,
        0.6936310158391499,
        0.71453167516747,
        0.7270913977962384,
        0.7388950379469386,
        0.7499599313415328,
        0.7719051906811518,
        0.7939005836327121,
        0.7947707164749263,
        0.828342330774598,
        0.8190816159389928,
        0.8368620084346013,
        0.8477141763390809,
        0.8542112191519189,
        0.8707923453046688,
        0.8645095685429863,
        0.8645524397776503,
        0.8684690636423329,
        0.8746264488515918,
        0.8731753970082731,
        0.8994225234507467,
        0.8777129631297587,
        0.8680949736376077,
        0.8902947865068559
    ],
    "val_loss": [
        2.344515509033203,
        1.5697768112182617,
        1.264872758102417,
        1.1000499483108521,
        1.0359735795974732,
        0.9928596074104309,
        0.971109560585022,
        0.9756408704757691,
        0.9361771829605102,
        0.945630861377716,
        0.9579340728759765,
        0.9601965068817139,
        0.9777634307861328,
        1.0066134038925172,
        1.0195578620910644,
        1.0085527208328247,
        1.0733389392852783,
        1.1146682308197022,
        1.0639659158706665,
        1.0949493076324464,
        1.0957354330062867,
        1.2401475566864013,
        1.1883096967697144,
        1.2076543830871582,
        1.2030891187667847,
        1.2593423517227174,
        1.2996388845443725,
        1.2842859052658082,
        1.2733247745513916,
        1.2945756372451782,
        1.3055331424713135
    ],
    "val_acc": [
        0.1002,
        0.443,
        0.5512,
        0.615,
        0.6312,
        0.6572,
        0.6582,
        0.6598,
        0.6772,
        0.6744,
        0.672,
        0.6692,
        0.671,
        0.6768,
        0.669,
        0.6762,
        0.6764,
        0.673,
        0.685,
        0.6842,
        0.6852,
        0.6712,
        0.6746,
        0.6752,
        0.6794,
        0.6784,
        0.6762,
        0.681,
        0.6844,
        0.682,
        0.6764
    ],
    "lr": [
        3.690474164665295e-05,
        7.38094832933059e-05,
        0.00011071422493995886,
        0.00011068802425419878,
        0.00011060944699864331,
        0.00011047856755498938,
        0.00011029550981449585,
        0.00011006044706070737,
        0.00010977360180542306,
        0.00010943524557806564,
        0.00010904569866864998,
        0.00010860532982459463,
        0.0001081145559016635,
        0.00010757384146936753,
        0.00010698369837120051,
        0.00010634468524012499,
        0.00010565740696976698,
        0.00010492251414182006,
        0.00010414070241020093,
        0.00010331271184253914,
        0.00010243932621962485,
        0.0001015213722934772,
        0.00010055971900473585,
        9.955527666011676e-05,
        9.850899607071041e-05,
        9.742186765193824e-05,
        9.62949204860197e-05,
        9.512922134783689e-05,
        9.392587369511889e-05,
        9.268601662390248e-05,
        9.14108237902568e-05
    ],
    "epoch_times": [
        18.548274040222168,
        18.262635707855225,
        18.405820846557617,
        18.917720079421997,
        18.447347402572632,
        18.582032203674316,
        18.801562547683716,
        18.673909664154053,
        19.085927963256836,
        18.572879314422607,
        18.82354164123535,
        18.872984886169434,
        18.484806299209595,
        18.720414638519287,
        18.672355890274048,
        18.52785348892212,
        18.669137954711914,
        18.388988971710205,
        18.49110722541809,
        18.473011016845703,
        18.509331464767456,
        18.750118017196655,
        18.64345622062683,
        18.612942695617676,
        18.42140221595764,
        18.135913133621216,
        18.635754346847534,
        18.295140504837036,
        18.408190727233887,
        18.09205985069275,
        18.554665088653564
    ],
    "detailed_epochs": [
        {
            "epoch": 1,
            "train_loss": 2.339232778676351,
            "train_acc": 0.09997777777777778,
            "val_loss": 2.344515509033203,
            "val_acc": 0.1002,
            "train_val_gap": -0.00022222222222222088,
            "lr": 3.690474164665295e-05,
            "time_seconds": 18.548274040222168
        },
        {
            "epoch": 2,
            "train_loss": 1.901988824971517,
            "train_acc": 0.30846447784698994,
            "val_loss": 1.5697768112182617,
            "val_acc": 0.443,
            "train_val_gap": -0.13453552215301007,
            "lr": 7.38094832933059e-05,
            "time_seconds": 18.262635707855225
        },
        {
            "epoch": 3,
            "train_loss": 1.5427276990042793,
            "train_acc": 0.46412137406024007,
            "val_loss": 1.264872758102417,
            "val_acc": 0.5512,
            "train_val_gap": -0.08707862593975996,
            "lr": 0.00011071422493995886,
            "time_seconds": 18.405820846557617
        },
        {
            "epoch": 4,
            "train_loss": 1.3473634469774034,
            "train_acc": 0.5403706372898293,
            "val_loss": 1.1000499483108521,
            "val_acc": 0.615,
            "train_val_gap": -0.07462936271017073,
            "lr": 0.00011068802425419878,
            "time_seconds": 18.917720079421997
        },
        {
            "epoch": 5,
            "train_loss": 1.2110202453189427,
            "train_acc": 0.593567903488639,
            "val_loss": 1.0359735795974732,
            "val_acc": 0.6312,
            "train_val_gap": -0.03763209651136101,
            "lr": 0.00011060944699864331,
            "time_seconds": 18.447347402572632
        },
        {
            "epoch": 6,
            "train_loss": 1.1082060099283855,
            "train_acc": 0.6321132327486875,
            "val_loss": 0.9928596074104309,
            "val_acc": 0.6572,
            "train_val_gap": -0.025086767251312536,
            "lr": 0.00011047856755498938,
            "time_seconds": 18.582032203674316
        },
        {
            "epoch": 7,
            "train_loss": 1.07921188621521,
            "train_acc": 0.6476728243094213,
            "val_loss": 0.971109560585022,
            "val_acc": 0.6582,
            "train_val_gap": -0.010527175690578705,
            "lr": 0.00011029550981449585,
            "time_seconds": 18.801562547683716
        },
        {
            "epoch": 8,
            "train_loss": 1.0211022730721369,
            "train_acc": 0.6708001076087021,
            "val_loss": 0.9756408704757691,
            "val_acc": 0.6598,
            "train_val_gap": 0.01100010760870207,
            "lr": 0.00011006044706070737,
            "time_seconds": 18.673909664154053
        },
        {
            "epoch": 9,
            "train_loss": 0.9710205997255114,