{
    "train_loss": [
        2.389761595747206,
        2.1271352167341444,
        2.0217491316689387,
        1.9543408318625557,
        1.8950931401994493,
        1.8312651175181072,
        1.8151194551255967,
        1.8148909931182862,
        1.7804015164905125,
        1.8139804388893974,
        1.8218072695414225,
        1.8490791077931723,
        1.88080652662913,
        1.8543532929738362,
        1.8459862114164565,
        1.8681925431145563,
        1.864705140686035,
        1.8471427234225803,
        1.8420854900783963,
        1.830179408984714,
        1.8641777887768216
    ],
    "train_acc": [
        0.07921694917702779,
        0.22392807382923965,
        0.2855713597826439,
        0.32910759886788027,
        0.3677232364858597,
        0.40594513009675864,
        0.4174077740352945,
        0.42114174921647907,
        0.43332277520210666,
        0.42123271232165727,
        0.4143061817620902,
        0.39853902840317385,
        0.3827234956594459,
        0.39197653515864583,
        0.3959949433455919,
        0.38722947785906603,
        0.38850514770469463,
        0.3956485997064759,
        0.4014734717024851,
        0.40842083331440315,
        0.3914126376802362
    ],
    "val_loss": [
        2.3852184997558594,
        1.9522465431213378,
        1.852572441482544,
        1.797612696838379,
        1.6707841800689698,
        1.591855447769165,
        1.6894001209259033,
        1.5958400922775269,
        1.6076703811645507,
        1.582711478614807,
        1.6454255653381347,
        1.719253765487671,
        1.6884511716842652,
        1.735062265586853,
        1.6876531692504884,
        1.694739947128296,
        1.6897731468200683,
        1.6517833822250365,
        1.7041762716293336,
        1.7069665185928344,
        1.6593556587219238
    ],
    "val_acc": [
        0.0602,
        0.3164,
        0.3664,
        0.3918,
        0.4626,
        0.4962,
        0.4858,
        0.4924,
        0.4934,
        0.5142,
        0.4832,
        0.445,
        0.4562,
        0.431,
        0.4566,
        0.46,
        0.4576,
        0.473,
        0.4408,
        0.4494,
        0.4742
    ],
    "lr": [
        0.0006129998791704476,
        0.0012259997583408953,
        0.0018389996375113428,
        0.0024519995166817905,
        0.0030649993958522383,
        0.0036779992750226856,
        0.004290999154193133,
        0.004290114771370359,
        0.004287462351993744,
        0.004283044082737349,
        0.0042768636060548735,
        0.004268926017176795,
        0.004259237859909814,
        0.004247807121242104,
        0.004234643224758769,
        0.004219757022872977,
        0.004203160787879147,
        0.004184868201835583,
        0.004164894345284882,
        0.00414325568482142,
        0.004119970059516179
    ],
    "epoch_times": [
        70.6227011680603,
        70.16830253601074,
        70.18848013877869,
        70.16441059112549,
        70.19295382499695,
        70.14709997177124,
        70.18460392951965,
        70.35570549964905,
        70.20500087738037,
        70.32765650749207,
        70.37224268913269,
        70.50375008583069,
        70.54231715202332,
        70.59431576728821,
        70.59016585350037,
        70.63680529594421,
        70.65019464492798,
        70.72561645507812,
        70.72742772102356,
        70.73004150390625,
        70.67909598350525
    ],
    "detailed_epochs": [
        {
            "epoch": 1,
            "train_loss": 2.389761595747206,
            "train_acc": 0.07921694917702779,
            "val_loss": 2.3852184997558594,
            "val_acc": 0.0602,
            "train_val_gap": 0.019016949177027793,
            "lr": 0.0006129998791704476,
            "time_seconds": 70.6227011680603
        },
        {
            "epoch": 2,
            "train_loss": 2.1271352167341444,
            "train_acc": 0.22392807382923965,
            "val_loss": 1.9522465431213378,
            "val_acc": 0.3164,
            "train_val_gap": -0.09247192617076036,
            "lr": 0.0012259997583408953,
            "time_seconds": 70.16830253601074
        },
        {
            "epoch": 3,
            "train_loss": 2.0217491316689387,
            "train_acc": 0.2855713597826439,
            "val_loss": 1.852572441482544,
            "val_acc": 0.3664,
            "train_val_gap": -0.08082864021735608,
            "lr": 0.0018389996375113428,
            "time_seconds": 70.18848013877869
        },
        {
            "epoch": 4,
            "train_loss": 1.9543408318625557,
            "train_acc": 0.32910759886788027,
            "val_loss": 1.797612696838379,
            "val_acc": 0.3918,
            "train_val_gap": -0.06269240113211971,
            "lr": 0.0024519995166817905,
            "time_seconds": 70.16441059112549
        },
        {
            "epoch": 5,
            "train_loss": 1.8950931401994493,
            "train_acc": 0.3677232364858597,
            "val_loss": 1.6707841800689698,
            "val_acc": 0.4626,
            "train_val_gap": -0.09487676351414032,
            "lr": 0.0030649993958522383,
            "time_seconds": 70.19295382499695
        },
        {
            "epoch": 6,
            "train_loss": 1.8312651175181072,
            "train_acc": 0.40594513009675864,
            "val_loss": 1.591855447769165,
            "val_acc": 0.4962,
            "train_val_gap": -0.09025486990324133,
            "lr": 0.0036779992750226856,
            "time_seconds": 70.14709997177124
        },
        {
            "epoch": 7,
            "train_loss": 1.8151194551255967,
            "train_acc": 0.4174077740352945,
            "val_loss": 1.6894001209259033,
            "val_acc": 0.4858,
            "train_val_gap": -0.06839222596470551,
            "lr": 0.004290999154193133,
            "time_seconds": 70.18460392951965
        },
        {
            "epoch": 8,
            "train_loss": 1.8148909931182862,
            "train_acc": 0.42114174921647907,
            "val_loss": 1.5958400922775269,
            "val_acc": 0.4924,
            "train_val_gap": -0.07125825078352094,
            "lr": 0.004290114771370359,
            "time_seconds": 70.35570549964905
        },
        {
            "epoch": 9,
            "train_loss": 1.7804015164905125,
            "train_acc": 0.43332277520210666,
            "val_loss": 1.6076703811645507,
            "val_acc": 0.4934,
            "train_val_gap": -0.06007722479789335,
            "lr": 0.004287462351993744,
            "time_seconds": 70.20500087738037
        },
        {
            "epoch": 10,
            "train_loss": 1.8139804388893974,
            "train_acc": 0.42123271232165727,
            "val_loss": 1.582711478614807,
            "val_acc": 0.5142,
            "train_val_gap": -0.09296728767834272,
            "lr": 0.004283044082737349,
            "time_seconds": 70.32765650749207
        },
        {
            "epoch": 11,
            "train_loss": 1.8218072695414225,
            "train_acc": 0.4143061817620902,
            "val_loss": 1.6454255653381347,
            "val_acc": 0.4832,
            "train_val_gap": -0.0688938182379098,
            "lr": 0.0042768636060548735,
            "time_seconds": 70.37224268913269
        },
        {
            "epoch": 12,
            "train_loss": 1.8490791077931723,
            "train_acc": 0.39853902840317385,
            "val_loss": 1.719253765487671,
            "val_acc": 0.445,
            "train_val_gap": -0.04646097159682616,
            "lr": 0.004268926017176795,
            "time_seconds": 70.50375008583069
        },
        {
            "epoch": 13,
            "train_loss": 1.88080652662913,
            "train_acc": 0.3827234956594459,
            "val_loss": 1.6884511716842652,
            "val_acc": 0.4562,
            "train_val_gap": -0.07347650434055408,
            "lr": 0.004259237859909814,